fault_sequence_id,base_sequence_id,split,frame_idx,hours_since_start,severity,sprites_target,sprites_placed,image_sha256,base_sha,base_pct,pct,confidence,quality_pass,bin,bin_label,score,z,threshold,flag,clean_pct,clean_flag,variant
c2c12_090325_exp1_F0005_Data__fault_contam,c2c12_090325_exp1_F0005_Data,tuning,469,39.0,24.749999999999954,0,0,82a82aea6afec694fd86851c3f34615e60499750dec9daffb3486d19b7a288ea,82a82aea6afec694fd86851c3f34615e60499750dec9daffb3486d19b7a288ea,13.17,13.17,0.803,True,0,0-20,0.266094,0.7772,0.307557,False,13.17,False,clean
c2c12_090325_exp1_F0005_Data__fault_contam,c2c12_090325_exp1_F0005_Data,tuning,493,41.0,56.41666666666662,0,0,a1b06548220cdfcf97bddbf83c3061e6e28bfca591a8c4445b30a51c5cee9539,a1b06548220cdfcf97bddbf83c3061e6e28bfca591a8c4445b30a51c5cee9539,14.39,14.39,0.764,True,0,0-20,0.213897,-0.459,0.307557,False,14.39,False,clean
c2c12_090325_exp1_F0005_Data__fault_contam,c2c12_090325_exp1_F0005_Data,tuning,517,43.0,88.08333333333329,0,0,048e210961fdc4eaa9370342094b3e0bb155093bb27af2e9e7060bf1e1e5ce9f,048e210961fdc4eaa9370342094b3e0bb155093bb27af2e9e7060bf1e1e5ce9f,15.64,15.65,0.784,True,0,0-20,0.231373,-0.0451,0.307557,False,15.65,False,clean
c2c12_090325_exp1_F0005_Data__fault_contam,c2c12_090325_exp1_F0005_Data,tuning,541,45.0,119.74999999999996,0,0,676cc1dfbdcbe1a85168086ec939e2b67f7272b8a968c4636089410298f4b9f5,676cc1dfbdcbe1a85168086ec939e2b67f7272b8a968c4636089410298f4b9f5,14.96,14.97,0.781,True,0,0-20,0.287688,1.2885,0.307557,False,14.97,False,clean
c2c12_090325_exp1_F0005_Data__fault_contam,c2c12_090325_exp1_F0005_Data,tuning,565,47.0,151.41666666666663,0,0,044cd40acff09fdc1ab11213e447e508411492249c2a268404ba8ba45367599e,044cd40acff09fdc1ab11213e447e508411492249c2a268404ba8ba45367599e,14.54,14.55,0.789,True,0,0-20,0.239183,0.1398,0.307557,False,14.55,False,clean
c2c12_090325_exp1_F0005_Data__fault_contam,c2c12_090325_exp1_F0005_Data,tuning,589,49.0,183.0833333333333,0,0,4660387dd48d4d68d03102d367d4c003bd334bc39b7ad34c1d0ae1802ee19332,4660387dd48d4d68d03102d367d4c003bd334bc39b7ad34c1d0ae1802ee19332,14.89,14.89,0.768,True,0,0-20,0.20537,-0.661,0.307557,False,14.89,False,clean
c2c12_090325_exp1_F0005_Data__fault_contam,c2c12_090325_exp1_F0005_Data,tuning,613,51.0,214.74999999999994,0,0,96a17325be918721ae1ba19c12bc75d83968ce0228f7c97fd4c0e0052e1c2f2e,96a17325be918721ae1ba19c12bc75d83968ce0228f7c97fd4c0e0052e1c2f2e,16.96,16.96,0.76,True,0,0-20,0.237943,0.1104,0.307557,False,16.96,False,clean
c2c12_090325_exp1_F0005_Data__fault_contam,c2c12_090325_exp1_F0005_Data,tuning,637,53.0,246.41666666666663,0,0,9698bc9f49becdc20ae7532f24a40e9aede8cc1b45287d4f70a15b7ec7ec4f40,9698bc9f49becdc20ae7532f24a40e9aede8cc1b45287d4f70a15b7ec7ec4f40,18.26,18.28,0.717,True,0,0-20,0.197734,-0.8418,0.307557,False,18.28,False,clean
c2c12_090325_exp1_F0005_Data__fault_contam,c2c12_090325_exp1_F0005_Data,tuning,661,55.0,278.0833333333333,0,0,84dfb13fbb954bab6ffd047f3104c815962f29d3cce239f1d4a166ce016363be,84dfb13fbb954bab6ffd047f3104c815962f29d3cce239f1d4a166ce016363be,19.66,19.68,0.69,True,0,0-20,0.18076,-1.2438,0.307557,False,19.68,False,clean
c2c12_090325_exp1_F0005_Data__fault_contam,c2c12_090325_exp1_F0005_Data,tuning,685,57.0,309.74999999999994,0,0,21d74877a4cf85cebadfc6bec9dbdeb842a37ec9577ad019bc05bc06ac7d6371,21d74877a4cf85cebadfc6bec9dbdeb842a37ec9577ad019bc05bc06ac7d6371,20.46,20.47,0.709,True,1,20-40,0.238052,-0.3786,0.328964,False,20.47,False,clean
c2c12_090325_exp1_F0005_Data__fault_contam,c2c12_090325_exp1_F0005_Data,tuning,709,59.0,341.41666666666663,0,0,787c34ad8e35f679d938f6156314a612a7c8b7d6ee1ea8149f4005238e2ef446,787c34ad8e35f679d938f6156314a612a7c8b7d6ee1ea8149f4005238e2ef446,20.65,20.65,0.701,True,1,20-40,0.206767,-1.1963,0.328964,False,20.65,False,clean
c2c12_090325_exp1_F0005_Data__fault_contam,c2c12_090325_exp1_F0005_Data,tuning,733,61.0,373.0833333333333,0,0,0e791484249f0848d2eea140bf9d5f0bb9bd6216007f3ece02f750d3da40ce85,0e791484249f0848d2eea140bf9d5f0bb9bd6216007f3ece02f750d3da40ce85,21.15,21.14,0.695,True,1,20-40,0.224,-0.7459,0.328964,False,21.14,False,clean
c2c12_090325_exp1_F0005_Data__fault_contam,c2c12_090325_exp1_F0005_Data,tuning,757,63.0,400.0,0,0,5175c70dfbef582f7f2d68064cf7189aff2a61b96419a468e5196a3d04471c30,5175c70dfbef582f7f2d68064cf7189aff2a61b96419a468e5196a3d04471c30,21.19,21.18,0.673,True,1,20-40,0.200827,-1.3516,0.328964,False,21.18,False,clean
c2c12_090325_exp1_F0005_Data__fault_contam,c2c12_090325_exp1_F0005_Data,tuning,781,65.0,400.0,0,0,8ac97dc9c4a903d695980fb7b8e2fec0c528581d261d9fb865068cdc5365b97b,8ac97dc9c4a903d695980fb7b8e2fec0c528581d261d9fb865068cdc5365b97b,22.1,22.11,0.67,True,1,20-40,0.220736,-0.8312,0.328964,False,22.11,False,clean
c2c12_090325_exp1_F0005_Data__fault_contam,c2c12_090325_exp1_F0005_Data,tuning,805,67.0,400.0,0,0,096ae4b32cef05c4bf7b7d9085aedc2ece6262e9e0cc7fa5319e6f9406b8fef9,096ae4b32cef05c4bf7b7d9085aedc2ece6262e9e0cc7fa5319e6f9406b8fef9,23.22,23.22,0.649,True,1,20-40,0.267489,0.3909,0.328964,False,23.22,False,clean
c2c12_090325_exp1_F0005_Data__fault_contam,c2c12_090325_exp1_F0005_Data,tuning,829,69.0,400.0,0,0,eab5edecdad38b3d0c35be50174d62346b61def8423f9222d775475c2548462c,eab5edecdad38b3d0c35be50174d62346b61def8423f9222d775475c2548462c,23.76,23.77,0.628,True,1,20-40,0.222997,-0.7721,0.328964,False,23.77,False,clean
c2c12_090325_exp1_F0005_Data__fault_contam,c2c12_090325_exp1_F0005_Data,tuning,853,71.0,400.0,0,0,0d675066bf53866d2ce4c767a9bfd30028920d32ea6fa99f90d091f4665a6570,0d675066bf53866d2ce4c767a9bfd30028920d32ea6fa99f90d091f4665a6570,25.21,25.21,0.618,True,1,20-40,0.219341,-0.8676,0.328964,False,25.21,False,clean
c2c12_090325_exp1_F0005_Data__fault_contam,c2c12_090325_exp1_F0005_Data,tuning,877,73.0,400.0,0,0,3dcfa05f14a5b1be23af3c14973c19d310ba755048e4383ca60ac4dbd67e3f48,3dcfa05f14a5b1be23af3c14973c19d310ba755048e4383ca60ac4dbd67e3f48,25.29,25.29,0.61,True,1,20-40,0.25605,0.0919,0.328964,False,25.29,False,clean
c2c12_090325_exp1_F0005_Data__fault_contam,c2c12_090325_exp1_F0005_Data,tuning,901,75.0,400.0,0,0,cb79d655f8357cae39bf7ffec9ff2aff8339eb257443fc663f71f1e5dddd8806,cb79d655f8357cae39bf7ffec9ff2aff8339eb257443fc663f71f1e5dddd8806,26.62,26.61,0.584,True,1,20-40,0.233286,-0.5031,0.328964,False,26.61,False,clean
c2c12_090325_exp1_F0005_Data__fault_contam,c2c12_090325_exp1_F0005_Data,tuning,925,77.0,400.0,0,0,999ab33ba31483ebefedb2e54813f2d02b4d30141fb8bc5c7acdefda3cddf399,999ab33ba31483ebefedb2e54813f2d02b4d30141fb8bc5c7acdefda3cddf399,26.95,26.96,0.584,True,1,20-40,0.219883,-0.8535,0.328964,False,26.96,False,clean
c2c12_090325_exp1_F0005_Data__fault_contam,c2c12_090325_exp1_F0005_Data,tuning,949,79.0,400.0,0,0,6c3ffaf236e3dc4911009d6dc4e236f0e35df6c7d6bc638c2c426c1454701073,6c3ffaf236e3dc4911009d6dc4e236f0e35df6c7d6bc638c2c426c1454701073,28.34,28.34,0.556,False,1,20-40,0.211676,-1.068,0.328964,False,28.34,False,clean
c2c12_090325_exp1_F0005_Data__fault_contam,c2c12_090325_exp1_F0005_Data,tuning,973,81.0,400.0,0,0,96b30d10b7c79b1d7a51faed20813b5817ec97dadec40a2126cfb3f0082dc14a,96b30d10b7c79b1d7a51faed20813b5817ec97dadec40a2126cfb3f0082dc14a,29.02,29.02,0.543,False,1,20-40,0.244663,-0.2057,0.328964,False,29.02,False,clean
c2c12_090325_exp1_F0005_Data__fault_contam,c2c12_090325_exp1_F0005_Data,tuning,997,83.0,400.0,0,0,7a7c43b1f98bf12042552568d58837ed50a84e34434df5db294f38dab18d719c,7a7c43b1f98bf12042552568d58837ed50a84e34434df5db294f38dab18d719c,29.9,29.9,0.545,False,1,20-40,0.207639,-1.1735,0.328964,False,29.9,False,clean
c2c12_090325_exp1_F0005_Data__fault_contam,c2c12_090325_exp1_F0005_Data,tuning,1021,85.0,400.0,0,0,3a77421bdbcdbde68ba95b8463a1bfdce0f38ca10ab1545bdb40467ab859c5ce,3a77421bdbcdbde68ba95b8463a1bfdce0f38ca10ab1545bdb40467ab859c5ce,31.06,31.07,0.512,False,1,20-40,0.257814,0.138,0.328964,False,31.07,False,clean
c2c12_090303_exp1_F0010_Data__fault_contam,c2c12_090303_exp1_F0010_Data,tuning,457,38.0,23.1666666666666,0,0,caec64b657dc168ea8b44cf8e59b437830b58797bcfb5bccc64eb17ad82ff9e4,caec64b657dc168ea8b44cf8e59b437830b58797bcfb5bccc64eb17ad82ff9e4,12.97,12.97,0.732,True,0,0-20,0.224137,-0.2165,0.307557,False,12.97,False,clean
c2c12_090303_exp1_F0010_Data__fault_contam,c2c12_090303_exp1_F0010_Data,tuning,481,40.0,54.833333333333265,0,0,4da6a71f4635f0f2affc0158ce2544f842805547ce80c7ce63c34af247eb036b,4da6a71f4635f0f2affc0158ce2544f842805547ce80c7ce63c34af247eb036b,13.53,13.53,0.712,True,0,0-20,0.207541,-0.6095,0.307557,False,13.53,False,clean
c2c12_090303_exp1_F0010_Data__fault_contam,c2c12_090303_exp1_F0010_Data,tuning,505,42.0,86.49999999999993,0,0,a602a023a54204ed48475964448b87b2c68707e87395ae4e4b3b85eaf0225258,a602a023a54204ed48475964448b87b2c68707e87395ae4e4b3b85eaf0225258,15.45,15.44,0.686,True,0,0-20,0.272809,0.9362,0.307557,False,15.44,False,clean
c2c12_090303_exp1_F0010_Data__fault_contam,c2c12_090303_exp1_F0010_Data,tuning,529,44.0,118.16666666666659,0,0,1f41a1a185c507f0c134658c679bc295993a5b0fe0710fa13c6352c8a46e0227,1f41a1a185c507f0c134658c679bc295993a5b0fe0710fa13c6352c8a46e0227,16.94,16.95,0.667,True,0,0-20,0.250597,0.4101,0.307557,False,16.95,False,clean
c2c12_090303_exp1_F0010_Data__fault_contam,c2c12_090303_exp1_F0010_Data,tuning,553,46.0,149.8333333333333,0,0,b37087690d62bf8ba7d8470f1404bd1c84b96d6d923f2824b2de9b08a2f271b5,b37087690d62bf8ba7d8470f1404bd1c84b96d6d923f2824b2de9b08a2f271b5,18.24,18.24,0.655,True,0,0-20,0.275496,0.9998,0.307557,False,18.24,False,clean
c2c12_090303_exp1_F0010_Data__fault_contam,c2c12_090303_exp1_F0010_Data,tuning,577,48.0,181.49999999999994,0,0,8fc6f6f1713864c5224e6ea319e6c6ffcd342bdfd2c2907538e31633df8777e0,8fc6f6f1713864c5224e6ea319e6c6ffcd342bdfd2c2907538e31633df8777e0,19.36,19.36,0.63,True,0,0-20,0.26599,0.7747,0.307557,False,19.36,False,clean
c2c12_090303_exp1_F0010_Data__fault_contam,c2c12_090303_exp1_F0010_Data,tuning,601,50.0,213.1666666666666,0,0,7fe9c76adf818c7e72db0efa72f3b86bc2d277fa6b36e88609fbee119dec9789,7fe9c76adf818c7e72db0efa72f3b86bc2d277fa6b36e88609fbee119dec9789,20.6,20.6,0.617,True,1,20-40,0.283277,0.8035,0.328964,False,20.6,False,clean
c2c12_090303_exp1_F0010_Data__fault_contam,c2c12_090303_exp1_F0010_Data,tuning,625,52.0,244.83333333333326,0,0,c252f8cb076cd9ba75ad4e5d3f440a93f2a2bc5be9d332cd1a1c3c9812c734dc,c252f8cb076cd9ba75ad4e5d3f440a93f2a2bc5be9d332cd1a1c3c9812c734dc,22.87,22.87,0.565,True,1,20-40,0.254294,0.046,0.328964,False,22.87,False,clean
c2c12_090303_exp1_F0010_Data__fault_contam,c2c12_090303_exp1_F0010_Data,tuning,649,54.0,276.49999999999994,0,0,3558761851138c8d88e6cb04bdf106218d0b5b0997e53942964fb8e2d7883c10,3558761851138c8d88e6cb04bdf106218d0b5b0997e53942964fb8e2d7883c10,24.52,24.52,0.538,True,1,20-40,0.357685,2.7484,0.328964,True,24.52,True,clean
c2c12_090303_exp1_F0010_Data__fault_contam,c2c12_090303_exp1_F0010_Data,tuning,673,56.0,308.16666666666663,0,0,845714308cd422a4aca3748df3f2babed4b323218fbb2bdf5fb2c448769653a1,845714308cd422a4aca3748df3f2babed4b323218fbb2bdf5fb2c448769653a1,26.5,26.5,0.503,True,1,20-40,0.271598,0.4983,0.328964,False,26.5,False,clean
c2c12_090303_exp1_F0010_Data__fault_contam,c2c12_090303_exp1_F0010_Data,tuning,697,58.0,339.83333333333326,0,0,2989525258a4ca4f6ab551e31f43b68a281b2e743a8b7b74665b0f76528acd27,2989525258a4ca4f6ab551e31f43b68a281b2e743a8b7b74665b0f76528acd27,29.73,29.74,0.475,True,1,20-40,0.329084,2.0009,0.328964,True,29.74,True,clean
c2c12_090303_exp1_F0010_Data__fault_contam,c2c12_090303_exp1_F0010_Data,tuning,721,60.0,371.49999999999994,0,0,fa1675fedbc2a2fb457675909108325dddd668ad75717af93f244ca8be4ae0d8,fa1675fedbc2a2fb457675909108325dddd668ad75717af93f244ca8be4ae0d8,30.74,30.74,0.474,True,1,20-40,0.249645,-0.0755,0.328964,False,30.74,False,clean
c2c12_090303_exp1_F0010_Data__fault_contam,c2c12_090303_exp1_F0010_Data,tuning,745,62.0,400.0,0,0,8418974b8d9bb505f0a821dd674f960c004d88d08f1584083c303d9bf6f56c3d,8418974b8d9bb505f0a821dd674f960c004d88d08f1584083c303d9bf6f56c3d,33.88,33.87,0.423,True,1,20-40,0.270084,0.4587,0.328964,False,33.87,False,clean
c2c12_090303_exp1_F0010_Data__fault_contam,c2c12_090303_exp1_F0010_Data,tuning,769,64.0,400.0,0,0,d7b8267b4ac983edbf8cdc31b0f7dd841c884bee991d1699922ae7c0a119b9cc,d7b8267b4ac983edbf8cdc31b0f7dd841c884bee991d1699922ae7c0a119b9cc,35.79,35.8,0.381,True,1,20-40,0.234941,-0.4599,0.328964,False,35.8,False,clean
c2c12_090303_exp1_F0010_Data__fault_contam,c2c12_090303_exp1_F0010_Data,tuning,793,66.0,400.0,0,0,3e1d94ce347722ea4bc78fc35d19bc99b9ebef82189f18bd1e49934269590318,3e1d94ce347722ea4bc78fc35d19bc99b9ebef82189f18bd1e49934269590318,38.74,38.74,0.294,True,1,20-40,0.299254,1.2212,0.328964,False,38.74,False,clean
c2c12_090303_exp1_F0010_Data__fault_contam,c2c12_090303_exp1_F0010_Data,tuning,817,68.0,400.0,0,0,ed094107718e14b70cf297af1552aabd6d09cf7de91c1957e098e7de36087853,ed094107718e14b70cf297af1552aabd6d09cf7de91c1957e098e7de36087853,40.86,40.87,0.278,True,2,40-100,0.306591,0.3291,0.427394,False,40.87,False,clean
c2c12_090303_exp1_F0010_Data__fault_contam,c2c12_090303_exp1_F0010_Data,tuning,841,70.0,400.0,0,0,b061b8edf732221d3f248a8f7e4d632c8e789cd6dc3ea5bc6c1965753f9a3337,b061b8edf732221d3f248a8f7e4d632c8e789cd6dc3ea5bc6c1965753f9a3337,43.32,43.33,0.252,True,2,40-100,0.267891,-0.278,0.427394,False,43.33,False,clean
c2c12_090303_exp1_F0010_Data__fault_contam,c2c12_090303_exp1_F0010_Data,tuning,865,72.0,400.0,0,0,5475aa15cc8fa1c3deece851dc84b7afb8c27471eaf0471e3228a75fb8d733bc,5475aa15cc8fa1c3deece851dc84b7afb8c27471eaf0471e3228a75fb8d733bc,43.71,43.72,0.205,True,2,40-100,0.236825,-0.7654,0.427394,False,43.72,False,clean
c2c12_090303_exp1_F0010_Data__fault_contam,c2c12_090303_exp1_F0010_Data,tuning,889,74.0,400.0,0,0,0673012a46c48337517fd58b3d8833fe5122286fadf16387aeb07fadbee31284,0673012a46c48337517fd58b3d8833fe5122286fadf16387aeb07fadbee31284,45.93,45.94,0.218,True,2,40-100,0.228661,-0.8934,0.427394,False,45.94,False,clean
c2c12_090303_exp1_F0010_Data__fault_contam,c2c12_090303_exp1_F0010_Data,tuning,913,76.0,400.0,0,0,920b8e0ae1de451ccbde9a3fefa6353eb7eeadb7a1df1c9af0be618661e3db03,920b8e0ae1de451ccbde9a3fefa6353eb7eeadb7a1df1c9af0be618661e3db03,48.02,48.02,0.217,True,2,40-100,0.256388,-0.4585,0.427394,False,48.02,False,clean
c2c12_090303_exp1_F0010_Data__fault_contam,c2c12_090303_exp1_F0010_Data,tuning,937,78.0,400.0,0,0,c88254584a7ee901cc7375dd50e2cc19ba02478faf5cb64534891a8232ae300e,c88254584a7ee901cc7375dd50e2cc19ba02478faf5cb64534891a8232ae300e,48.29,48.3,0.176,True,2,40-100,0.268997,-0.2607,0.427394,False,48.3,False,clean
c2c12_090303_exp1_F0010_Data__fault_contam,c2c12_090303_exp1_F0010_Data,tuning,961,80.0,400.0,0,0,cc3f1b22df4714eb5a1dbe3af1fe0be53a80e91432118a5d5f1e74ef8981711c,cc3f1b22df4714eb5a1dbe3af1fe0be53a80e91432118a5d5f1e74ef8981711c,49.96,49.96,0.169,True,2,40-100,0.287647,0.0319,0.427394,False,49.96,False,clean
c2c12_090303_exp1_F0010_Data__fault_contam,c2c12_090303_exp1_F0010_Data,tuning,985,82.0,400.0,0,0,07757a136ec10c59a2fe2f67e4bf068e8c1771dcf45d65f999d0b9bcaa90fa70,07757a136ec10c59a2fe2f67e4bf068e8c1771dcf45d65f999d0b9bcaa90fa70,49.91,49.9,0.179,True,2,40-100,0.238939,-0.7322,0.427394,False,49.9,False,clean
c2c12_090303_exp1_F0010_Data__fault_contam,c2c12_090303_exp1_F0010_Data,tuning,1009,84.0,400.0,0,0,3a625da1f2b771f1245adc584acd31546bdac5282a2d8142ece2c6e566ebf8f2,3a625da1f2b771f1245adc584acd31546bdac5282a2d8142ece2c6e566ebf8f2,50.85,50.84,0.176,True,2,40-100,0.228599,-0.8944,0.427394,False,50.84,False,clean
c2c12_090325_exp1_F0013_Data__fault_contam,c2c12_090325_exp1_F0013_Data,heldout,469,39.0,24.749999999999954,0,0,06e17a960e01e8ef75b3cf1e7be4ca28402037e7e946fad6333d93b3a4926777,06e17a960e01e8ef75b3cf1e7be4ca28402037e7e946fad6333d93b3a4926777,16.47,16.46,0.793,True,0,0-20,0.190702,-1.0083,0.307557,False,16.46,False,clean
c2c12_090325_exp1_F0013_Data__fault_contam,c2c12_090325_exp1_F0013_Data,heldout,493,41.0,56.41666666666662,0,0,b0e595bc8be8e4084aaa59cee0cd1c8e5bb2cd886fdbd6da5c6765d9ac8daff3,b0e595bc8be8e4084aaa59cee0cd1c8e5bb2cd886fdbd6da5c6765d9ac8daff3,17.89,17.89,0.795,True,0,0-20,0.222924,-0.2452,0.307557,False,17.89,False,clean
c2c12_090325_exp1_F0013_Data__fault_contam,c2c12_090325_exp1_F0013_Data,heldout,517,43.0,88.08333333333329,0,0,01d5f3bf838a6eadbfba459b18c1f7a92f60e5fab23b9b4832ac6937140601c5,01d5f3bf838a6eadbfba459b18c1f7a92f60e5fab23b9b4832ac6937140601c5,20.44,20.44,0.785,True,1,20-40,0.363026,2.888,0.328964,True,20.44,True,clean
c2c12_090325_exp1_F0013_Data__fault_contam,c2c12_090325_exp1_F0013_Data,heldout,541,45.0,119.74999999999996,0,0,0f19bf0572d6b4476a23afc7da30a61f2735e04595ad10dbdc7f649668c6374b,0f19bf0572d6b4476a23afc7da30a61f2735e04595ad10dbdc7f649668c6374b,21.08,21.08,0.745,True,1,20-40,0.260153,0.1991,0.328964,False,21.08,False,clean
c2c12_090325_exp1_F0013_Data__fault_contam,c2c12_090325_exp1_F0013_Data,heldout,565,47.0,151.41666666666663,0,0,1c4e3e1fa11e7ca6b846cef886809ec3cb8b896a0962a913173996fea761136f,1c4e3e1fa11e7ca6b846cef886809ec3cb8b896a0962a913173996fea761136f,23.12,23.12,0.735,True,1,20-40,0.278393,0.6759,0.328964,False,23.12,False,clean
c2c12_090325_exp1_F0013_Data__fault_contam,c2c12_090325_exp1_F0013_Data,heldout,589,49.0,183.0833333333333,0,0,8d6422ed36af472538b78710bb419861432a4dcab0685813b5ceb031f59ef266,8d6422ed36af472538b78710bb419861432a4dcab0685813b5ceb031f59ef266,24.38,24.39,0.739,True,1,20-40,0.248917,-0.0946,0.328964,False,24.39,False,clean
c2c12_090325_exp1_F0013_Data__fault_contam,c2c12_090325_exp1_F0013_Data,heldout,613,51.0,214.74999999999994,0,0,87deb0be57e488ccd38621cf2fdb632dbff5dea972821b49f241f29779eb406f,87deb0be57e488ccd38621cf2fdb632dbff5dea972821b49f241f29779eb406f,25.77,25.76,0.707,True,1,20-40,0.255944,0.0891,0.328964,False,25.76,False,clean
c2c12_090325_exp1_F0013_Data__fault_contam,c2c12_090325_exp1_F0013_Data,heldout,637,53.0,246.41666666666663,0,0,a8822b80a6105dab18113e649fe65bb432a36fe19bd09ddd9fc5ef49ce609254,a8822b80a6105dab18113e649fe65bb432a36fe19bd09ddd9fc5ef49ce609254,26.88,26.89,0.673,True,1,20-40,0.230878,-0.5661,0.328964,False,26.89,False,clean
c2c12_090325_exp1_F0013_Data__fault_contam,c2c12_090325_exp1_F0013_Data,heldout,661,55.0,278.0833333333333,0,0,721c83601f1b499b8f74b0fdb3611b1fe933128325ec6ffabd8870cd72758a06,721c83601f1b499b8f74b0fdb3611b1fe933128325ec6ffabd8870cd72758a06,28.62,28.61,0.669,True,1,20-40,0.231372,-0.5532,0.328964,False,28.61,False,clean
c2c12_090325_exp1_F0013_Data__fault_contam,c2c12_090325_exp1_F0013_Data,heldout,685,57.0,309.74999999999994,0,0,7ebeab3de0e28dd8b3a8521d0882d1a6310ad9b7dee39b95306169d3e996a305,7ebeab3de0e28dd8b3a8521d0882d1a6310ad9b7dee39b95306169d3e996a305,28.92,28.93,0.628,True,1,20-40,0.21949,-0.8637,0.328964,False,28.93,False,clean
c2c12_090325_exp1_F0013_Data__fault_contam,c2c12_090325_exp1_F0013_Data,heldout,709,59.0,341.41666666666663,0,0,a6114cff6c4c46e8dae894df0cf49c8d6ee00b9bbaefb788618568141d027a29,a6114cff6c4c46e8dae894df0cf49c8d6ee00b9bbaefb788618568141d027a29,30.48,30.48,0.648,True,1,20-40,0.259105,0.1717,0.328964,False,30.48,False,clean
c2c12_090325_exp1_F0013_Data__fault_contam,c2c12_090325_exp1_F0013_Data,heldout,733,61.0,373.0833333333333,0,0,3f16e16cb3d229204e6323e27d9a135be8f871acd64026990a1e7191e76ef623,3f16e16cb3d229204e6323e27d9a135be8f871acd64026990a1e7191e76ef623,30.66,30.67,0.634,True,1,20-40,0.277845,0.6616,0.328964,False,30.67,False,clean
c2c12_090325_exp1_F0013_Data__fault_contam,c2c12_090325_exp1_F0013_Data,heldout,757,63.0,400.0,0,0,ae08fdbdbe44a61673c16d61a2c74c4dbb6334e6a3800b59e24d61500931c1e6,ae08fdbdbe44a61673c16d61a2c74c4dbb6334e6a3800b59e24d61500931c1e6,31.39,31.37,0.613,True,1,20-40,0.225955,-0.6948,0.328964,False,31.37,False,clean
c2c12_090325_exp1_F0013_Data__fault_contam,c2c12_090325_exp1_F0013_Data,heldout,781,65.0,400.0,0,0,4e760d767da832b9947918ccdadd1a6464d2d54ab8d940a017737e7088fce701,4e760d767da832b9947918ccdadd1a6464d2d54ab8d940a017737e7088fce701,32.7,32.75,0.559,True,1,20-40,0.261548,0.2356,0.328964,False,32.75,False,clean
c2c12_090325_exp1_F0013_Data__fault_contam,c2c12_090325_exp1_F0013_Data,heldout,805,67.0,400.0,0,0,e6b52f269edb2df3fda4c9ccf31bea2fa0137688281c31b8aae9141c829b9c7c,e6b52f269edb2df3fda4c9ccf31bea2fa0137688281c31b8aae9141c829b9c7c,34.31,34.32,0.574,True,1,20-40,0.265293,0.3335,0.328964,False,34.32,False,clean
c2c12_090325_exp1_F0013_Data__fault_contam,c2c12_090325_exp1_F0013_Data,heldout,829,69.0,400.0,0,0,fc8ef7a1a5267d34b51f18c7d13f202614186f2cfbd9dd0efc47f42a2da0abe7,fc8ef7a1a5267d34b51f18c7d13f202614186f2cfbd9dd0efc47f42a2da0abe7,34.94,34.94,0.555,True,1,20-40,0.242333,-0.2667,0.328964,False,34.94,False,clean
c2c12_090325_exp1_F0013_Data__fault_contam,c2c12_090325_exp1_F0013_Data,heldout,853,71.0,400.0,0,0,9da4298bef962ed2b6f1a6e94461ae9d202d0012a2fcac6d33b59983adb839c2,9da4298bef962ed2b6f1a6e94461ae9d202d0012a2fcac6d33b59983adb839c2,37.58,37.58,0.536,True,1,20-40,0.271005,0.4828,0.328964,False,37.58,False,clean
c2c12_090325_exp1_F0013_Data__fault_contam,c2c12_090325_exp1_F0013_Data,heldout,877,73.0,400.0,0,0,a47070eab346008677f8a2e4d93cb58fe6c71566fac7834a5ea707e96cc2bc18,a47070eab346008677f8a2e4d93cb58fe6c71566fac7834a5ea707e96cc2bc18,38.05,38.05,0.513,True,1,20-40,0.23549,-0.4455,0.328964,False,38.05,False,clean
c2c12_090325_exp1_F0013_Data__fault_contam,c2c12_090325_exp1_F0013_Data,heldout,901,75.0,400.0,0,0,4748aa46694791b976f1c1be7b9bbb39eaf0f377a18856ef184cc51c558897a2,4748aa46694791b976f1c1be7b9bbb39eaf0f377a18856ef184cc51c558897a2,40.31,40.31,0.508,True,2,40-100,0.221651,-1.0034,0.427394,False,40.31,False,clean
c2c12_090325_exp1_F0013_Data__fault_contam,c2c12_090325_exp1_F0013_Data,heldout,925,77.0,400.0,0,0,e9aed6518d44a5f4d0833c9078430131f4d02c63c2eced3d54545aa3824120dc,e9aed6518d44a5f4d0833c9078430131f4d02c63c2eced3d54545aa3824120dc,41.31,41.32,0.465,True,2,40-100,0.237006,-0.7625,0.427394,False,41.32,False,clean
c2c12_090325_exp1_F0013_Data__fault_contam,c2c12_090325_exp1_F0013_Data,heldout,949,79.0,400.0,0,0,bce0cb2a824a41d45f40b15934d23dfd10f6cfd293f3c4d6d43a93a1ee6e04c5,bce0cb2a824a41d45f40b15934d23dfd10f6cfd293f3c4d6d43a93a1ee6e04c5,42.69,42.69,0.471,True,2,40-100,0.226405,-0.9288,0.427394,False,42.69,False,clean
c2c12_090325_exp1_F0013_Data__fault_contam,c2c12_090325_exp1_F0013_Data,heldout,973,81.0,400.0,0,0,51726e17ebc8b0dba82d5bb7ebbbc594de10fbc9b80be9cf700399fcb6dee650,51726e17ebc8b0dba82d5bb7ebbbc594de10fbc9b80be9cf700399fcb6dee650,41.87,41.9,0.401,True,2,40-100,0.249908,-0.5601,0.427394,False,41.9,False,clean
c2c12_090325_exp1_F0013_Data__fault_contam,c2c12_090325_exp1_F0013_Data,heldout,997,83.0,400.0,0,0,e0aa9525f199c45e29c3df15e107e2487be72635892771cd58ae8c043569ec3b,e0aa9525f199c45e29c3df15e107e2487be72635892771cd58ae8c043569ec3b,41.27,41.27,0.381,True,2,40-100,0.402544,1.8343,0.427394,False,41.27,False,clean
c2c12_090325_exp1_F0013_Data__fault_contam,c2c12_090325_exp1_F0013_Data,heldout,1021,85.0,400.0,0,0,ccef3f7ecf293c72698df1b2146a2ef3a43693e4ae630b0e8654d7650b666654,ccef3f7ecf293c72698df1b2146a2ef3a43693e4ae630b0e8654d7650b666654,42.1,42.08,0.371,True,2,40-100,0.344406,0.9223,0.427394,False,42.08,False,clean
c2c12_090318_exp1_F0005_Data__fault_contam,c2c12_090318_exp1_F0005_Data,heldout,481,40.0,26.33333333333331,0,0,e48b3d9d0e08c46fda516219e32ea634431c211c03213bcc03810b1414aaf002,e48b3d9d0e08c46fda516219e32ea634431c211c03213bcc03810b1414aaf002,9.8,9.8,0.851,True,0,0-20,0.244181,0.2582,0.307557,False,9.8,False,clean
c2c12_090318_exp1_F0005_Data__fault_contam,c2c12_090318_exp1_F0005_Data,heldout,505,42.0,57.99999999999998,0,0,c4e154db3077700b41298c9d653558930ba4783369de7b1d892c12ff9ac4bb9a,c4e154db3077700b41298c9d653558930ba4783369de7b1d892c12ff9ac4bb9a,10.12,10.12,0.852,True,0,0-20,0.348942,2.7392,0.307557,True,10.12,True,clean
c2c12_090318_exp1_F0005_Data__fault_contam,c2c12_090318_exp1_F0005_Data,heldout,529,44.0,89.66666666666664,0,0,27f9dc4f24b58f846e2c95e89a9e3dfc2c6d1b270341219e97d1eb4310116945,27f9dc4f24b58f846e2c95e89a9e3dfc2c6d1b270341219e97d1eb4310116945,11.42,11.42,0.841,True,0,0-20,0.263359,0.7124,0.307557,False,11.42,False,clean
c2c12_090318_exp1_F0005_Data__fault_contam,c2c12_090318_exp1_F0005_Data,heldout,553,46.0,121.33333333333331,0,0,151c07cada53e303d38c4945e7a37a039e55c3c5cb9cb0c585f706ae953b867c,151c07cada53e303d38c4945e7a37a039e55c3c5cb9cb0c585f706ae953b867c,10.88,10.89,0.806,True,0,0-20,0.241283,0.1896,0.307557,False,10.89,False,clean
c2c12_090318_exp1_F0005_Data__fault_contam,c2c12_090318_exp1_F0005_Data,heldout,577,48.0,152.99999999999997,0,0,6cb35197810243a2105fcc26aaf8befbca8099808294934eac7593f0909f55d6,6cb35197810243a2105fcc26aaf8befbca8099808294934eac7593f0909f55d6,12.78,12.76,0.797,True,0,0-20,0.247453,0.3357,0.307557,False,12.76,False,clean
c2c12_090318_exp1_F0005_Data__fault_contam,c2c12_090318_exp1_F0005_Data,heldout,601,50.0,184.66666666666666,0,0,94e1ac720e2c560f7c06b9aff3daa6f99020de264d7e9173cf23f91d06072385,94e1ac720e2c560f7c06b9aff3daa6f99020de264d7e9173cf23f91d06072385,14.05,14.04,0.776,True,0,0-20,0.211866,-0.5071,0.307557,False,14.04,False,clean
c2c12_090318_exp1_F0005_Data__fault_contam,c2c12_090318_exp1_F0005_Data,heldout,625,52.0,216.33333333333331,0,0,841ad6db1e7581b322b6048c98fa76cc17d5ffd17b130954e7408aebd2425e7a,841ad6db1e7581b322b6048c98fa76cc17d5ffd17b130954e7408aebd2425e7a,13.98,13.98,0.786,True,0,0-20,0.268719,0.8393,0.307557,False,13.98,False,clean
c2c12_090318_exp1_F0005_Data__fault_contam,c2c12_090318_exp1_F0005_Data,heldout,649,54.0,248.0,0,0,032fcaa64c8673dd5d2f6d27c4eb3611736164fe35d61b9a461089c80dbc9983,032fcaa64c8673dd5d2f6d27c4eb3611736164fe35d61b9a461089c80dbc9983,14.89,14.9,0.763,True,0,0-20,0.266608,0.7893,0.307557,False,14.9,False,clean
c2c12_090318_exp1_F0005_Data__fault_contam,c2c12_090318_exp1_F0005_Data,heldout,673,56.0,279.66666666666663,0,0,671c7d7523ed3a96e64c5ad8214825a8e1ab951cd21ca490af14059b6f3ffd40,671c7d7523ed3a96e64c5ad8214825a8e1ab951cd21ca490af14059b6f3ffd40,15.42,15.42,0.693,True,0,0-20,0.246009,0.3015,0.307557,False,15.42,False,clean
c2c12_090318_exp1_F0005_Data__fault_contam,c2c12_090318_exp1_F0005_Data,heldout,697,58.0,311.3333333333333,0,0,85469a709430abc82a4bc14a86ee2cb6235e1f41ec345357416f3acd16c47089,85469a709430abc82a4bc14a86ee2cb6235e1f41ec345357416f3acd16c47089,14.43,14.45,0.702,True,0,0-20,0.268928,0.8443,0.307557,False,14.45,False,clean
c2c12_090318_exp1_F0005_Data__fault_contam,c2c12_090318_exp1_F0005_Data,heldout,721,60.0,343.0,0,0,2d645dc0b317f31c46eca10ee7aeb144de2b2e429938e3114eae10440c369eaa,2d645dc0b317f31c46eca10ee7aeb144de2b2e429938e3114eae10440c369eaa,15.74,15.75,0.74,True,0,0-20,0.210125,-0.5483,0.307557,False,15.75,False,clean
c2c12_090318_exp1_F0005_Data__fault_contam,c2c12_090318_exp1_F0005_Data,heldout,745,62.0,374.66666666666663,0,0,955a6d1d3017b14540f41edd5dcc94f3fccf20a4c8c0edb0e4a039571e3f211d,955a6d1d3017b14540f41edd5dcc94f3fccf20a4c8c0edb0e4a039571e3f211d,15.92,15.93,0.717,False,0,0-20,0.22445,-0.2091,0.307557,False,15.93,False,clean
c2c12_090318_exp1_F0005_Data__fault_contam,c2c12_090318_exp1_F0005_Data,heldout,769,64.0,400.0,0,0,7fd4f1359b43558676cb7c1491121cddb3b2be267c97e6f88f625dfe0502c9c0,7fd4f1359b43558676cb7c1491121cddb3b2be267c97e6f88f625dfe0502c9c0,15.98,15.98,0.706,False,0,0-20,0.226912,-0.1508,0.307557,False,15.98,False,clean
c2c12_090318_exp1_F0005_Data__fault_contam,c2c12_090318_exp1_F0005_Data,heldout,793,66.0,400.0,0,0,caf882c6bdcd9bd68b8d139816fe23346edbeb9acd885c5f9d0d03e3be656692,caf882c6bdcd9bd68b8d139816fe23346edbeb9acd885c5f9d0d03e3be656692,16.9,16.91,0.706,False,0,0-20,0.237451,0.0988,0.307557,False,16.91,False,clean
c2c12_090318_exp1_F0005_Data__fault_contam,c2c12_090318_exp1_F0005_Data,heldout,817,68.0,400.0,0,0,2c462f6d3b4156f5b7efe6677d75a50b9c874ecfee523e22e573d3ab7988d6f2,2c462f6d3b4156f5b7efe6677d75a50b9c874ecfee523e22e573d3ab7988d6f2,17.69,17.69,0.679,False,0,0-20,0.230529,-0.0651,0.307557,False,17.69,False,clean
c2c12_090318_exp1_F0005_Data__fault_contam,c2c12_090318_exp1_F0005_Data,heldout,841,70.0,400.0,0,0,985fdeb94792488a2750a267e5839ecde86950cae428aabcc1517b01757665ce,985fdeb94792488a2750a267e5839ecde86950cae428aabcc1517b01757665ce,18.14,18.14,0.689,False,0,0-20,0.211901,-0.5063,0.307557,False,18.14,False,clean
c2c12_090318_exp1_F0005_Data__fault_contam,c2c12_090318_exp1_F0005_Data,heldout,865,72.0,400.0,0,0,fb02d2c75d868bcebcc6e4c8d5d0480ad85dd4ee61e32cafc4a19be282dd18dd,fb02d2c75d868bcebcc6e4c8d5d0480ad85dd4ee61e32cafc4a19be282dd18dd,18.47,18.47,0.677,False,0,0-20,0.2414,0.1923,0.307557,False,18.47,False,clean
c2c12_090318_exp1_F0005_Data__fault_contam,c2c12_090318_exp1_F0005_Data,heldout,889,74.0,400.0,0,0,a701847d5b9a3d9f8358a1888c9fb67fa329b665767abdc85e4ee35df6171953,a701847d5b9a3d9f8358a1888c9fb67fa329b665767abdc85e4ee35df6171953,19.26,19.26,0.672,False,0,0-20,0.207267,-0.616,0.307557,False,19.26,False,clean
c2c12_090318_exp1_F0005_Data__fault_contam,c2c12_090318_exp1_F0005_Data,heldout,913,76.0,400.0,0,0,d110aed0b0010316a386981d07179d2d8a2ebdc32d610a6176dc951bb6845684,d110aed0b0010316a386981d07179d2d8a2ebdc32d610a6176dc951bb6845684,19.24,19.25,0.665,False,0,0-20,0.290158,1.347,0.307557,False,19.25,False,clean
c2c12_090318_exp1_F0005_Data__fault_contam,c2c12_090318_exp1_F0005_Data,heldout,937,78.0,400.0,0,0,1a1024b4fb0d95de600c7b862504b2ebeb8bbb12a0683840b19b8a1b71f9727c,1a1024b4fb0d95de600c7b862504b2ebeb8bbb12a0683840b19b8a1b71f9727c,20.25,20.25,0.649,False,1,20-40,0.218397,-0.8923,0.328964,False,20.25,False,clean
c2c12_090318_exp1_F0005_Data__fault_contam,c2c12_090318_exp1_F0005_Data,heldout,961,80.0,400.0,0,0,8b8c7abdf0c5c5dde69a8e1b332ea97ae36801013d3d9f805ada9e12510e4164,8b8c7abdf0c5c5dde69a8e1b332ea97ae36801013d3d9f805ada9e12510e4164,20.28,20.29,0.622,False,1,20-40,0.204452,-1.2568,0.328964,False,20.29,False,clean
c2c12_090318_exp1_F0005_Data__fault_contam,c2c12_090318_exp1_F0005_Data,heldout,985,82.0,400.0,0,0,4025929b4d0d2bb978ee2bff512b8d8d8ba0944636f7a28c1bbe667295fcbbc8,4025929b4d0d2bb978ee2bff512b8d8d8ba0944636f7a28c1bbe667295fcbbc8,21.26,21.27,0.63,False,1,20-40,0.217552,-0.9144,0.328964,False,21.27,False,clean
c2c12_090318_exp1_F0005_Data__fault_contam,c2c12_090318_exp1_F0005_Data,heldout,1009,84.0,400.0,0,0,87c0787b160647987e04a4c177e3fc4b60e8afe28f1461d6e77b919e1677c246,87c0787b160647987e04a4c177e3fc4b60e8afe28f1461d6e77b919e1677c246,22.39,22.4,0.612,False,1,20-40,0.228522,-0.6277,0.328964,False,22.4,False,clean
c2c12_090318_exp1_F0005_Data__fault_contam,c2c12_090318_exp1_F0005_Data,heldout,1033,86.0,400.0,0,0,b5556cc07cd9a2941a3c95d9de72305470b542bcd42fbd5dd5de1ff004adb600,b5556cc07cd9a2941a3c95d9de72305470b542bcd42fbd5dd5de1ff004adb600,24.39,24.39,0.588,False,1,20-40,0.226113,-0.6906,0.328964,False,24.39,False,clean
c2c12_090318_exp1_F0005_Data__fault_contam,c2c12_090318_exp1_F0005_Data,heldout,1057,88.0,400.0,0,0,a86bf27ed13e0b0db601bd8eac89da004c7f8f2010f2392908850b9fdb28683f,a86bf27ed13e0b0db601bd8eac89da004c7f8f2010f2392908850b9fdb28683f,24.68,24.68,0.592,False,1,20-40,0.242623,-0.2591,0.328964,False,24.68,False,clean
c2c12_090325_exp1_F0005_Data__fault_contam,c2c12_090325_exp1_F0005_Data,tuning,469,39.0,24.749999999999954,547,497,a2484b54e88b547132ca325acf39fb80195cc5c53d719e090434a6e0c1b662d1,82a82aea6afec694fd86851c3f34615e60499750dec9daffb3486d19b7a288ea,13.17,29.11,0.735,True,1,20-40,0.480437,5.957,0.328964,True,13.17,False,scale1_haze
c2c12_090325_exp1_F0005_Data__fault_contam,c2c12_090325_exp1_F0005_Data,tuning,493,41.0,56.41666666666662,1246,1135,933404e9502ab54176c91856b53dbdb344d049629de1f6afb8acd8e9a316c6cc,a1b06548220cdfcf97bddbf83c3061e6e28bfca591a8c4445b30a51c5cee9539,14.39,46.38,0.683,True,2,40-100,0.54543,4.0757,0.427394,True,14.39,False,scale1_haze
c2c12_090325_exp1_F0005_Data__fault_contam,c2c12_090325_exp1_F0005_Data,tuning,517,43.0,88.08333333333329,1946,1788,b9d2a1623f7f3b88a1a3e7b28a89cddecf39f6c5ceebf111e4a8a327bded3b86,048e210961fdc4eaa9370342094b3e0bb155093bb27af2e9e7060bf1e1e5ce9f,15.64,61.13,0.642,False,2,40-100,0.664677,5.9464,0.427394,True,15.65,False,scale1_haze
c2c12_090325_exp1_F0005_Data__fault_contam,c2c12_090325_exp1_F0005_Data,tuning,541,45.0,119.74999999999996,2645,2451,c9bc57648ab5b8a468d3ad9d2c9884e13d7ac5604d6822e8bd77f4946aab9237,676cc1dfbdcbe1a85168086ec939e2b67f7272b8a968c4636089410298f4b9f5,14.96,71.24,0.639,False,2,40-100,0.622653,5.2871,0.427394,True,14.97,False,scale1_haze
c2c12_090325_exp1_F0005_Data__fault_contam,c2c12_090325_exp1_F0005_Data,tuning,565,47.0,151.41666666666663,3345,3063,ea74ed52f2a5bb186b6003ab806042abe8fd261048d65655d373396f7034dc97,044cd40acff09fdc1ab11213e447e508411492249c2a268404ba8ba45367599e,14.54,76.91,0.637,False,2,40-100,0.59881,4.9131,0.427394,True,14.55,False,scale1_haze
c2c12_090325_exp1_F0005_Data__fault_contam,c2c12_090325_exp1_F0005_Data,tuning,589,49.0,183.0833333333333,4044,3717,e7263646653dbf1955372b31d63d64cb9eb9c98952b1521a6022adf6c1225196,4660387dd48d4d68d03102d367d4c003bd334bc39b7ad34c1d0ae1802ee19332,14.89,82.05,0.626,False,2,40-100,0.631694,5.429,0.427394,True,14.89,False,scale1_haze
c2c12_090325_exp1_F0005_Data__fault_contam,c2c12_090325_exp1_F0005_Data,tuning,613,51.0,214.74999999999994,4744,4359,aa858a9c84ecc2bf9b544c30f9898f187bed3fc12892ba5ac7a6ddd2df1ec3ec,96a17325be918721ae1ba19c12bc75d83968ce0228f7c97fd4c0e0052e1c2f2e,16.96,85.27,0.612,False,2,40-100,0.617502,5.2063,0.427394,True,16.96,False,scale1_haze
c2c12_090325_exp1_F0005_Data__fault_contam,c2c12_090325_exp1_F0005_Data,tuning,637,53.0,246.41666666666663,5443,4997,5fad8c3dd9a2248ca9708f966e663709f4bc65e1a0b48a9e8a662fedbb4df73f,9698bc9f49becdc20ae7532f24a40e9aede8cc1b45287d4f70a15b7ec7ec4f40,18.26,87.02,0.599,False,2,40-100,0.619088,5.2312,0.427394,True,18.28,False,scale1_haze
c2c12_090325_exp1_F0005_Data__fault_contam,c2c12_090325_exp1_F0005_Data,tuning,661,55.0,278.0833333333333,6143,5674,c586f1125e2a9efc26b579b7474874ceab4fa9963ec4956dd9138553335970b1,84dfb13fbb954bab6ffd047f3104c815962f29d3cce239f1d4a166ce016363be,19.66,88.37,0.566,False,2,40-100,0.647756,5.6809,0.427394,True,19.68,False,scale1_haze
c2c12_090325_exp1_F0005_Data__fault_contam,c2c12_090325_exp1_F0005_Data,tuning,685,57.0,309.74999999999994,6842,6306,092a1f69042399f3862f4190d60bd793a8a1104a01e75a90698597f7882e9a97,21d74877a4cf85cebadfc6bec9dbdeb842a37ec9577ad019bc05bc06ac7d6371,20.46,88.8,0.48,False,2,40-100,0.617971,5.2137,0.427394,True,20.47,False,scale1_haze
c2c12_090325_exp1_F0005_Data__fault_contam,c2c12_090325_exp1_F0005_Data,tuning,709,59.0,341.41666666666663,7542,6945,e7950ff8b2b07e8d6925d2619f9730a0efd5cd36581de3c27e758caf4d3f5738,787c34ad8e35f679d938f6156314a612a7c8b7d6ee1ea8149f4005238e2ef446,20.65,89.45,0.426,False,2,40-100,0.68153,6.2107,0.427394,True,20.65,False,scale1_haze
c2c12_090325_exp1_F0005_Data__fault_contam,c2c12_090325_exp1_F0005_Data,tuning,733,61.0,373.0833333333333,8241,7587,3972697455b36a5c73b28eb8d9a7cefe01cae69dba47e5b9f1abfb4a0d9b6116,0e791484249f0848d2eea140bf9d5f0bb9bd6216007f3ece02f750d3da40ce85,21.15,88.17,0.382,False,2,40-100,0.646213,5.6567,0.427394,True,21.14,False,scale1_haze
c2c12_090325_exp1_F0005_Data__fault_contam,c2c12_090325_exp1_F0005_Data,tuning,757,63.0,400.0,8836,8119,ca66a62a42b4728a38266fc43e0e8e6fa24e734e78403ec1ce246c2a5059863d,5175c70dfbef582f7f2d68064cf7189aff2a61b96419a468e5196a3d04471c30,21.19,89.18,0.29,False,2,40-100,0.667014,5.983,0.427394,True,21.18,False,scale1_haze
c2c12_090325_exp1_F0005_Data__fault_contam,c2c12_090325_exp1_F0005_Data,tuning,781,65.0,400.0,8836,8137,399f32edf56efb12f36667f032d368715b226a713d87d71f35816d00690f5f41,8ac97dc9c4a903d695980fb7b8e2fec0c528581d261d9fb865068cdc5365b97b,22.1,88.82,0.246,False,2,40-100,0.690588,6.3528,0.427394,True,22.11,False,scale1_haze
c2c12_090325_exp1_F0005_Data__fault_contam,c2c12_090325_exp1_F0005_Data,tuning,805,67.0,400.0,8836,8127,cd06c07a7d4878dac98869c9c082d4317635a5ddc2f2ae42a0895da30de32952,096ae4b32cef05c4bf7b7d9085aedc2ece6262e9e0cc7fa5319e6f9406b8fef9,23.22,88.51,0.219,False,2,40-100,0.673406,6.0833,0.427394,True,23.22,False,scale1_haze
c2c12_090325_exp1_F0005_Data__fault_contam,c2c12_090325_exp1_F0005_Data,tuning,829,69.0,400.0,8836,8117,f75568990fa7f8c9b39553eaff1bdf6840eaef5fa5dacc053ba6fad98610a838,eab5edecdad38b3d0c35be50174d62346b61def8423f9222d775475c2548462c,23.76,87.27,0.239,False,2,40-100,0.668895,6.0125,0.427394,True,23.77,False,scale1_haze
c2c12_090325_exp1_F0005_Data__fault_contam,c2c12_090325_exp1_F0005_Data,tuning,853,71.0,400.0,8836,8109,6a4a02bf0308cf3a853afdc66f96c9af2d64c9e0a674ad4f199cdc96f0c950b9,0d675066bf53866d2ce4c767a9bfd30028920d32ea6fa99f90d091f4665a6570,25.21,88.92,0.303,False,2,40-100,0.651331,5.737,0.427394,True,25.21,False,scale1_haze
c2c12_090325_exp1_F0005_Data__fault_contam,c2c12_090325_exp1_F0005_Data,tuning,877,73.0,400.0,8836,8126,61dcdb180b0c8fa2a4021a21ff305dd2ef1b0eb58183fd6611d8e52f583e61ce,3dcfa05f14a5b1be23af3c14973c19d310ba755048e4383ca60ac4dbd67e3f48,25.29,84.38,0.124,False,2,40-100,0.681009,6.2026,0.427394,True,25.29,False,scale1_haze
c2c12_090325_exp1_F0005_Data__fault_contam,c2c12_090325_exp1_F0005_Data,tuning,901,75.0,400.0,8836,8117,9ae4f6def9deed34aab7ca9acf02b4700a6e7bcabbda772c54c320c86976c361,cb79d655f8357cae39bf7ffec9ff2aff8339eb257443fc663f71f1e5dddd8806,26.62,78.76,0.025,False,2,40-100,0.615183,5.17,0.427394,True,26.61,False,scale1_haze
c2c12_090325_exp1_F0005_Data__fault_contam,c2c12_090325_exp1_F0005_Data,tuning,925,77.0,400.0,8836,8117,2e605ef398139562c80695fda09bedbe2809c0151838e00f240db62a33fb10fa,999ab33ba31483ebefedb2e54813f2d02b4d30141fb8bc5c7acdefda3cddf399,26.95,81.94,0.088,False,2,40-100,0.648249,5.6887,0.427394,True,26.96,False,scale1_haze
c2c12_090325_exp1_F0005_Data__fault_contam,c2c12_090325_exp1_F0005_Data,tuning,949,79.0,400.0,8836,8104,d7166ba043e172d3c177f9ba8286ab5d7e6cde03ac5dd9300ad4ad4135f7e9ec,6c3ffaf236e3dc4911009d6dc4e236f0e35df6c7d6bc638c2c426c1454701073,28.34,85.2,0.14,False,2,40-100,0.654811,5.7916,0.427394,True,28.34,False,scale1_haze
c2c12_090325_exp1_F0005_Data__fault_contam,c2c12_090325_exp1_F0005_Data,tuning,973,81.0,400.0,8836,8091,5359882fa031892eb625be0f730081900e3a0ded8d5baea519f0610646c1dd46,96b30d10b7c79b1d7a51faed20813b5817ec97dadec40a2126cfb3f0082dc14a,29.02,85.88,0.177,False,2,40-100,0.673009,6.0771,0.427394,True,29.02,False,scale1_haze
c2c12_090325_exp1_F0005_Data__fault_contam,c2c12_090325_exp1_F0005_Data,tuning,997,83.0,400.0,8836,8090,7208f7bf00be5448e10f926a95ce72f27fea22299cdb83ce765fff1ecc33a9c9,7a7c43b1f98bf12042552568d58837ed50a84e34434df5db294f38dab18d719c,29.9,85.84,0.165,False,2,40-100,0.620995,5.2611,0.427394,True,29.9,False,scale1_haze
c2c12_090325_exp1_F0005_Data__fault_contam,c2c12_090325_exp1_F0005_Data,tuning,1021,85.0,400.0,8836,8068,65ef7aecf2b574436d6bc785e14a69cfb7ed58400c20c936f80af22256bc1b02,3a77421bdbcdbde68ba95b8463a1bfdce0f38ca10ab1545bdb40467ab859c5ce,31.06,87.97,0.211,False,2,40-100,0.661912,5.903,0.427394,True,31.07,False,scale1_haze
c2c12_090303_exp1_F0010_Data__fault_contam,c2c12_090303_exp1_F0010_Data,tuning,457,38.0,23.1666666666666,512,468,725d71afe9f28f78ae857acb4edefc06b43175bcef8a334da26522659cbde463,caec64b657dc168ea8b44cf8e59b437830b58797bcfb5bccc64eb17ad82ff9e4,12.97,26.71,0.707,False,1,20-40,0.50093,6.4926,0.328964,True,12.97,False,scale1_haze
c2c12_090303_exp1_F0010_Data__fault_contam,c2c12_090303_exp1_F0010_Data,tuning,481,40.0,54.833333333333265,1211,1112,61ee718728bb56049fed45aab48eba3338745967cee2affae50d93fcaf71dc32,4da6a71f4635f0f2affc0158ce2544f842805547ce80c7ce63c34af247eb036b,13.53,46.73,0.712,False,2,40-100,0.616011,5.1829,0.427394,True,13.53,False,scale1_haze
c2c12_090303_exp1_F0010_Data__fault_contam,c2c12_090303_exp1_F0010_Data,tuning,505,42.0,86.49999999999993,1911,1759,f4dbced0edbcf1573ddc88ff508fbeb572933ad922b216cf50794d03ba125266,a602a023a54204ed48475964448b87b2c68707e87395ae4e4b3b85eaf0225258,15.45,60.36,0.672,False,2,40-100,0.60462,5.0042,0.427394,True,15.44,False,scale1_haze
c2c12_090303_exp1_F0010_Data__fault_contam,c2c12_090303_exp1_F0010_Data,tuning,529,44.0,118.16666666666659,2610,2402,44e9b63b276e591f8c98064b5576a7c79d633612381a148cf1126665517da03d,1f41a1a185c507f0c134658c679bc295993a5b0fe0710fa13c6352c8a46e0227,16.94,69.24,0.673,False,2,40-100,0.608315,5.0622,0.427394,True,16.95,False,scale1_haze
c2c12_090303_exp1_F0010_Data__fault_contam,c2c12_090303_exp1_F0010_Data,tuning,553,46.0,149.8333333333333,3310,3052,9737551b773e098e22adb698c4292b4bb511e789affcb65405a0b6d8a9153467,b37087690d62bf8ba7d8470f1404bd1c84b96d6d923f2824b2de9b08a2f271b5,18.24,78.13,0.677,False,2,40-100,0.62853,5.3793,0.427394,True,18.24,False,scale1_haze
c2c12_090303_exp1_F0010_Data__fault_contam,c2c12_090303_exp1_F0010_Data,tuning,577,48.0,181.49999999999994,4009,3706,bab85b1addfd7db60645640ff497ed0709a4be7927d006986d3f9d468d19b63f,8fc6f6f1713864c5224e6ea319e6c6ffcd342bdfd2c2907538e31633df8777e0,19.36,82.67,0.674,False,2,40-100,0.66343,5.9268,0.427394,True,19.36,False,scale1_haze
c2c12_090303_exp1_F0010_Data__fault_contam,c2c12_090303_exp1_F0010_Data,tuning,601,50.0,213.1666666666666,4709,4313,d3a31f987640e743e132029601fbb897761a0c19cbe7971c1a78c27380d2e3c7,7fe9c76adf818c7e72db0efa72f3b86bc2d277fa6b36e88609fbee119dec9789,20.6,84.7,0.672,False,2,40-100,0.649975,5.7157,0.427394,True,20.6,False,scale1_haze
c2c12_090303_exp1_F0010_Data__fault_contam,c2c12_090303_exp1_F0010_Data,tuning,625,52.0,244.83333333333326,5408,4939,bcc951534a7a67655c8ed78254c336469f307c9734f45c7103d6dc1e9d5d1b53,c252f8cb076cd9ba75ad4e5d3f440a93f2a2bc5be9d332cd1a1c3c9812c734dc,22.87,87.78,0.683,False,2,40-100,0.608704,5.0683,0.427394,True,22.87,False,scale1_haze
c2c12_090303_exp1_F0010_Data__fault_contam,c2c12_090303_exp1_F0010_Data,tuning,649,54.0,276.49999999999994,6108,5633,3667805b36799045218eb5bad8947d2619a1fe6efe812b7374ded0a3455bbce4,3558761851138c8d88e6cb04bdf106218d0b5b0997e53942964fb8e2d7883c10,24.52,89.6,0.653,False,2,40-100,0.637049,5.513,0.427394,True,24.52,True,scale1_haze
c2c12_090303_exp1_F0010_Data__fault_contam,c2c12_090303_exp1_F0010_Data,tuning,673,56.0,308.16666666666663,6807,6281,f4c29f4deea2314694aaa06107bb511d24ff27f55911223741f70b7b9f52a82a,845714308cd422a4aca3748df3f2babed4b323218fbb2bdf5fb2c448769653a1,26.5,90.03,0.628,False,2,40-100,0.648222,5.6882,0.427394,True,26.5,False,scale1_haze
c2c12_090303_exp1_F0010_Data__fault_contam,c2c12_090303_exp1_F0010_Data,tuning,697,58.0,339.83333333333326,7507,6921,c5ab36b91159dc7d4cf3d7a88fca67647ebf9248f712c65af32b7f677cd6d8d5,2989525258a4ca4f6ab551e31f43b68a281b2e743a8b7b74665b0f76528acd27,29.73,90.97,0.591,False,2,40-100,0.629407,5.3931,0.427394,True,29.74,True,scale1_haze
c2c12_090303_exp1_F0010_Data__fault_contam,c2c12_090303_exp1_F0010_Data,tuning,721,60.0,371.49999999999994,8206,7555,a2eac36f0aeb26c6c49c5bb4bd1be5f465522951dc4826631e2b451bcdba24ec,fa1675fedbc2a2fb457675909108325dddd668ad75717af93f244ca8be4ae0d8,30.74,91.11,0.544,False,2,40-100,0.616033,5.1833,0.427394,True,30.74,False,scale1_haze
c2c12_090303_exp1_F0010_Data__fault_contam,c2c12_090303_exp1_F0010_Data,tuning,745,62.0,400.0,8836,8104,b8bc3d1f8ee059893b84564db3f98b7690b03fb98ac1afcea3632065d32e21e3,8418974b8d9bb505f0a821dd674f960c004d88d08f1584083c303d9bf6f56c3d,33.88,90.48,0.461,False,2,40-100,0.650778,5.7283,0.427394,True,33.87,False,scale1_haze
c2c12_090303_exp1_F0010_Data__fault_contam,c2c12_090303_exp1_F0010_Data,tuning,769,64.0,400.0,8836,8166,14f855fda778a7d1c765898b4c08ca1f97fe737452018fd6f23a7100ee49169c,d7b8267b4ac983edbf8cdc31b0f7dd841c884bee991d1699922ae7c0a119b9cc,35.79,89.65,0.476,False,2,40-100,0.677417,6.1462,0.427394,True,35.8,False,scale1_haze
c2c12_090303_exp1_F0010_Data__fault_contam,c2c12_090303_exp1_F0010_Data,tuning,793,66.0,400.0,8836,8125,b43d5b062c355cbc56bd9c076eb1f3e181c2b421632a93d9495800292dc8b40f,3e1d94ce347722ea4bc78fc35d19bc99b9ebef82189f18bd1e49934269590318,38.74,89.51,0.429,False,2,40-100,0.683011,6.234,0.427394,True,38.74,False,scale1_haze
c2c12_090303_exp1_F0010_Data__fault_contam,c2c12_090303_exp1_F0010_Data,tuning,817,68.0,400.0,8836,8152,a9ff94549c578b932db153db6511c2acfcfcc999b9eb51ac9ef5e5ecc8fc9684,ed094107718e14b70cf297af1552aabd6d09cf7de91c1957e098e7de36087853,40.86,91.23,0.527,False,2,40-100,0.642029,5.5911,0.427394,True,40.87,False,scale1_haze
c2c12_090303_exp1_F0010_Data__fault_contam,c2c12_090303_exp1_F0010_Data,tuning,841,70.0,400.0,8836,8172,52649924699d33f5d618e3b479d23dd955a80c8fef865ed44d9baf792c522435,b061b8edf732221d3f248a8f7e4d632c8e789cd6dc3ea5bc6c1965753f9a3337,43.32,89.91,0.477,False,2,40-100,0.662887,5.9183,0.427394,True,43.33,False,scale1_haze
c2c12_090303_exp1_F0010_Data__fault_contam,c2c12_090303_exp1_F0010_Data,tuning,865,72.0,400.0,8836,8155,9d68c1943bc820b89a1da9b7efe8bbcb6fc22bc0e4def3466c9754cb7130c6ae,5475aa15cc8fa1c3deece851dc84b7afb8c27471eaf0471e3228a75fb8d733bc,43.71,89.88,0.458,False,2,40-100,0.601921,4.9619,0.427394,True,43.72,False,scale1_haze
c2c12_090303_exp1_F0010_Data__fault_contam,c2c12_090303_exp1_F0010_Data,tuning,889,74.0,400.0,8836,8104,1ba875da7956e1174d328230b0e6d0f58520a3bef05e25acd5b7a3a2284b634a,0673012a46c48337517fd58b3d8833fe5122286fadf16387aeb07fadbee31284,45.93,90.59,0.471,False,2,40-100,0.683938,6.2485,0.427394,True,45.94,False,scale1_haze
c2c12_090303_exp1_F0010_Data__fault_contam,c2c12_090303_exp1_F0010_Data,tuning,913,76.0,400.0,8836,8148,252a6147b630873616bf239e9269efa323e9ace1ac994d5a387247f691ef4f2e,920b8e0ae1de451ccbde9a3fefa6353eb7eeadb7a1df1c9af0be618661e3db03,48.02,90.13,0.435,False,2,40-100,0.659581,5.8664,0.427394,True,48.02,False,scale1_haze
c2c12_090303_exp1_F0010_Data__fault_contam,c2c12_090303_exp1_F0010_Data,tuning,937,78.0,400.0,8836,8134,919d46bd5345f8b4eb8a6bbfdf5438144b4bfa5df8e7e983b8dc0a94f53f1f7a,c88254584a7ee901cc7375dd50e2cc19ba02478faf5cb64534891a8232ae300e,48.29,91.13,0.46,False,2,40-100,0.666336,5.9724,0.427394,True,48.3,False,scale1_haze
c2c12_090303_exp1_F0010_Data__fault_contam,c2c12_090303_exp1_F0010_Data,tuning,961,80.0,400.0,8836,8160,ad132bb11cb74776f5e894f19f414deaedf235f327c1f67b3dd39607ab8e4440,cc3f1b22df4714eb5a1dbe3af1fe0be53a80e91432118a5d5f1e74ef8981711c,49.96,89.59,0.409,False,2,40-100,0.649479,5.708,0.427394,True,49.96,False,scale1_haze
c2c12_090303_exp1_F0010_Data__fault_contam,c2c12_090303_exp1_F0010_Data,tuning,985,82.0,400.0,8836,8113,bd83d0cb5a6835fc6edb13ce0507bc8e0225f19b5ee7d0925e461736c4ef226d,07757a136ec10c59a2fe2f67e4bf068e8c1771dcf45d65f999d0b9bcaa90fa70,49.91,89.88,0.429,False,2,40-100,0.620359,5.2512,0.427394,True,49.9,False,scale1_haze
c2c12_090303_exp1_F0010_Data__fault_contam,c2c12_090303_exp1_F0010_Data,tuning,1009,84.0,400.0,8836,8177,08c2d4356aeb2efa7e26c077eb5dbc1073ac4bc9f305ab26c4850dd16b8d61f8,3a625da1f2b771f1245adc584acd31546bdac5282a2d8142ece2c6e566ebf8f2,50.85,89.02,0.373,False,2,40-100,0.647807,5.6817,0.427394,True,50.84,False,scale1_haze
c2c12_090325_exp1_F0013_Data__fault_contam,c2c12_090325_exp1_F0013_Data,heldout,469,39.0,24.749999999999954,547,498,bc857576aaa33b809062a6c74554c92115df55a7ae71d4715632fe7eb8927f15,06e17a960e01e8ef75b3cf1e7be4ca28402037e7e946fad6333d93b3a4926777,16.47,29.42,0.708,True,1,20-40,0.374021,3.1754,0.328964,True,16.46,False,scale1_haze
c2c12_090325_exp1_F0013_Data__fault_contam,c2c12_090325_exp1_F0013_Data,heldout,493,41.0,56.41666666666662,1246,1164,ac17545f1403beda355b2f3db0dec1e9879ab88d429f3e885e1d673e48a5ca38,b0e595bc8be8e4084aaa59cee0cd1c8e5bb2cd886fdbd6da5c6765d9ac8daff3,17.89,47.0,0.681,False,2,40-100,0.564427,4.3737,0.427394,True,17.89,False,scale1_haze
c2c12_090325_exp1_F0013_Data__fault_contam,c2c12_090325_exp1_F0013_Data,heldout,517,43.0,88.08333333333329,1946,1816,cf39ef151e84015ab438254fe747b7c0a830a3c8aac63782e1e992d06cda04d6,01d5f3bf838a6eadbfba459b18c1f7a92f60e5fab23b9b4832ac6937140601c5,20.44,60.6,0.651,False,2,40-100,0.633473,5.4569,0.427394,True,20.44,True,scale1_haze
c2c12_090325_exp1_F0013_Data__fault_contam,c2c12_090325_exp1_F0013_Data,heldout,541,45.0,119.74999999999996,2645,2432,64faf5cc64402400f75dd075a4df1194fc8954115ac2f6227ab49c19d43d7404,0f19bf0572d6b4476a23afc7da30a61f2735e04595ad10dbdc7f649668c6374b,21.08,70.49,0.663,False,2,40-100,0.596733,4.8805,0.427394,True,21.08,False,scale1_haze
c2c12_090325_exp1_F0013_Data__fault_contam,c2c12_090325_exp1_F0013_Data,heldout,565,47.0,151.41666666666663,3345,3068,ec2fb3eafbb1688ff3a5dc64daf3a0c204e605df14848c1e3ba33c59054a04ca,1c4e3e1fa11e7ca6b846cef886809ec3cb8b896a0962a913173996fea761136f,23.12,77.26,0.66,False,2,40-100,0.637356,5.5178,0.427394,True,23.12,False,scale1_haze
c2c12_090325_exp1_F0013_Data__fault_contam,c2c12_090325_exp1_F0013_Data,heldout,589,49.0,183.0833333333333,4044,3692,401fffa2f0e240124f1dfcda0180096be6e93e541ae7ba6d909d59245cf840a6,8d6422ed36af472538b78710bb419861432a4dcab0685813b5ceb031f59ef266,24.38,81.86,0.665,False,2,40-100,0.710924,6.6718,0.427394,True,24.39,False,scale1_haze
c2c12_090325_exp1_F0013_Data__fault_contam,c2c12_090325_exp1_F0013_Data,heldout,613,51.0,214.74999999999994,4744,4391,0474d147630333dc9802181d18d687d67e772fa65324ad0de4703520aa8e08b3,87deb0be57e488ccd38621cf2fdb632dbff5dea972821b49f241f29779eb406f,25.77,84.79,0.668,False,2,40-100,0.609293,5.0776,0.427394,True,25.76,False,scale1_haze
c2c12_090325_exp1_F0013_Data__fault_contam,c2c12_090325_exp1_F0013_Data,heldout,637,53.0,246.41666666666663,5443,5015,378931f7114b90ca53fd3ee76157a540287524a08398a28277c29ee37b650c9b,a8822b80a6105dab18113e649fe65bb432a36fe19bd09ddd9fc5ef49ce609254,26.88,86.64,0.657,False,2,40-100,0.623284,5.297,0.427394,True,26.89,False,scale1_haze
c2c12_090325_exp1_F0013_Data__fault_contam,c2c12_090325_exp1_F0013_Data,heldout,661,55.0,278.0833333333333,6143,5659,e768855a379a5cd76e55531c978586e586b77ad9e0886088aab68aa0547b4965,721c83601f1b499b8f74b0fdb3611b1fe933128325ec6ffabd8870cd72758a06,28.62,88.98,0.645,False,2,40-100,0.649066,5.7015,0.427394,True,28.61,False,scale1_haze
c2c12_090325_exp1_F0013_Data__fault_contam,c2c12_090325_exp1_F0013_Data,heldout,685,57.0,309.74999999999994,6842,6329,63a1c0e843c48505123eafc4e1401015a970b4e61589061844b3197d86b50aed,7ebeab3de0e28dd8b3a8521d0882d1a6310ad9b7dee39b95306169d3e996a305,28.92,89.58,0.603,False,2,40-100,0.64169,5.5858,0.427394,True,28.93,False,scale1_haze
c2c12_090325_exp1_F0013_Data__fault_contam,c2c12_090325_exp1_F0013_Data,heldout,709,59.0,341.41666666666663,7542,6945,c8363b26185473fd6f1970e4dd1483341122047b1da426a49718c27c50196e3a,a6114cff6c4c46e8dae894df0cf49c8d6ee00b9bbaefb788618568141d027a29,30.48,89.42,0.534,False,2,40-100,0.64912,5.7023,0.427394,True,30.48,False,scale1_haze
c2c12_090325_exp1_F0013_Data__fault_contam,c2c12_090325_exp1_F0013_Data,heldout,733,61.0,373.0833333333333,8241,7626,2333440d074e943c478f41e6d64bdadc2de4d76607887dbb920b5560701201c3,3f16e16cb3d229204e6323e27d9a135be8f871acd64026990a1e7191e76ef623,30.66,90.07,0.493,False,2,40-100,0.658751,5.8534,0.427394,True,30.67,False,scale1_haze
c2c12_090325_exp1_F0013_Data__fault_contam,c2c12_090325_exp1_F0013_Data,heldout,757,63.0,400.0,8836,8165,46aff8bf14fd206aeb6ec90f547dc72bc1f7462fd7cd4b97c77c52a671e7acc3,ae08fdbdbe44a61673c16d61a2c74c4dbb6334e6a3800b59e24d61500931c1e6,31.39,90.03,0.473,False,2,40-100,0.649052,5.7013,0.427394,True,31.37,False,scale1_haze
c2c12_090325_exp1_F0013_Data__fault_contam,c2c12_090325_exp1_F0013_Data,heldout,781,65.0,400.0,8836,8141,8facc0be0864d9c8cf5c7210b21d7811b986c63e3e09245b5ccb981acf4f4a8e,4e760d767da832b9947918ccdadd1a6464d2d54ab8d940a017737e7088fce701,32.7,90.44,0.46,False,2,40-100,0.627286,5.3598,0.427394,True,32.75,False,scale1_haze
c2c12_090325_exp1_F0013_Data__fault_contam,c2c12_090325_exp1_F0013_Data,heldout,805,67.0,400.0,8836,8147,cebf625e92d44cba8042152bd8afe2518109b80baa33ed0485bff21894074a77,e6b52f269edb2df3fda4c9ccf31bea2fa0137688281c31b8aae9141c829b9c7c,34.31,88.97,0.425,False,2,40-100,0.628935,5.3857,0.427394,True,34.32,False,scale1_haze
c2c12_090325_exp1_F0013_Data__fault_contam,c2c12_090325_exp1_F0013_Data,heldout,829,69.0,400.0,8836,8107,0d350160493bc0355172304b0fdc67d41d51e6505fd5bd201877128f9dc752b5,fc8ef7a1a5267d34b51f18c7d13f202614186f2cfbd9dd0efc47f42a2da0abe7,34.94,90.79,0.52,False,2,40-100,0.671114,6.0473,0.427394,True,34.94,False,scale1_haze
c2c12_090325_exp1_F0013_Data__fault_contam,c2c12_090325_exp1_F0013_Data,heldout,853,71.0,400.0,8836,8111,1436ca4ec31216dc434301224d6c99190a97eb8cd99e399695edfed75da2c79d,9da4298bef962ed2b6f1a6e94461ae9d202d0012a2fcac6d33b59983adb839c2,37.58,90.33,0.47,False,2,40-100,0.674757,6.1045,0.427394,True,37.58,False,scale1_haze
c2c12_090325_exp1_F0013_Data__fault_contam,c2c12_090325_exp1_F0013_Data,heldout,877,73.0,400.0,8836,8117,5d25fd001a914eecc5d11796b065173d46b090ef20693f2de292f8c7f2f21711,a47070eab346008677f8a2e4d93cb58fe6c71566fac7834a5ea707e96cc2bc18,38.05,90.19,0.411,False,2,40-100,0.651577,5.7409,0.427394,True,38.05,False,scale1_haze
c2c12_090325_exp1_F0013_Data__fault_contam,c2c12_090325_exp1_F0013_Data,heldout,901,75.0,400.0,8836,8106,5e0122263a5cc0e5a5d6aa2ad45e871744a06fdca5e42b383a0c9f22bd2cc508,4748aa46694791b976f1c1be7b9bbb39eaf0f377a18856ef184cc51c558897a2,40.31,90.31,0.449,False,2,40-100,0.633213,5.4528,0.427394,True,40.31,False,scale1_haze
c2c12_090325_exp1_F0013_Data__fault_contam,c2c12_090325_exp1_F0013_Data,heldout,925,77.0,400.0,8836,8151,dc0b3b8b9ed4f2226b227d364513cbff5728006923fd608e6134b4d8f82213e6,e9aed6518d44a5f4d0833c9078430131f4d02c63c2eced3d54545aa3824120dc,41.31,90.45,0.436,False,2,40-100,0.611604,5.1138,0.427394,True,41.32,False,scale1_haze
c2c12_090325_exp1_F0013_Data__fault_contam,c2c12_090325_exp1_F0013_Data,heldout,949,79.0,400.0,8836,8119,b6d1c87e0c0ddbd54fba203b0e932df22738f180b1db75efb4f7b300039d2677,bce0cb2a824a41d45f40b15934d23dfd10f6cfd293f3c4d6d43a93a1ee6e04c5,42.69,89.33,0.389,False,2,40-100,0.661697,5.8996,0.427394,True,42.69,False,scale1_haze
c2c12_090325_exp1_F0013_Data__fault_contam,c2c12_090325_exp1_F0013_Data,heldout,973,81.0,400.0,8836,8141,40eba16c2d66683c213d3bb06036a3b725f86f222e064e4d3e90cb514b83c7a8,51726e17ebc8b0dba82d5bb7ebbbc594de10fbc9b80be9cf700399fcb6dee650,41.87,91.05,0.451,False,2,40-100,0.636293,5.5011,0.427394,True,41.9,False,scale1_haze
c2c12_090325_exp1_F0013_Data__fault_contam,c2c12_090325_exp1_F0013_Data,heldout,997,83.0,400.0,8836,8111,3fc5d1c676fee389432ed0e755b10850a1e32b5d70534c87523cf6cb23600a44,e0aa9525f199c45e29c3df15e107e2487be72635892771cd58ae8c043569ec3b,41.27,89.64,0.386,False,2,40-100,0.671389,6.0517,0.427394,True,41.27,False,scale1_haze
c2c12_090325_exp1_F0013_Data__fault_contam,c2c12_090325_exp1_F0013_Data,heldout,1021,85.0,400.0,8836,8103,26d828aa30bce7a1ae84ab7b28117df9357c0405d35fc7e12907ff4f188c44bd,ccef3f7ecf293c72698df1b2146a2ef3a43693e4ae630b0e8654d7650b666654,42.1,90.22,0.422,False,2,40-100,0.689931,6.3425,0.427394,True,42.08,False,scale1_haze
c2c12_090318_exp1_F0005_Data__fault_contam,c2c12_090318_exp1_F0005_Data,heldout,481,40.0,26.33333333333331,582,524,00bc23babfee3eaecf14a4aefc955e33977244590f123c225b92d212a1102521,e48b3d9d0e08c46fda516219e32ea634431c211c03213bcc03810b1414aaf002,9.8,26.92,0.786,True,1,20-40,0.502044,6.5217,0.328964,True,9.8,False,scale1_haze
c2c12_090318_exp1_F0005_Data__fault_contam,c2c12_090318_exp1_F0005_Data,heldout,505,42.0,57.99999999999998,1281,1185,2d6a1c811c0a27c9c6afa840ee226430895c46c452bea9bdd5765bafae0357af,c4e154db3077700b41298c9d653558930ba4783369de7b1d892c12ff9ac4bb9a,10.12,47.27,0.696,True,2,40-100,0.565854,4.3961,0.427394,True,10.12,True,scale1_haze
c2c12_090318_exp1_F0005_Data__fault_contam,c2c12_090318_exp1_F0005_Data,heldout,529,44.0,89.66666666666664,1981,1806,5725f6e8b6bf4155ae55ff805996442fd5e604a4293413551def7139b4a61621,27f9dc4f24b58f846e2c95e89a9e3dfc2c6d1b270341219e97d1eb4310116945,11.42,59.02,0.685,False,2,40-100,0.586998,4.7278,0.427394,True,11.42,False,scale1_haze
c2c12_090318_exp1_F0005_Data__fault_contam,c2c12_090318_exp1_F0005_Data,heldout,553,46.0,121.33333333333331,2680,2440,c0517407eb7daa62a363092f03cedfa9b67588c423d90da6f14beaeeb053aff7,151c07cada53e303d38c4945e7a37a039e55c3c5cb9cb0c585f706ae953b867c,10.88,69.06,0.667,True,2,40-100,0.558117,4.2748,0.427394,True,10.89,False,scale1_haze
c2c12_090318_exp1_F0005_Data__fault_contam,c2c12_090318_exp1_F0005_Data,heldout,577,48.0,152.99999999999997,3380,3097,1db3d3b00267ece9c03191f007b2eb316f7fd8d815bbeba91c08351f4ae99349,6cb35197810243a2105fcc26aaf8befbca8099808294934eac7593f0909f55d6,12.78,76.32,0.661,False,2,40-100,0.610675,5.0992,0.427394,True,12.76,False,scale1_haze
c2c12_090318_exp1_F0005_Data__fault_contam,c2c12_090318_exp1_F0005_Data,heldout,601,50.0,184.66666666666666,4079,3744,c126b7e4b32dfe468ed4480c1863a52f6073046250abb36742caaf494c33a260,94e1ac720e2c560f7c06b9aff3daa6f99020de264d7e9173cf23f91d06072385,14.05,81.03,0.647,False,2,40-100,0.643764,5.6183,0.427394,True,14.04,False,scale1_haze
c2c12_090318_exp1_F0005_Data__fault_contam,c2c12_090318_exp1_F0005_Data,heldout,625,52.0,216.33333333333331,4779,4420,a881d1b0e51ea45670d61867837ab68ac5e7fe3c84d8eac7992521682f079a8b,841ad6db1e7581b322b6048c98fa76cc17d5ffd17b130954e7408aebd2425e7a,13.98,85.34,0.665,False,2,40-100,0.638645,5.538,0.427394,True,13.98,False,scale1_haze
c2c12_090318_exp1_F0005_Data__fault_contam,c2c12_090318_exp1_F0005_Data,heldout,649,54.0,248.0,5478,5060,106093b545183c8cf224cfb62c996821d32950d13ce9ca38945061ccc02acfa5,032fcaa64c8673dd5d2f6d27c4eb3611736164fe35d61b9a461089c80dbc9983,14.89,86.52,0.633,False,2,40-100,0.656547,5.8188,0.427394,True,14.9,False,scale1_haze
c2c12_090318_exp1_F0005_Data__fault_contam,c2c12_090318_exp1_F0005_Data,heldout,673,56.0,279.66666666666663,6178,5673,e25db5ffe0da54b47a8b0cf8ff1483b201171252c34e97fcdd2898a33c54eda4,671c7d7523ed3a96e64c5ad8214825a8e1ab951cd21ca490af14059b6f3ffd40,15.42,87.89,0.595,False,2,40-100,0.677545,6.1482,0.427394,True,15.42,False,scale1_haze
c2c12_090318_exp1_F0005_Data__fault_contam,c2c12_090318_exp1_F0005_Data,heldout,697,58.0,311.3333333333333,6877,6320,c30e8d8e2dcdf0f1f40633443e0c577f9bf50658b408f67eec128b13362b529d,85469a709430abc82a4bc14a86ee2cb6235e1f41ec345357416f3acd16c47089,14.43,89.23,0.587,False,2,40-100,0.636206,5.4997,0.427394,True,14.45,False,scale1_haze
c2c12_090318_exp1_F0005_Data__fault_contam,c2c12_090318_exp1_F0005_Data,heldout,721,60.0,343.0,7577,6976,6524ad5c72273e5e53c77027d876c3c5ad83bd37dc9f152d0606d36e1446efcc,2d645dc0b317f31c46eca10ee7aeb144de2b2e429938e3114eae10440c369eaa,15.74,89.07,0.469,False,2,40-100,0.643901,5.6205,0.427394,True,15.75,False,scale1_haze
c2c12_090318_exp1_F0005_Data__fault_contam,c2c12_090318_exp1_F0005_Data,heldout,745,62.0,374.66666666666663,8276,7648,6358c8fcd8002b969fc42b6f69e6c1835aeda0059c4122a36f9a272c035c2009,955a6d1d3017b14540f41edd5dcc94f3fccf20a4c8c0edb0e4a039571e3f211d,15.92,90.03,0.485,False,2,40-100,0.630587,5.4116,0.427394,True,15.93,False,scale1_haze
c2c12_090318_exp1_F0005_Data__fault_contam,c2c12_090318_exp1_F0005_Data,heldout,769,64.0,400.0,8836,8105,a4f6b330b05bd47460017a9cb4824fde062113896a14f9706fffb3d302e1a08d,7fd4f1359b43558676cb7c1491121cddb3b2be267c97e6f88f625dfe0502c9c0,15.98,88.62,0.383,False,2,40-100,0.63903,5.544,0.427394,True,15.98,False,scale1_haze
c2c12_090318_exp1_F0005_Data__fault_contam,c2c12_090318_exp1_F0005_Data,heldout,793,66.0,400.0,8836,8133,ffb693bff0a6bb25aa3c6201eddcc9b70832703e0e70d939ff1c9a77b66287f6,caf882c6bdcd9bd68b8d139816fe23346edbeb9acd885c5f9d0d03e3be656692,16.9,88.28,0.359,False,2,40-100,0.655889,5.8085,0.427394,True,16.91,False,scale1_haze
c2c12_090318_exp1_F0005_Data__fault_contam,c2c12_090318_exp1_F0005_Data,heldout,817,68.0,400.0,8836,8106,420c244dcf0a4a7b7ce7306fe284c3d795421de0844a75fe468624588346f369,2c462f6d3b4156f5b7efe6677d75a50b9c874ecfee523e22e573d3ab7988d6f2,17.69,88.41,0.345,False,2,40-100,0.634149,5.4675,0.427394,True,17.69,False,scale1_haze
c2c12_090318_exp1_F0005_Data__fault_contam,c2c12_090318_exp1_F0005_Data,heldout,841,70.0,400.0,8836,8143,a20ae4d6d6a8d421683f2fab99cc295f247ec98d5d320c8d647162773aad98fc,985fdeb94792488a2750a267e5839ecde86950cae428aabcc1517b01757665ce,18.14,89.45,0.385,False,2,40-100,0.679918,6.1855,0.427394,True,18.14,False,scale1_haze
c2c12_090318_exp1_F0005_Data__fault_contam,c2c12_090318_exp1_F0005_Data,heldout,865,72.0,400.0,8836,8134,81d0057a108cae0a1311cace2ccc28f2e639f8ae41075a7faf51d942bdba4698,fb02d2c75d868bcebcc6e4c8d5d0480ad85dd4ee61e32cafc4a19be282dd18dd,18.47,88.76,0.351,False,2,40-100,0.657453,5.833,0.427394,True,18.47,False,scale1_haze
c2c12_090318_exp1_F0005_Data__fault_contam,c2c12_090318_exp1_F0005_Data,heldout,889,74.0,400.0,8836,8082,ffaa37b5d86be4ed688ad26dd63e828183aa3057542774c0eb78dc60249c32ba,a701847d5b9a3d9f8358a1888c9fb67fa329b665767abdc85e4ee35df6171953,19.26,88.94,0.372,False,2,40-100,0.648459,5.692,0.427394,True,19.26,False,scale1_haze
c2c12_090318_exp1_F0005_Data__fault_contam,c2c12_090318_exp1_F0005_Data,heldout,913,76.0,400.0,8836,8053,e4fdef17b5f58dccd45092332b7d99d0f62d51261b82b46c318f57f361eb1dd4,d110aed0b0010316a386981d07179d2d8a2ebdc32d610a6176dc951bb6845684,19.24,89.69,0.379,False,2,40-100,0.648342,5.6901,0.427394,True,19.25,False,scale1_haze
c2c12_090318_exp1_F0005_Data__fault_contam,c2c12_090318_exp1_F0005_Data,heldout,937,78.0,400.0,8836,8088,6be923e3c5997fafc880e11615d67dc75a7ae8c3f697d94803664fcdca937fcc,1a1024b4fb0d95de600c7b862504b2ebeb8bbb12a0683840b19b8a1b71f9727c,20.25,86.91,0.334,False,2,40-100,0.606806,5.0385,0.427394,True,20.25,False,scale1_haze
c2c12_090318_exp1_F0005_Data__fault_contam,c2c12_090318_exp1_F0005_Data,heldout,961,80.0,400.0,8836,8108,0e3650f7c641f9cfc3a5bd3cb1ec05cf689d5d168559a8c62531d341bcdd155d,8b8c7abdf0c5c5dde69a8e1b332ea97ae36801013d3d9f805ada9e12510e4164,20.28,86.01,0.277,False,2,40-100,0.622513,5.2849,0.427394,True,20.29,False,scale1_haze
c2c12_090318_exp1_F0005_Data__fault_contam,c2c12_090318_exp1_F0005_Data,heldout,985,82.0,400.0,8836,8086,673fb2e8605985b100698af10805d1047b8c7406ff1e51ab8f36510204f5dcb3,4025929b4d0d2bb978ee2bff512b8d8d8ba0944636f7a28c1bbe667295fcbbc8,21.26,87.39,0.329,False,2,40-100,0.608978,5.0726,0.427394,True,21.27,False,scale1_haze
c2c12_090318_exp1_F0005_Data__fault_contam,c2c12_090318_exp1_F0005_Data,heldout,1009,84.0,400.0,8836,8098,dd9a4f4de39f2add377dae097e37133e7524e7cc4a8da99d2b00f3dc711d60c2,87c0787b160647987e04a4c177e3fc4b60e8afe28f1461d6e77b919e1677c246,22.39,85.61,0.175,False,2,40-100,0.625393,5.3301,0.427394,True,22.4,False,scale1_haze
c2c12_090318_exp1_F0005_Data__fault_contam,c2c12_090318_exp1_F0005_Data,heldout,1033,86.0,400.0,8836,8058,b204b0bc4263700bfb4cc6f132ba9549908f412dff10c0d19d8832fcfacfb860,b5556cc07cd9a2941a3c95d9de72305470b542bcd42fbd5dd5de1ff004adb600,24.39,87.58,0.335,False,2,40-100,0.661858,5.9021,0.427394,True,24.39,False,scale1_haze
c2c12_090318_exp1_F0005_Data__fault_contam,c2c12_090318_exp1_F0005_Data,heldout,1057,88.0,400.0,8836,8054,5ca9ccac0f957c9afeb4b2115ef2a38d027c4a1b1cd67b18d990e22f843d78c9,a86bf27ed13e0b0db601bd8eac89da004c7f8f2010f2392908850b9fdb28683f,24.68,87.15,0.326,False,2,40-100,0.665859,5.9649,0.427394,True,24.68,False,scale1_haze
c2c12_090325_exp1_F0005_Data__fault_contam,c2c12_090325_exp1_F0005_Data,tuning,469,39.0,24.749999999999954,547,542,f11db6ffaf1313418d34320371980488b258320cfc3181a5a46cef2992543a96,82a82aea6afec694fd86851c3f34615e60499750dec9daffb3486d19b7a288ea,13.17,12.29,0.821,True,0,0-20,0.25745,0.5724,0.307557,False,13.17,False,scale0.060769_haze
c2c12_090325_exp1_F0005_Data__fault_contam,c2c12_090325_exp1_F0005_Data,tuning,493,41.0,56.41666666666662,1246,1233,d8296beb8bb8b69705f2fbd0a7ed5a0731b5cc0b32ffab00fc9c5dbffedae5d0,a1b06548220cdfcf97bddbf83c3061e6e28bfca591a8c4445b30a51c5cee9539,14.39,12.54,0.769,True,0,0-20,0.198709,-0.8187,0.307557,False,14.39,False,scale0.060769_haze
c2c12_090325_exp1_F0005_Data__fault_contam,c2c12_090325_exp1_F0005_Data,tuning,517,43.0,88.08333333333329,1946,1929,6faf2ac45bae889f1fc469f03a2b19918c20313f5f6a62beab7d68bece337334,048e210961fdc4eaa9370342094b3e0bb155093bb27af2e9e7060bf1e1e5ce9f,15.64,14.32,0.775,True,0,0-20,0.198595,-0.8214,0.307557,False,15.65,False,scale0.060769_haze
c2c12_090325_exp1_F0005_Data__fault_contam,c2c12_090325_exp1_F0005_Data,tuning,541,45.0,119.74999999999996,2645,2622,ff3b32efba4e9690f0b1b1f0ba761badbb1587d2724eabb6c28c479c39f23d85,676cc1dfbdcbe1a85168086ec939e2b67f7272b8a968c4636089410298f4b9f5,14.96,13.16,0.775,True,0,0-20,0.267623,0.8134,0.307557,False,14.97,False,scale0.060769_haze
c2c12_090325_exp1_F0005_Data__fault_contam,c2c12_090325_exp1_F0005_Data,tuning,565,47.0,151.41666666666663,3345,3324,158dbbe488a686e6cecba56c66b9f032910382c3c9ce53b022b4adfe2462db86,044cd40acff09fdc1ab11213e447e508411492249c2a268404ba8ba45367599e,14.54,12.79,0.785,True,0,0-20,0.208189,-0.5942,0.307557,False,14.55,False,scale0.060769_haze
c2c12_090325_exp1_F0005_Data__fault_contam,c2c12_090325_exp1_F0005_Data,tuning,589,49.0,183.0833333333333,4044,4015,5c3747c0335812da4a5256a36b1c5671359bdd97c580830e52dd426a6662e299,4660387dd48d4d68d03102d367d4c003bd334bc39b7ad34c1d0ae1802ee19332,14.89,12.77,0.767,True,0,0-20,0.190409,-1.0153,0.307557,False,14.89,False,scale0.060769_haze
c2c12_090325_exp1_F0005_Data__fault_contam,c2c12_090325_exp1_F0005_Data,tuning,613,51.0,214.74999999999994,4744,4709,cc3bd10608b9e8a910345316ea9c6821039ba8794f99eba59e54c1dfda76ea35,96a17325be918721ae1ba19c12bc75d83968ce0228f7c97fd4c0e0052e1c2f2e,16.96,14.79,0.73,True,0,0-20,0.194728,-0.913,0.307557,False,16.96,False,scale0.060769_haze
c2c12_090325_exp1_F0005_Data__fault_contam,c2c12_090325_exp1_F0005_Data,tuning,637,53.0,246.41666666666663,5443,5398,56f6e5758f513898af00ebbafe3bd3c5ba5aebe181ac8badbb50b29bfdfe97be,9698bc9f49becdc20ae7532f24a40e9aede8cc1b45287d4f70a15b7ec7ec4f40,18.26,16.08,0.732,True,0,0-20,0.275868,1.0086,0.307557,False,18.28,False,scale0.060769_haze
c2c12_090325_exp1_F0005_Data__fault_contam,c2c12_090325_exp1_F0005_Data,tuning,661,55.0,278.0833333333333,6143,6090,e665eb552073d2c9f57b6c6a96807b85f4388671f25b00d5d03f286c892ef27f,84dfb13fbb954bab6ffd047f3104c815962f29d3cce239f1d4a166ce016363be,19.66,17.19,0.704,True,0,0-20,0.207998,-0.5987,0.307557,False,19.68,False,scale0.060769_haze
c2c12_090325_exp1_F0005_Data__fault_contam,c2c12_090325_exp1_F0005_Data,tuning,685,57.0,309.74999999999994,6842,6801,3316ac93f4b5be5841fa7c3ae54d0aa657594f1339281a4afc154c21ef6c8f23,21d74877a4cf85cebadfc6bec9dbdeb842a37ec9577ad019bc05bc06ac7d6371,20.46,18.07,0.696,True,0,0-20,0.246942,0.3236,0.307557,False,20.47,False,scale0.060769_haze
c2c12_090325_exp1_F0005_Data__fault_contam,c2c12_090325_exp1_F0005_Data,tuning,709,59.0,341.41666666666663,7542,7478,6a73442427ed54e56ec98b8953d0e491723f2c05898e7c46c819f54ba3626643,787c34ad8e35f679d938f6156314a612a7c8b7d6ee1ea8149f4005238e2ef446,20.65,18.77,0.699,True,0,0-20,0.223885,-0.2225,0.307557,False,20.65,False,scale0.060769_haze
c2c12_090325_exp1_F0005_Data__fault_contam,c2c12_090325_exp1_F0005_Data,tuning,733,61.0,373.0833333333333,8241,8188,1b917237fde49064828701ef0eeb1a0f61dcae6773cfc3f6fb58a752b06a95c3,0e791484249f0848d2eea140bf9d5f0bb9bd6216007f3ece02f750d3da40ce85,21.15,18.72,0.7,True,0,0-20,0.216474,-0.398,0.307557,False,21.14,False,scale0.060769_haze
c2c12_090325_exp1_F0005_Data__fault_contam,c2c12_090325_exp1_F0005_Data,tuning,757,63.0,400.0,8836,8768,27790e1bec7a619db49ee94b2281845610117c6dd807c1a9a29257ce6c78c142,5175c70dfbef582f7f2d68064cf7189aff2a61b96419a468e5196a3d04471c30,21.19,19.05,0.693,True,0,0-20,0.223294,-0.2365,0.307557,False,21.18,False,scale0.060769_haze
c2c12_090325_exp1_F0005_Data__fault_contam,c2c12_090325_exp1_F0005_Data,tuning,781,65.0,400.0,8836,8764,70419919456f17c8432cb8fa5a149d9396adff4e5ed1f909039c7e3b80753ef9,8ac97dc9c4a903d695980fb7b8e2fec0c528581d261d9fb865068cdc5365b97b,22.1,19.66,0.693,True,0,0-20,0.249246,0.3781,0.307557,False,22.11,False,scale0.060769_haze
c2c12_090325_exp1_F0005_Data__fault_contam,c2c12_090325_exp1_F0005_Data,tuning,805,67.0,400.0,8836,8775,12e4fe0a8e73756210ea8b70b68de3421988817de6388f3aa3a93786f0a4e585,096ae4b32cef05c4bf7b7d9085aedc2ece6262e9e0cc7fa5319e6f9406b8fef9,23.22,20.45,0.654,True,1,20-40,0.245503,-0.1838,0.328964,False,23.22,False,scale0.060769_haze
c2c12_090325_exp1_F0005_Data__fault_contam,c2c12_090325_exp1_F0005_Data,tuning,829,69.0,400.0,8836,8779,a8e3d6aa1fd179cae1fb04b79e27b76d0c3e7668b6dc2331f960bd0ac5a0eb08,eab5edecdad38b3d0c35be50174d62346b61def8423f9222d775475c2548462c,23.76,21.15,0.651,True,1,20-40,0.257167,0.1211,0.328964,False,23.77,False,scale0.060769_haze
c2c12_090325_exp1_F0005_Data__fault_contam,c2c12_090325_exp1_F0005_Data,tuning,853,71.0,400.0,8836,8768,81d9a81d5966f550619f90cac9efb5c25dd17c1ad8a01c2d1321cd5df2529c1d,0d675066bf53866d2ce4c767a9bfd30028920d32ea6fa99f90d091f4665a6570,25.21,22.62,0.656,True,1,20-40,0.239305,-0.3458,0.328964,False,25.21,False,scale0.060769_haze
c2c12_090325_exp1_F0005_Data__fault_contam,c2c12_090325_exp1_F0005_Data,tuning,877,73.0,400.0,8836,8767,3302ac40b07e26b7e7a3d51f97db3a84eb6fbe16b1eca9a42790a0754d9652a4,3dcfa05f14a5b1be23af3c14973c19d310ba755048e4383ca60ac4dbd67e3f48,25.29,22.84,0.637,True,1,20-40,0.278297,0.6734,0.328964,False,25.29,False,scale0.060769_haze
c2c12_090325_exp1_F0005_Data__fault_contam,c2c12_090325_exp1_F0005_Data,tuning,901,75.0,400.0,8836,8774,0c17871ad8d318f1c41891857fbd0c584a62371e7a207decbbeaa301b3e4b224,cb79d655f8357cae39bf7ffec9ff2aff8339eb257443fc663f71f1e5dddd8806,26.62,23.59,0.616,True,1,20-40,0.241427,-0.2904,0.328964,False,26.61,False,scale0.060769_haze
c2c12_090325_exp1_F0005_Data__fault_contam,c2c12_090325_exp1_F0005_Data,tuning,925,77.0,400.0,8836,8775,94ee8126b4a765b3a098cfa3171c12afbaf3f892806c574c6c20872d5b4914b9,999ab33ba31483ebefedb2e54813f2d02b4d30141fb8bc5c7acdefda3cddf399,26.95,23.55,0.606,True,1,20-40,0.231114,-0.5599,0.328964,False,26.96,False,scale0.060769_haze
c2c12_090325_exp1_F0005_Data__fault_contam,c2c12_090325_exp1_F0005_Data,tuning,949,79.0,400.0,8836,8776,64bc5b69abc546dc5794da816db3133d03afe2d696f9e69fb2dbb6533a6f3a3b,6c3ffaf236e3dc4911009d6dc4e236f0e35df6c7d6bc638c2c426c1454701073,28.34,25.46,0.583,True,1,20-40,0.217112,-0.9259,0.328964,False,28.34,False,scale0.060769_haze
c2c12_090325_exp1_F0005_Data__fault_contam,c2c12_090325_exp1_F0005_Data,tuning,973,81.0,400.0,8836,8782,4a56e69238811fa775329f2c894557611436e89ce5fca49b38a8776c4528cc37,96b30d10b7c79b1d7a51faed20813b5817ec97dadec40a2126cfb3f0082dc14a,29.02,24.74,0.568,True,1,20-40,0.243167,-0.2449,0.328964,False,29.02,False,scale0.060769_haze
c2c12_090325_exp1_F0005_Data__fault_contam,c2c12_090325_exp1_F0005_Data,tuning,997,83.0,400.0,8836,8777,5619363bacfc206e564810962600c99ff66ce3d1e0f61b58a7d1642fac712af7,7a7c43b1f98bf12042552568d58837ed50a84e34434df5db294f38dab18d719c,29.9,25.14,0.547,True,1,20-40,0.226437,-0.6822,0.328964,False,29.9,False,scale0.060769_haze
c2c12_090325_exp1_F0005_Data__fault_contam,c2c12_090325_exp1_F0005_Data,tuning,1021,85.0,400.0,8836,8775,8cb8af6518dfc4e1ed43c8a879670753d7e846358f6e7a2645dd737ec38dc503,3a77421bdbcdbde68ba95b8463a1bfdce0f38ca10ab1545bdb40467ab859c5ce,31.06,24.78,0.494,True,1,20-40,0.275411,0.5979,0.328964,False,31.07,False,scale0.060769_haze
c2c12_090303_exp1_F0010_Data__fault_contam,c2c12_090303_exp1_F0010_Data,tuning,457,38.0,23.1666666666666,512,508,e38db2741482f70ea4c916d683a5af9fcaf48b09dce565c519aa567b6bf4666b,caec64b657dc168ea8b44cf8e59b437830b58797bcfb5bccc64eb17ad82ff9e4,12.97,12.11,0.745,True,0,0-20,0.22461,-0.2053,0.307557,False,12.97,False,scale0.060769_haze
c2c12_090303_exp1_F0010_Data__fault_contam,c2c12_090303_exp1_F0010_Data,tuning,481,40.0,54.833333333333265,1211,1200,6c06dc030c6194f061be206d7d5da5b41bcd36947aafadf5fa60af51cded5170,4da6a71f4635f0f2affc0158ce2544f842805547ce80c7ce63c34af247eb036b,13.53,11.68,0.737,True,0,0-20,0.205212,-0.6647,0.307557,False,13.53,False,scale0.060769_haze
c2c12_090303_exp1_F0010_Data__fault_contam,c2c12_090303_exp1_F0010_Data,tuning,505,42.0,86.49999999999993,1911,1900,86e8831765d7832b67484a2c912bf775498a55be237a07da05f80ed3baca4e93,a602a023a54204ed48475964448b87b2c68707e87395ae4e4b3b85eaf0225258,15.45,13.01,0.717,True,0,0-20,0.214034,-0.4558,0.307557,False,15.44,False,scale0.060769_haze
c2c12_090303_exp1_F0010_Data__fault_contam,c2c12_090303_exp1_F0010_Data,tuning,529,44.0,118.16666666666659,2610,2594,0d487d9a57de25636dd034d228a031058b7ed3536e8c74aa4230f7ef3c1b5dcc,1f41a1a185c507f0c134658c679bc295993a5b0fe0710fa13c6352c8a46e0227,16.94,13.9,0.706,True,0,0-20,0.217197,-0.3809,0.307557,False,16.95,False,scale0.060769_haze
c2c12_090303_exp1_F0010_Data__fault_contam,c2c12_090303_exp1_F0010_Data,tuning,553,46.0,149.8333333333333,3310,3281,c90e86be4130e97694122a292dc928362a11719cf11ca048a78da77c7add8a5e,b37087690d62bf8ba7d8470f1404bd1c84b96d6d923f2824b2de9b08a2f271b5,18.24,14.87,0.656,True,0,0-20,0.244674,0.2699,0.307557,False,18.24,False,scale0.060769_haze
c2c12_090303_exp1_F0010_Data__fault_contam,c2c12_090303_exp1_F0010_Data,tuning,577,48.0,181.49999999999994,4009,3974,4c6883e21fb1f410f604a3329bad9f7b749f5b5ebc23ce92c6a3d647e7174fd1,8fc6f6f1713864c5224e6ea319e6c6ffcd342bdfd2c2907538e31633df8777e0,19.36,14.88,0.656,True,0,0-20,0.249788,0.391,0.307557,False,19.36,False,scale0.060769_haze
c2c12_090303_exp1_F0010_Data__fault_contam,c2c12_090303_exp1_F0010_Data,tuning,601,50.0,213.1666666666666,4709,4670,33172b95401354dc049bdce1b5f6b32d03a2c0bec02e02edd2c999f95dce400f,7fe9c76adf818c7e72db0efa72f3b86bc2d277fa6b36e88609fbee119dec9789,20.6,15.19,0.65,True,0,0-20,0.257168,0.5658,0.307557,False,20.6,False,scale0.060769_haze
c2c12_090303_exp1_F0010_Data__fault_contam,c2c12_090303_exp1_F0010_Data,tuning,625,52.0,244.83333333333326,5408,5384,94a704adbb39c36e435d3bd445b0eb073b48e5deb8e586a4aea9e3fb73dc88da,c252f8cb076cd9ba75ad4e5d3f440a93f2a2bc5be9d332cd1a1c3c9812c734dc,22.87,17.19,0.603,True,0,0-20,0.238231,0.1173,0.307557,False,22.87,False,scale0.060769_haze
c2c12_090303_exp1_F0010_Data__fault_contam,c2c12_090303_exp1_F0010_Data,tuning,649,54.0,276.49999999999994,6108,6070,19db04b6bfd096f46d30ee1d21e07f2f015adffad7cc750309c7c483e7649556,3558761851138c8d88e6cb04bdf106218d0b5b0997e53942964fb8e2d7883c10,24.52,17.75,0.565,True,0,0-20,0.234202,0.0219,0.307557,False,24.52,True,scale0.060769_haze
c2c12_090303_exp1_F0010_Data__fault_contam,c2c12_090303_exp1_F0010_Data,tuning,673,56.0,308.16666666666663,6807,6752,99a86581440ef3bb87b3bad1f4dc01153ae611de80f59370f07be2aea633cbf5,845714308cd422a4aca3748df3f2babed4b323218fbb2bdf5fb2c448769653a1,26.5,18.86,0.534,True,0,0-20,0.246891,0.3224,0.307557,False,26.5,False,scale0.060769_haze
c2c12_090303_exp1_F0010_Data__fault_contam,c2c12_090303_exp1_F0010_Data,tuning,697,58.0,339.83333333333326,7507,7445,41e320a30a868f5f34b3f905930d7272c3b701381958d188de775ccd3af817ba,2989525258a4ca4f6ab551e31f43b68a281b2e743a8b7b74665b0f76528acd27,29.73,20.7,0.492,True,1,20-40,0.289888,0.9763,0.328964,False,29.74,True,scale0.060769_haze
c2c12_090303_exp1_F0010_Data__fault_contam,c2c12_090303_exp1_F0010_Data,tuning,721,60.0,371.49999999999994,8206,8152,5e92156aef701b0665d12f725715c12593b2bfe21e4264aed85760650cc65fbd,fa1675fedbc2a2fb457675909108325dddd668ad75717af93f244ca8be4ae0d8,30.74,21.53,0.485,True,1,20-40,0.209347,-1.1289,0.328964,False,30.74,False,scale0.060769_haze
c2c12_090303_exp1_F0010_Data__fault_contam,c2c12_090303_exp1_F0010_Data,tuning,745,62.0,400.0,8836,8782,ed686a7d8e439b0a6b9436579739f326e6ef80074aa94d97d164d98454cddf14,8418974b8d9bb505f0a821dd674f960c004d88d08f1584083c303d9bf6f56c3d,33.88,22.8,0.484,True,1,20-40,0.232394,-0.5265,0.328964,False,33.87,False,scale0.060769_haze
c2c12_090303_exp1_F0010_Data__fault_contam,c2c12_090303_exp1_F0010_Data,tuning,769,64.0,400.0,8836,8785,f89c9706fc575c7f90f3ff7d6358941aa10390eb7440ead7f0915e36d7890bf7,d7b8267b4ac983edbf8cdc31b0f7dd841c884bee991d1699922ae7c0a119b9cc,35.79,23.82,0.434,True,1,20-40,0.225511,-0.7064,0.328964,False,35.8,False,scale0.060769_haze
c2c12_090303_exp1_F0010_Data__fault_contam,c2c12_090303_exp1_F0010_Data,tuning,793,66.0,400.0,8836,8776,d00cb924abd1cee5ea86da50265256ac67f18c0151f376dc48f0634534170c9a,3e1d94ce347722ea4bc78fc35d19bc99b9ebef82189f18bd1e49934269590318,38.74,24.66,0.417,True,1,20-40,0.243059,-0.2477,0.328964,False,38.74,False,scale0.060769_haze
c2c12_090303_exp1_F0010_Data__fault_contam,c2c12_090303_exp1_F0010_Data,tuning,817,68.0,400.0,8836,8775,7586eb427012b2533c0c7f9806d68e8c2efe3e83c40e8983127c07cf9751454a,ed094107718e14b70cf297af1552aabd6d09cf7de91c1957e098e7de36087853,40.86,25.35,0.39,True,1,20-40,0.201828,-1.3254,0.328964,False,40.87,False,scale0.060769_haze
c2c12_090303_exp1_F0010_Data__fault_contam,c2c12_090303_exp1_F0010_Data,tuning,841,70.0,400.0,8836,8782,dfc977745d7d0e395ad6bc95ac0a2739075633b4ef861398d099879e7a67a07c,b061b8edf732221d3f248a8f7e4d632c8e789cd6dc3ea5bc6c1965753f9a3337,43.32,29.74,0.376,True,1,20-40,0.233951,-0.4858,0.328964,False,43.33,False,scale0.060769_haze
c2c12_090303_exp1_F0010_Data__fault_contam,c2c12_090303_exp1_F0010_Data,tuning,865,72.0,400.0,8836,8777,c1ebf47210488b7a75368a01a97c78fd68dfe3753d65c244ff6f55385de56427,5475aa15cc8fa1c3deece851dc84b7afb8c27471eaf0471e3228a75fb8d733bc,43.71,29.0,0.36,True,1,20-40,0.213084,-1.0312,0.328964,False,43.72,False,scale0.060769_haze
c2c12_090303_exp1_F0010_Data__fault_contam,c2c12_090303_exp1_F0010_Data,tuning,889,74.0,400.0,8836,8772,493d96ad541c2639e19e8e581c8b7b02a412627c660091644d85a68fe602f0f0,0673012a46c48337517fd58b3d8833fe5122286fadf16387aeb07fadbee31284,45.93,30.44,0.32,True,1,20-40,0.207803,-1.1692,0.328964,False,45.94,False,scale0.060769_haze
c2c12_090303_exp1_F0010_Data__fault_contam,c2c12_090303_exp1_F0010_Data,tuning,913,76.0,400.0,8836,8775,b2a94b9f3747f105a1b0f7347ecae5acdf2e2a6fe22216d8ae8ed2958430ab22,920b8e0ae1de451ccbde9a3fefa6353eb7eeadb7a1df1c9af0be618661e3db03,48.02,34.03,0.272,True,1,20-40,0.227076,-0.6655,0.328964,False,48.02,False,scale0.060769_haze
c2c12_090303_exp1_F0010_Data__fault_contam,c2c12_090303_exp1_F0010_Data,tuning,937,78.0,400.0,8836,8787,f83b650a1366d8a4faacc9d290ba94be4fe86bbeee40ca0e4c6f0ae94967849c,c88254584a7ee901cc7375dd50e2cc19ba02478faf5cb64534891a8232ae300e,48.29,33.1,0.289,True,1,20-40,0.227911,-0.6436,0.328964,False,48.3,False,scale0.060769_haze
c2c12_090303_exp1_F0010_Data__fault_contam,c2c12_090303_exp1_F0010_Data,tuning,961,80.0,400.0,8836,8771,b47c7a729156b830ab056f3e193f5a2eadfb99b21b3f66f85f40be1d8cbfbca9,cc3f1b22df4714eb5a1dbe3af1fe0be53a80e91432118a5d5f1e74ef8981711c,49.96,35.8,0.272,True,1,20-40,0.225682,-0.7019,0.328964,False,49.96,False,scale0.060769_haze
c2c12_090303_exp1_F0010_Data__fault_contam,c2c12_090303_exp1_F0010_Data,tuning,985,82.0,400.0,8836,8780,4088216ff86992e3522a3e92e9016353bd5167304048cb44508eb31f60c67042,07757a136ec10c59a2fe2f67e4bf068e8c1771dcf45d65f999d0b9bcaa90fa70,49.91,36.76,0.289,True,1,20-40,0.250261,-0.0594,0.328964,False,49.9,False,scale0.060769_haze
c2c12_090303_exp1_F0010_Data__fault_contam,c2c12_090303_exp1_F0010_Data,tuning,1009,84.0,400.0,8836,8768,431aff7a28551691ba0ca6d81fae7413a4a3a7a15e45282866fa6146868c4220,3a625da1f2b771f1245adc584acd31546bdac5282a2d8142ece2c6e566ebf8f2,50.85,37.74,0.282,True,1,20-40,0.203564,-1.28,0.328964,False,50.84,False,scale0.060769_haze
c2c12_090325_exp1_F0013_Data__fault_contam,c2c12_090325_exp1_F0013_Data,heldout,469,39.0,24.749999999999954,547,543,9d1770f15c0e90e60bec3100c3bd6d5989d9de99e8bffe4e24dc0993cf41d0df,06e17a960e01e8ef75b3cf1e7be4ca28402037e7e946fad6333d93b3a4926777,16.47,15.67,0.798,True,0,0-20,0.172373,-1.4424,0.307557,False,16.46,False,scale0.060769_haze
c2c12_090325_exp1_F0013_Data__fault_contam,c2c12_090325_exp1_F0013_Data,heldout,493,41.0,56.41666666666662,1246,1243,45a076e526ec7db32f01753795f3016479b43bfac62d3e08c912e9768aaa5853,b0e595bc8be8e4084aaa59cee0cd1c8e5bb2cd886fdbd6da5c6765d9ac8daff3,17.89,16.71,0.79,True,0,0-20,0.204937,-0.6712,0.307557,False,17.89,False,scale0.060769_haze
c2c12_090325_exp1_F0013_Data__fault_contam,c2c12_090325_exp1_F0013_Data,heldout,517,43.0,88.08333333333329,1946,1935,d73d011633c5f2cbeec521e3fd3dc1dad1445598e9bfeda22b3eda8e47b5b7e8,01d5f3bf838a6eadbfba459b18c1f7a92f60e5fab23b9b4832ac6937140601c5,20.44,18.6,0.77,True,0,0-20,0.218443,-0.3514,0.307557,False,20.44,True,scale0.060769_haze
c2c12_090325_exp1_F0013_Data__fault_contam,c2c12_090325_exp1_F0013_Data,heldout,541,45.0,119.74999999999996,2645,2628,e0d102fde9fe41c2fe4299bbcf56ddbe8900bfe9f99f4acb6822ffc3e6405b15,0f19bf0572d6b4476a23afc7da30a61f2735e04595ad10dbdc7f649668c6374b,21.08,18.04,0.709,True,0,0-20,0.179776,-1.2671,0.307557,False,21.08,False,scale0.060769_haze
c2c12_090325_exp1_F0013_Data__fault_contam,c2c12_090325_exp1_F0013_Data,heldout,565,47.0,151.41666666666663,3345,3322,d101403ae15104feb084ea4c0d72f2253eadb8773db5b55833ddc767998c7bbe,1c4e3e1fa11e7ca6b846cef886809ec3cb8b896a0962a913173996fea761136f,23.12,19.95,0.699,True,0,0-20,0.203167,-0.7131,0.307557,False,23.12,False,scale0.060769_haze
c2c12_090325_exp1_F0013_Data__fault_contam,c2c12_090325_exp1_F0013_Data,heldout,589,49.0,183.0833333333333,4044,4012,ce1f6929b6e8e8153aa6de01cf44e792ad337a771445690af8469a91d6e00c86,8d6422ed36af472538b78710bb419861432a4dcab0685813b5ceb031f59ef266,24.38,20.45,0.639,True,1,20-40,0.20634,-1.2075,0.328964,False,24.39,False,scale0.060769_haze
c2c12_090325_exp1_F0013_Data__fault_contam,c2c12_090325_exp1_F0013_Data,heldout,613,51.0,214.74999999999994,4744,4706,89ac5e2478f15f90b455814e2b09f6315bba5ba60fd40235a19656d28f917f3a,87deb0be57e488ccd38621cf2fdb632dbff5dea972821b49f241f29779eb406f,25.77,21.96,0.641,True,1,20-40,0.249559,-0.0778,0.328964,False,25.76,False,scale0.060769_haze
c2c12_090325_exp1_F0013_Data__fault_contam,c2c12_090325_exp1_F0013_Data,heldout,637,53.0,246.41666666666663,5443,5405,a6adbf5c8ec7fd9ca344f971cb41ad0d83a3ae7c6986d3bdd0f20c7d842fa991,a8822b80a6105dab18113e649fe65bb432a36fe19bd09ddd9fc5ef49ce609254,26.88,20.35,0.598,True,1,20-40,0.224094,-0.7434,0.328964,False,26.89,False,scale0.060769_haze
c2c12_090325_exp1_F0013_Data__fault_contam,c2c12_090325_exp1_F0013_Data,heldout,661,55.0,278.0833333333333,6143,6093,049da046f8e1503b7771abe09733ed4390d98a925053a6449b651c8db70906eb,721c83601f1b499b8f74b0fdb3611b1fe933128325ec6ffabd8870cd72758a06,28.62,22.24,0.562,True,1,20-40,0.25665,0.1076,0.328964,False,28.61,False,scale0.060769_haze
c2c12_090325_exp1_F0013_Data__fault_contam,c2c12_090325_exp1_F0013_Data,heldout,685,57.0,309.74999999999994,6842,6803,d4396f0a05682e842f064fee0a4d9da514f56522c6d039c4c31167221516db58,7ebeab3de0e28dd8b3a8521d0882d1a6310ad9b7dee39b95306169d3e996a305,28.92,20.99,0.569,True,1,20-40,0.218446,-0.891,0.328964,False,28.93,False,scale0.060769_haze
c2c12_090325_exp1_F0013_Data__fault_contam,c2c12_090325_exp1_F0013_Data,heldout,709,59.0,341.41666666666663,7542,7483,11d0ab46d21cbe5c572438556441ded52a958ff4340d9738e7cee9722d1116f5,a6114cff6c4c46e8dae894df0cf49c8d6ee00b9bbaefb788618568141d027a29,30.48,22.73,0.564,True,1,20-40,0.258424,0.1539,0.328964,False,30.48,False,scale0.060769_haze
c2c12_090325_exp1_F0013_Data__fault_contam,c2c12_090325_exp1_F0013_Data,heldout,733,61.0,373.0833333333333,8241,8189,484a4baa2328f17cceebb5ec3861c97ad400b35e82abb63b19b56a3c397020c5,3f16e16cb3d229204e6323e27d9a135be8f871acd64026990a1e7191e76ef623,30.66,24.96,0.553,True,1,20-40,0.222125,-0.7949,0.328964,False,30.67,False,scale0.060769_haze
c2c12_090325_exp1_F0013_Data__fault_contam,c2c12_090325_exp1_F0013_Data,heldout,757,63.0,400.0,8836,8789,6289aff33394243c90594f6d508f6b14ba1d3d0a8aa13fc0af6be66f4272373d,ae08fdbdbe44a61673c16d61a2c74c4dbb6334e6a3800b59e24d61500931c1e6,31.39,23.41,0.556,True,1,20-40,0.277309,0.6476,0.328964,False,31.37,False,scale0.060769_haze
c2c12_090325_exp1_F0013_Data__fault_contam,c2c12_090325_exp1_F0013_Data,heldout,781,65.0,400.0,8836,8773,58d34309453336b67de3152eddf07ffc25ec90af8d07975a5076c25545be688b,4e760d767da832b9947918ccdadd1a6464d2d54ab8d940a017737e7088fce701,32.7,24.14,0.512,True,1,20-40,0.237242,-0.3997,0.328964,False,32.75,False,scale0.060769_haze
c2c12_090325_exp1_F0013_Data__fault_contam,c2c12_090325_exp1_F0013_Data,heldout,805,67.0,400.0,8836,8778,189a76eb6d3a62a5bdaf54f6bb4df4f9d059e89de78a6ccda46af00d36459726,e6b52f269edb2df3fda4c9ccf31bea2fa0137688281c31b8aae9141c829b9c7c,34.31,25.56,0.492,True,1,20-40,0.277957,0.6645,0.328964,False,34.32,False,scale0.060769_haze
c2c12_090325_exp1_F0013_Data__fault_contam,c2c12_090325_exp1_F0013_Data,heldout,829,69.0,400.0,8836,8787,4d47f1bbe4da15c4348b685184d56b207ae3e792694c39a46d6a4af7a0c2da64,fc8ef7a1a5267d34b51f18c7d13f202614186f2cfbd9dd0efc47f42a2da0abe7,34.94,25.58,0.526,True,1,20-40,0.272744,0.5282,0.328964,False,34.94,False,scale0.060769_haze
c2c12_090325_exp1_F0013_Data__fault_contam,c2c12_090325_exp1_F0013_Data,heldout,853,71.0,400.0,8836,8786,b7c4ea15762560ad2aca4b3822842f376f6670ccf38c5c242dc851c413f71673,9da4298bef962ed2b6f1a6e94461ae9d202d0012a2fcac6d33b59983adb839c2,37.58,27.83,0.446,True,1,20-40,0.265406,0.3364,0.328964,False,37.58,False,scale0.060769_haze
c2c12_090325_exp1_F0013_Data__fault_contam,c2c12_090325_exp1_F0013_Data,heldout,877,73.0,400.0,8836,8772,af8574fac7d8a0ed4e2109ff223c06949aad1329a96635e7d1f329eb1b5cb1ad,a47070eab346008677f8a2e4d93cb58fe6c71566fac7834a5ea707e96cc2bc18,38.05,28.15,0.479,True,1,20-40,0.228667,-0.6239,0.328964,False,38.05,False,scale0.060769_haze
c2c12_090325_exp1_F0013_Data__fault_contam,c2c12_090325_exp1_F0013_Data,heldout,901,75.0,400.0,8836,8770,61d380e1e101158b41d349440ac6c4417c5dd8de79788fa0c094099f46ee1614,4748aa46694791b976f1c1be7b9bbb39eaf0f377a18856ef184cc51c558897a2,40.31,29.76,0.435,True,1,20-40,0.241423,-0.2904,0.328964,False,40.31,False,scale0.060769_haze
c2c12_090325_exp1_F0013_Data__fault_contam,c2c12_090325_exp1_F0013_Data,heldout,925,77.0,400.0,8836,8774,cd1dc72c5ac3a44b1f1801329188bf8a554af2beafb134e77e575ec3cce4929d,e9aed6518d44a5f4d0833c9078430131f4d02c63c2eced3d54545aa3824120dc,41.31,31.55,0.383,True,1,20-40,0.255429,0.0756,0.328964,False,41.32,False,scale0.060769_haze
c2c12_090325_exp1_F0013_Data__fault_contam,c2c12_090325_exp1_F0013_Data,heldout,949,79.0,400.0,8836,8765,00456508833f8442c6a51b7e7e3b0a7f8b041b7dded2d29c8c3a16f6cdc42785,bce0cb2a824a41d45f40b15934d23dfd10f6cfd293f3c4d6d43a93a1ee6e04c5,42.69,32.17,0.395,True,1,20-40,0.211686,-1.0677,0.328964,False,42.69,False,scale0.060769_haze
c2c12_090325_exp1_F0013_Data__fault_contam,c2c12_090325_exp1_F0013_Data,heldout,973,81.0,400.0,8836,8762,375f31ac4db396d8738fdfadc079b0953629bb43cada970f4608b8d5ba052378,51726e17ebc8b0dba82d5bb7ebbbc594de10fbc9b80be9cf700399fcb6dee650,41.87,32.34,0.417,True,1,20-40,0.20315,-1.2908,0.328964,False,41.9,False,scale0.060769_haze
c2c12_090325_exp1_F0013_Data__fault_contam,c2c12_090325_exp1_F0013_Data,heldout,997,83.0,400.0,8836,8770,e9e88b6e91623b4e6f460f12a24f6e56f577d6411853f99a441e166481a7f115,e0aa9525f199c45e29c3df15e107e2487be72635892771cd58ae8c043569ec3b,41.27,32.2,0.414,True,1,20-40,0.215417,-0.9702,0.328964,False,41.27,False,scale0.060769_haze
c2c12_090325_exp1_F0013_Data__fault_contam,c2c12_090325_exp1_F0013_Data,heldout,1021,85.0,400.0,8836,8774,888283d9ce7abaf4c393ec49d1eec6644cd4104d539aea85a2135974d28838d9,ccef3f7ecf293c72698df1b2146a2ef3a43693e4ae630b0e8654d7650b666654,42.1,32.23,0.43,True,1,20-40,0.261345,0.2303,0.328964,False,42.08,False,scale0.060769_haze
c2c12_090318_exp1_F0005_Data__fault_contam,c2c12_090318_exp1_F0005_Data,heldout,481,40.0,26.33333333333331,582,580,c5fe8d0dbbfc750b004193dc3009360d057c612622e835ce074633a99abf8667,e48b3d9d0e08c46fda516219e32ea634431c211c03213bcc03810b1414aaf002,9.8,9.1,0.853,True,0,0-20,0.22537,-0.1873,0.307557,False,9.8,False,scale0.060769_haze
c2c12_090318_exp1_F0005_Data__fault_contam,c2c12_090318_exp1_F0005_Data,heldout,505,42.0,57.99999999999998,1281,1270,77249b839014bfebf2b6f7fe95c1c8528fdba5ca32aef9a15c79f4794246fe7d,c4e154db3077700b41298c9d653558930ba4783369de7b1d892c12ff9ac4bb9a,10.12,8.99,0.84,True,0,0-20,0.26989,0.867,0.307557,False,10.12,True,scale0.060769_haze
c2c12_090318_exp1_F0005_Data__fault_contam,c2c12_090318_exp1_F0005_Data,heldout,529,44.0,89.66666666666664,1981,1968,98b68201ec67cd0e06f001ed1d02de58b243ada18b2a14f5401bb52b5d66fa3e,27f9dc4f24b58f846e2c95e89a9e3dfc2c6d1b270341219e97d1eb4310116945,11.42,10.11,0.817,True,0,0-20,0.255364,0.523,0.307557,False,11.42,False,scale0.060769_haze
c2c12_090318_exp1_F0005_Data__fault_contam,c2c12_090318_exp1_F0005_Data,heldout,553,46.0,121.33333333333331,2680,2657,15ccd96632b97f2598eed26368f948c96ff64a54127d60c174e0349ed02622c2,151c07cada53e303d38c4945e7a37a039e55c3c5cb9cb0c585f706ae953b867c,10.88,9.04,0.817,True,0,0-20,0.218568,-0.3484,0.307557,False,10.89,False,scale0.060769_haze
c2c12_090318_exp1_F0005_Data__fault_contam,c2c12_090318_exp1_F0005_Data,heldout,577,48.0,152.99999999999997,3380,3349,402aafb39b350566fc81e36c1c0129c0af12e7d03d64bbdb47a47d166994e062,6cb35197810243a2105fcc26aaf8befbca8099808294934eac7593f0909f55d6,12.78,10.81,0.803,True,0,0-20,0.26822,0.8275,0.307557,False,12.76,False,scale0.060769_haze
c2c12_090318_exp1_F0005_Data__fault_contam,c2c12_090318_exp1_F0005_Data,heldout,601,50.0,184.66666666666666,4079,4045,a809b3f1e95b44a88c613591bc00726382f5e2248b56c359bafd3e4905f22a20,94e1ac720e2c560f7c06b9aff3daa6f99020de264d7e9173cf23f91d06072385,14.05,10.73,0.764,True,0,0-20,0.217894,-0.3644,0.307557,False,14.04,False,scale0.060769_haze
c2c12_090318_exp1_F0005_Data__fault_contam,c2c12_090318_exp1_F0005_Data,heldout,625,52.0,216.33333333333331,4779,4744,3cde32855eecc55af1a5486b82e4bb3eac90047c5dbdf065675a27b65c2eff91,841ad6db1e7581b322b6048c98fa76cc17d5ffd17b130954e7408aebd2425e7a,13.98,11.43,0.778,True,0,0-20,0.280488,1.118,0.307557,False,13.98,False,scale0.060769_haze
c2c12_090318_exp1_F0005_Data__fault_contam,c2c12_090318_exp1_F0005_Data,heldout,649,54.0,248.0,5478,5446,81f455b8deff655689beb7bf429b6c843021d8fe0c38675acb68f5cfd67bdd2a,032fcaa64c8673dd5d2f6d27c4eb3611736164fe35d61b9a461089c80dbc9983,14.89,10.44,0.793,True,0,0-20,0.253924,0.4889,0.307557,False,14.9,False,scale0.060769_haze
c2c12_090318_exp1_F0005_Data__fault_contam,c2c12_090318_exp1_F0005_Data,heldout,673,56.0,279.66666666666663,6178,6140,abb62e6f535643449da61eb3cdabb93b94ddfb9eaa60b4575625bce84ab6dd03,671c7d7523ed3a96e64c5ad8214825a8e1ab951cd21ca490af14059b6f3ffd40,15.42,10.36,0.771,True,0,0-20,0.228618,-0.1104,0.307557,False,15.42,False,scale0.060769_haze
c2c12_090318_exp1_F0005_Data__fault_contam,c2c12_090318_exp1_F0005_Data,heldout,697,58.0,311.3333333333333,6877,6830,1f9af55d146f29cd190e98be77f6aafce6053a9ed818681ca2c1a95e4b1a422d,85469a709430abc82a4bc14a86ee2cb6235e1f41ec345357416f3acd16c47089,14.43,11.62,0.76,True,0,0-20,0.288791,1.3147,0.307557,False,14.45,False,scale0.060769_haze
c2c12_090318_exp1_F0005_Data__fault_contam,c2c12_090318_exp1_F0005_Data,heldout,721,60.0,343.0,7577,7529,8731ffa786d2c28d474a0cc4accb1ee8afd3720e0d67decbd78db360ce1fbba0,2d645dc0b317f31c46eca10ee7aeb144de2b2e429938e3114eae10440c369eaa,15.74,12.82,0.74,True,0,0-20,0.233723,0.0105,0.307557,False,15.75,False,scale0.060769_haze
c2c12_090318_exp1_F0005_Data__fault_contam,c2c12_090318_exp1_F0005_Data,heldout,745,62.0,374.66666666666663,8276,8219,b10061a64fbc6fc9ecfccdd06c21d374a7f39e76eafa359d2e093b299a2df584,955a6d1d3017b14540f41edd5dcc94f3fccf20a4c8c0edb0e4a039571e3f211d,15.92,12.63,0.73,True,0,0-20,0.280739,1.124,0.307557,False,15.93,False,scale0.060769_haze
c2c12_090318_exp1_F0005_Data__fault_contam,c2c12_090318_exp1_F0005_Data,heldout,769,64.0,400.0,8836,8773,9d0dd9d855160c8337e050868aa87623256c33bbb6414c276acf296f2e523cb8,7fd4f1359b43558676cb7c1491121cddb3b2be267c97e6f88f625dfe0502c9c0,15.98,12.18,0.709,True,0,0-20,0.328035,2.2441,0.307557,True,15.98,False,scale0.060769_haze
c2c12_090318_exp1_F0005_Data__fault_contam,c2c12_090318_exp1_F0005_Data,heldout,793,66.0,400.0,8836,8776,a1c968f6e61a70867c57fe72ee90186cdc6e5cd9602838eaf72152b133e1ccbf,caf882c6bdcd9bd68b8d139816fe23346edbeb9acd885c5f9d0d03e3be656692,16.9,13.37,0.702,False,0,0-20,0.280408,1.1161,0.307557,False,16.91,False,scale0.060769_haze
c2c12_090318_exp1_F0005_Data__fault_contam,c2c12_090318_exp1_F0005_Data,heldout,817,68.0,400.0,8836,8772,2f00feed4f1304a1b4ef723ea2bfc0358127347049127ef4dcda9339b5333836,2c462f6d3b4156f5b7efe6677d75a50b9c874ecfee523e22e573d3ab7988d6f2,17.69,13.22,0.717,False,0,0-20,0.237131,0.0912,0.307557,False,17.69,False,scale0.060769_haze
c2c12_090318_exp1_F0005_Data__fault_contam,c2c12_090318_exp1_F0005_Data,heldout,841,70.0,400.0,8836,8785,d9c6b3383e2f08cf1dc8326c65c832182aad41ad01db1542a976421ba2fe65fb,985fdeb94792488a2750a267e5839ecde86950cae428aabcc1517b01757665ce,18.14,14.73,0.714,False,0,0-20,0.225407,-0.1864,0.307557,False,18.14,False,scale0.060769_haze
c2c12_090318_exp1_F0005_Data__fault_contam,c2c12_090318_exp1_F0005_Data,heldout,865,72.0,400.0,8836,8785,c834e68b5b126a19266f51c782edaf85438956de604e6667b4c0c81a0a3732cd,fb02d2c75d868bcebcc6e4c8d5d0480ad85dd4ee61e32cafc4a19be282dd18dd,18.47,14.6,0.707,False,0,0-20,0.207961,-0.5996,0.307557,False,18.47,False,scale0.060769_haze
c2c12_090318_exp1_F0005_Data__fault_contam,c2c12_090318_exp1_F0005_Data,heldout,889,74.0,400.0,8836,8754,f986bcdf406dd822b2ff4033f8689ba7a6a62a6e5d5b6f067367c1fcbe3a1915,a701847d5b9a3d9f8358a1888c9fb67fa329b665767abdc85e4ee35df6171953,19.26,14.83,0.694,False,0,0-20,0.225579,-0.1824,0.307557,False,19.26,False,scale0.060769_haze
c2c12_090318_exp1_F0005_Data__fault_contam,c2c12_090318_exp1_F0005_Data,heldout,913,76.0,400.0,8836,8778,ca907d524159530f8d8cd28baa1de2f22176619ba9462a2e690694980409b66a,d110aed0b0010316a386981d07179d2d8a2ebdc32d610a6176dc951bb6845684,19.24,15.25,0.698,False,0,0-20,0.2811,1.1325,0.307557,False,19.25,False,scale0.060769_haze
c2c12_090318_exp1_F0005_Data__fault_contam,c2c12_090318_exp1_F0005_Data,heldout,937,78.0,400.0,8836,8782,b6c7329e4e89d5cc552283bb60fd1e2082198b2fa9bab39b146651d48cbfb9e0,1a1024b4fb0d95de600c7b862504b2ebeb8bbb12a0683840b19b8a1b71f9727c,20.25,15.26,0.687,False,0,0-20,0.249619,0.387,0.307557,False,20.25,False,scale0.060769_haze
c2c12_090318_exp1_F0005_Data__fault_contam,c2c12_090318_exp1_F0005_Data,heldout,961,80.0,400.0,8836,8771,8aab61cdafc2d125b8ef44657a7d5c14390fc7747d0875ed4cde959b3c53b57a,8b8c7abdf0c5c5dde69a8e1b332ea97ae36801013d3d9f805ada9e12510e4164,20.28,14.6,0.653,False,0,0-20,0.223438,-0.2331,0.307557,False,20.29,False,scale0.060769_haze
c2c12_090318_exp1_F0005_Data__fault_contam,c2c12_090318_exp1_F0005_Data,heldout,985,82.0,400.0,8836,8759,dcdc56ef256ca2dfab4fc7b82617e0080a5aa0fa05e17bc08b20b1e51a6bcca0,4025929b4d0d2bb978ee2bff512b8d8d8ba0944636f7a28c1bbe667295fcbbc8,21.26,15.31,0.647,False,0,0-20,0.256344,0.5462,0.307557,False,21.27,False,scale0.060769_haze
c2c12_090318_exp1_F0005_Data__fault_contam,c2c12_090318_exp1_F0005_Data,heldout,1009,84.0,400.0,8836,8776,8f22361da498704a538a2cc72bb59fa6eec961a7cfe244c08a6e3c6c0f9335ab,87c0787b160647987e04a4c177e3fc4b60e8afe28f1461d6e77b919e1677c246,22.39,16.83,0.647,False,0,0-20,0.237113,0.0908,0.307557,False,22.4,False,scale0.060769_haze
c2c12_090318_exp1_F0005_Data__fault_contam,c2c12_090318_exp1_F0005_Data,heldout,1033,86.0,400.0,8836,8761,c73947e7106dd7b702c8fa5892ee31f5e972c6862795a414ddd7a06fa8116d58,b5556cc07cd9a2941a3c95d9de72305470b542bcd42fbd5dd5de1ff004adb600,24.39,17.33,0.585,False,0,0-20,0.235026,0.0414,0.307557,False,24.39,False,scale0.060769_haze
c2c12_090318_exp1_F0005_Data__fault_contam,c2c12_090318_exp1_F0005_Data,heldout,1057,88.0,400.0,8836,8757,1d556d4c9915c28140ec5d12afb678f891332eead93e696317c23e9eb56a5566,a86bf27ed13e0b0db601bd8eac89da004c7f8f2010f2392908850b9fdb28683f,24.68,16.63,0.508,False,0,0-20,0.285473,1.2361,0.307557,False,24.68,False,scale0.060769_haze
c2c12_090325_exp1_F0005_Data__fault_contam,c2c12_090325_exp1_F0005_Data,tuning,469,39.0,24.749999999999954,547,542,21410c24f3d2baa8d8831c280e9122a8aa87fabcc51a49ecfe1559a64925b21a,82a82aea6afec694fd86851c3f34615e60499750dec9daffb3486d19b7a288ea,13.17,12.29,0.82,True,0,0-20,0.25706,0.5632,0.307557,False,13.17,False,scale0.060769_nohaze
c2c12_090325_exp1_F0005_Data__fault_contam,c2c12_090325_exp1_F0005_Data,tuning,493,41.0,56.41666666666662,1246,1233,2e45d4e4b54166ac793351a3638fb387614b934d911f5821dc886ef82c27d094,a1b06548220cdfcf97bddbf83c3061e6e28bfca591a8c4445b30a51c5cee9539,14.39,12.6,0.77,True,0,0-20,0.196341,-0.8748,0.307557,False,14.39,False,scale0.060769_nohaze
c2c12_090325_exp1_F0005_Data__fault_contam,c2c12_090325_exp1_F0005_Data,tuning,517,43.0,88.08333333333329,1946,1929,fa16f7fdbe98a99429b625993a38b41f5faa0cdb3c96637513bda67bf17f48d5,048e210961fdc4eaa9370342094b3e0bb155093bb27af2e9e7060bf1e1e5ce9f,15.64,14.34,0.775,True,0,0-20,0.195889,-0.8855,0.307557,False,15.65,False,scale0.060769_nohaze
c2c12_090325_exp1_F0005_Data__fault_contam,c2c12_090325_exp1_F0005_Data,tuning,541,45.0,119.74999999999996,2645,2622,3a64014aaf17fcdc619f23e56254ccf608b8ffd75ea0100d4f8b017baf37e32f,676cc1dfbdcbe1a85168086ec939e2b67f7272b8a968c4636089410298f4b9f5,14.96,13.19,0.776,True,0,0-20,0.265693,0.7677,0.307557,False,14.97,False,scale0.060769_nohaze
c2c12_090325_exp1_F0005_Data__fault_contam,c2c12_090325_exp1_F0005_Data,tuning,565,47.0,151.41666666666663,3345,3324,cb246e599e14ebfb2375d3b325661181409bc6877d522a25f27af1ccfcf2dcb2,044cd40acff09fdc1ab11213e447e508411492249c2a268404ba8ba45367599e,14.54,12.76,0.785,True,0,0-20,0.211128,-0.5246,0.307557,False,14.55,False,scale0.060769_nohaze
c2c12_090325_exp1_F0005_Data__fault_contam,c2c12_090325_exp1_F0005_Data,tuning,589,49.0,183.0833333333333,4044,4015,59b7c0e776ace7db5af80e6dc962ef8d5f8e5708fd3013c4047ab03cbbc162bb,4660387dd48d4d68d03102d367d4c003bd334bc39b7ad34c1d0ae1802ee19332,14.89,12.8,0.768,True,0,0-20,0.19204,-0.9766,0.307557,False,14.89,False,scale0.060769_nohaze
c2c12_090325_exp1_F0005_Data__fault_contam,c2c12_090325_exp1_F0005_Data,tuning,613,51.0,214.74999999999994,4744,4709,e90af4c085191d7bf408b4964138df6df76170337130127c4fb941cdaca09ab7,96a17325be918721ae1ba19c12bc75d83968ce0228f7c97fd4c0e0052e1c2f2e,16.96,14.89,0.73,True,0,0-20,0.195814,-0.8873,0.307557,False,16.96,False,scale0.060769_nohaze
c2c12_090325_exp1_F0005_Data__fault_contam,c2c12_090325_exp1_F0005_Data,tuning,637,53.0,246.41666666666663,5443,5398,0d7be6c08fa16972c300740ca735032850039f80c76f3bff03620cd8fde19fd2,9698bc9f49becdc20ae7532f24a40e9aede8cc1b45287d4f70a15b7ec7ec4f40,18.26,16.07,0.733,True,0,0-20,0.26087,0.6534,0.307557,False,18.28,False,scale0.060769_nohaze
c2c12_090325_exp1_F0005_Data__fault_contam,c2c12_090325_exp1_F0005_Data,tuning,661,55.0,278.0833333333333,6143,6090,36660f6f091120064fdb44864f0b78ffc8cfae4159b3a76f4259e9b13fb80a5a,84dfb13fbb954bab6ffd047f3104c815962f29d3cce239f1d4a166ce016363be,19.66,17.21,0.703,True,0,0-20,0.210759,-0.5333,0.307557,False,19.68,False,scale0.060769_nohaze
c2c12_090325_exp1_F0005_Data__fault_contam,c2c12_090325_exp1_F0005_Data,tuning,685,57.0,309.74999999999994,6842,6801,76da6fc86643c375decd2c4f56821e110a1d6ecbf88b2783949640901b5d37a2,21d74877a4cf85cebadfc6bec9dbdeb842a37ec9577ad019bc05bc06ac7d6371,20.46,18.06,0.695,True,0,0-20,0.250354,0.4044,0.307557,False,20.47,False,scale0.060769_nohaze
c2c12_090325_exp1_F0005_Data__fault_contam,c2c12_090325_exp1_F0005_Data,tuning,709,59.0,341.41666666666663,7542,7478,32b41bc3d4582e2f5408f384bbefe0a7ef363457db4ab43f34f09af2432d2ea1,787c34ad8e35f679d938f6156314a612a7c8b7d6ee1ea8149f4005238e2ef446,20.65,18.8,0.699,True,0,0-20,0.228784,-0.1065,0.307557,False,20.65,False,scale0.060769_nohaze
c2c12_090325_exp1_F0005_Data__fault_contam,c2c12_090325_exp1_F0005_Data,tuning,733,61.0,373.0833333333333,8241,8188,c1f97e3fa39d5d6e29c24c45187ec590df7d0e197291e1ec5db4ef31ac5d4711,0e791484249f0848d2eea140bf9d5f0bb9bd6216007f3ece02f750d3da40ce85,21.15,18.74,0.7,True,0,0-20,0.223935,-0.2213,0.307557,False,21.14,False,scale0.060769_nohaze
c2c12_090325_exp1_F0005_Data__fault_contam,c2c12_090325_exp1_F0005_Data,tuning,757,63.0,400.0,8836,8768,eae2483bdc01fe55ade88b6ab38fc082dd345417cecbb5a16c56170a1953efcd,5175c70dfbef582f7f2d68064cf7189aff2a61b96419a468e5196a3d04471c30,21.19,19.04,0.693,True,0,0-20,0.220272,-0.308,0.307557,False,21.18,False,scale0.060769_nohaze
c2c12_090325_exp1_F0005_Data__fault_contam,c2c12_090325_exp1_F0005_Data,tuning,781,65.0,400.0,8836,8764,6e5d1e10e852d365602a2ada232ad809f25a96a2a06a25943aae3be30e7429c0,8ac97dc9c4a903d695980fb7b8e2fec0c528581d261d9fb865068cdc5365b97b,22.1,19.65,0.691,True,0,0-20,0.252337,0.4513,0.307557,False,22.11,False,scale0.060769_nohaze
c2c12_090325_exp1_F0005_Data__fault_contam,c2c12_090325_exp1_F0005_Data,tuning,805,67.0,400.0,8836,8775,fd12862cf9b3b157422b1c47d6158afe03114383a76e4fc2fc53ccbc55b0d265,096ae4b32cef05c4bf7b7d9085aedc2ece6262e9e0cc7fa5319e6f9406b8fef9,23.22,20.44,0.652,True,1,20-40,0.247079,-0.1426,0.328964,False,23.22,False,scale0.060769_nohaze
c2c12_090325_exp1_F0005_Data__fault_contam,c2c12_090325_exp1_F0005_Data,tuning,829,69.0,400.0,8836,8779,cae38b257810fb9643cb226c6ed9a084cfcc2314069efb0be1ad3e9f8cba4234,eab5edecdad38b3d0c35be50174d62346b61def8423f9222d775475c2548462c,23.76,21.17,0.651,True,1,20-40,0.262161,0.2516,0.328964,False,23.77,False,scale0.060769_nohaze
c2c12_090325_exp1_F0005_Data__fault_contam,c2c12_090325_exp1_F0005_Data,tuning,853,71.0,400.0,8836,8768,98ec5fb72be4036d9638500241fd2e151ea1be2bd7704ab2efaf87dd759d3cee,0d675066bf53866d2ce4c767a9bfd30028920d32ea6fa99f90d091f4665a6570,25.21,22.59,0.655,True,1,20-40,0.241134,-0.298,0.328964,False,25.21,False,scale0.060769_nohaze
c2c12_090325_exp1_F0005_Data__fault_contam,c2c12_090325_exp1_F0005_Data,tuning,877,73.0,400.0,8836,8767,0a18f46cb9361865e5025c661ae27eea5aa6b7d9aaf95a3d83e26e5f11dc89b9,3dcfa05f14a5b1be23af3c14973c19d310ba755048e4383ca60ac4dbd67e3f48,25.29,22.9,0.635,True,1,20-40,0.27785,0.6617,0.328964,False,25.29,False,scale0.060769_nohaze
c2c12_090325_exp1_F0005_Data__fault_contam,c2c12_090325_exp1_F0005_Data,tuning,901,75.0,400.0,8836,8774,b5fdeada77f48afef8827b1e71af06e99c501b8382bf011cdd7d99dda65952d7,cb79d655f8357cae39bf7ffec9ff2aff8339eb257443fc663f71f1e5dddd8806,26.62,23.58,0.614,True,1,20-40,0.237845,-0.384,0.328964,False,26.61,False,scale0.060769_nohaze
c2c12_090325_exp1_F0005_Data__fault_contam,c2c12_090325_exp1_F0005_Data,tuning,925,77.0,400.0,8836,8775,11828ad1fd1a3d8686621e46f76798129c4c24dc282bac02366a8242aac4a715,999ab33ba31483ebefedb2e54813f2d02b4d30141fb8bc5c7acdefda3cddf399,26.95,23.59,0.606,True,1,20-40,0.233894,-0.4873,0.328964,False,26.96,False,scale0.060769_nohaze
c2c12_090325_exp1_F0005_Data__fault_contam,c2c12_090325_exp1_F0005_Data,tuning,949,79.0,400.0,8836,8776,023a7e8025e4a1cc873cbe53286015052b6cde251f457363434bd3ed9f765c3f,6c3ffaf236e3dc4911009d6dc4e236f0e35df6c7d6bc638c2c426c1454701073,28.34,25.51,0.582,False,1,20-40,0.21603,-0.9542,0.328964,False,28.34,False,scale0.060769_nohaze
c2c12_090325_exp1_F0005_Data__fault_contam,c2c12_090325_exp1_F0005_Data,tuning,973,81.0,400.0,8836,8782,80e0e855c424b2c4353d55816fffc68af4acfd8d292c9095842f2897dc755aab,96b30d10b7c79b1d7a51faed20813b5817ec97dadec40a2126cfb3f0082dc14a,29.02,24.81,0.569,False,1,20-40,0.244337,-0.2143,0.328964,False,29.02,False,scale0.060769_nohaze
c2c12_090325_exp1_F0005_Data__fault_contam,c2c12_090325_exp1_F0005_Data,tuning,997,83.0,400.0,8836,8777,91fc53e387dd276d2a258a9ca89f751b4e06c271d2b8fdb44d288cc69881da9e,7a7c43b1f98bf12042552568d58837ed50a84e34434df5db294f38dab18d719c,29.9,25.17,0.547,False,1,20-40,0.223312,-0.7638,0.328964,False,29.9,False,scale0.060769_nohaze
c2c12_090325_exp1_F0005_Data__fault_contam,c2c12_090325_exp1_F0005_Data,tuning,1021,85.0,400.0,8836,8775,1c60a859e1cbb5d310e4e9b2565f8f01f3f60a049327ebf6cff9144d8182077b,3a77421bdbcdbde68ba95b8463a1bfdce0f38ca10ab1545bdb40467ab859c5ce,31.06,24.84,0.461,False,1,20-40,0.267588,0.3934,0.328964,False,31.07,False,scale0.060769_nohaze
c2c12_090303_exp1_F0010_Data__fault_contam,c2c12_090303_exp1_F0010_Data,tuning,457,38.0,23.1666666666666,512,508,8650ab235e5c749641fd140a9d99498262af108b9bc7c7815dc98256b2cbbd3e,caec64b657dc168ea8b44cf8e59b437830b58797bcfb5bccc64eb17ad82ff9e4,12.97,12.08,0.746,True,0,0-20,0.222606,-0.2528,0.307557,False,12.97,False,scale0.060769_nohaze
c2c12_090303_exp1_F0010_Data__fault_contam,c2c12_090303_exp1_F0010_Data,tuning,481,40.0,54.833333333333265,1211,1200,ed07a9932b592fb94156f83ff1889d5367f5e733621f5d308d415f57618c6161,4da6a71f4635f0f2affc0158ce2544f842805547ce80c7ce63c34af247eb036b,13.53,11.68,0.736,True,0,0-20,0.209642,-0.5598,0.307557,False,13.53,False,scale0.060769_nohaze
c2c12_090303_exp1_F0010_Data__fault_contam,c2c12_090303_exp1_F0010_Data,tuning,505,42.0,86.49999999999993,1911,1900,ccaf2b46f0d0789f5068b0194bbb5495405a43c1b8ad538505a4fc66accfdd96,a602a023a54204ed48475964448b87b2c68707e87395ae4e4b3b85eaf0225258,15.45,13.07,0.719,True,0,0-20,0.211181,-0.5233,0.307557,False,15.44,False,scale0.060769_nohaze
c2c12_090303_exp1_F0010_Data__fault_contam,c2c12_090303_exp1_F0010_Data,tuning,529,44.0,118.16666666666659,2610,2594,ccd11032b7a4c474a77282c40535d2354e4648615c79ee62f9c483c3e64aab04,1f41a1a185c507f0c134658c679bc295993a5b0fe0710fa13c6352c8a46e0227,16.94,13.9,0.706,True,0,0-20,0.22038,-0.3055,0.307557,False,16.95,False,scale0.060769_nohaze
c2c12_090303_exp1_F0010_Data__fault_contam,c2c12_090303_exp1_F0010_Data,tuning,553,46.0,149.8333333333333,3310,3281,5b6e7363efa223fe392599615e8c6fd85addf1f66e0925b507bbd9ce2a14e94d,b37087690d62bf8ba7d8470f1404bd1c84b96d6d923f2824b2de9b08a2f271b5,18.24,15.01,0.656,True,0,0-20,0.240741,0.1767,0.307557,False,18.24,False,scale0.060769_nohaze
c2c12_090303_exp1_F0010_Data__fault_contam,c2c12_090303_exp1_F0010_Data,tuning,577,48.0,181.49999999999994,4009,3974,7526478b3a4c832d17b56fbedc0516b735d26806418a3a179551dd02cd5584ff,8fc6f6f1713864c5224e6ea319e6c6ffcd342bdfd2c2907538e31633df8777e0,19.36,14.97,0.655,True,0,0-20,0.251308,0.427,0.307557,False,19.36,False,scale0.060769_nohaze
c2c12_090303_exp1_F0010_Data__fault_contam,c2c12_090303_exp1_F0010_Data,tuning,601,50.0,213.1666666666666,4709,4670,a9cc73eca4fa6fde0695e17b89d6096a9e82bf837d2db62f857e9d6b2787c8c4,7fe9c76adf818c7e72db0efa72f3b86bc2d277fa6b36e88609fbee119dec9789,20.6,15.34,0.647,True,0,0-20,0.248364,0.3573,0.307557,False,20.6,False,scale0.060769_nohaze
c2c12_090303_exp1_F0010_Data__fault_contam,c2c12_090303_exp1_F0010_Data,tuning,625,52.0,244.83333333333326,5408,5384,8018de373b690e32c1e4d805f0df2f4b50cf22c058a709e8cf7dda97c1314a0d,c252f8cb076cd9ba75ad4e5d3f440a93f2a2bc5be9d332cd1a1c3c9812c734dc,22.87,17.26,0.604,True,0,0-20,0.233608,0.0078,0.307557,False,22.87,False,scale0.060769_nohaze
c2c12_090303_exp1_F0010_Data__fault_contam,c2c12_090303_exp1_F0010_Data,tuning,649,54.0,276.49999999999994,6108,6070,168c58614bcc5868f4cfdd672c7c3ce3086c98d35c834ba690259c6316b67d99,3558761851138c8d88e6cb04bdf106218d0b5b0997e53942964fb8e2d7883c10,24.52,17.9,0.567,True,0,0-20,0.233323,0.0011,0.307557,False,24.52,True,scale0.060769_nohaze
c2c12_090303_exp1_F0010_Data__fault_contam,c2c12_090303_exp1_F0010_Data,tuning,673,56.0,308.16666666666663,6807,6752,e94fe033ebdee9ab0191dfdb18ff3888a337b3fd6c52e060b574fc320a2703ad,845714308cd422a4aca3748df3f2babed4b323218fbb2bdf5fb2c448769653a1,26.5,19.03,0.529,True,0,0-20,0.248306,0.3559,0.307557,False,26.5,False,scale0.060769_nohaze
c2c12_090303_exp1_F0010_Data__fault_contam,c2c12_090303_exp1_F0010_Data,tuning,697,58.0,339.83333333333326,7507,7445,5f4ce44c5f85f7a6791dc787e0aaa46b0f25eded5d37d2f45992771d68d1f740,2989525258a4ca4f6ab551e31f43b68a281b2e743a8b7b74665b0f76528acd27,29.73,21.27,0.49,True,1,20-40,0.2942,1.089,0.328964,False,29.74,True,scale0.060769_nohaze
c2c12_090303_exp1_F0010_Data__fault_contam,c2c12_090303_exp1_F0010_Data,tuning,721,60.0,371.49999999999994,8206,8152,2fca40e1aa8cb70825604152592d298a59d92010e62850aa4968e8867d19b237,fa1675fedbc2a2fb457675909108325dddd668ad75717af93f244ca8be4ae0d8,30.74,21.87,0.48,True,1,20-40,0.209892,-1.1146,0.328964,False,30.74,False,scale0.060769_nohaze
c2c12_090303_exp1_F0010_Data__fault_contam,c2c12_090303_exp1_F0010_Data,tuning,745,62.0,400.0,8836,8782,aba07f8e0d492890a3f0bea2d82322d96611a1fedbd82cf2cc565f4c1998de5c,8418974b8d9bb505f0a821dd674f960c004d88d08f1584083c303d9bf6f56c3d,33.88,23.12,0.475,True,1,20-40,0.242354,-0.2661,0.328964,False,33.87,False,scale0.060769_nohaze
c2c12_090303_exp1_F0010_Data__fault_contam,c2c12_090303_exp1_F0010_Data,tuning,769,64.0,400.0,8836,8785,0de2de414c644199efa010c860c77ab716965ca368c3b9ddc7941d4794857a09,d7b8267b4ac983edbf8cdc31b0f7dd841c884bee991d1699922ae7c0a119b9cc,35.79,24.04,0.424,True,1,20-40,0.227414,-0.6566,0.328964,False,35.8,False,scale0.060769_nohaze
c2c12_090303_exp1_F0010_Data__fault_contam,c2c12_090303_exp1_F0010_Data,tuning,793,66.0,400.0,8836,8776,284ca350a19f243335ec98a9330ac31e00a6604c641b32a6c8e81342fa257ea8,3e1d94ce347722ea4bc78fc35d19bc99b9ebef82189f18bd1e49934269590318,38.74,24.99,0.408,True,1,20-40,0.236802,-0.4112,0.328964,False,38.74,False,scale0.060769_nohaze
c2c12_090303_exp1_F0010_Data__fault_contam,c2c12_090303_exp1_F0010_Data,tuning,817,68.0,400.0,8836,8775,e7455dc240129178563721d7701e395fb30a8e2243ebcea622f7789333731600,ed094107718e14b70cf297af1552aabd6d09cf7de91c1957e098e7de36087853,40.86,25.61,0.383,True,1,20-40,0.204943,-1.244,0.328964,False,40.87,False,scale0.060769_nohaze
c2c12_090303_exp1_F0010_Data__fault_contam,c2c12_090303_exp1_F0010_Data,tuning,841,70.0,400.0,8836,8782,04d490b12295a00591198bc8e7fb41f446750d45fe21c182134ca2a35228a6f2,b061b8edf732221d3f248a8f7e4d632c8e789cd6dc3ea5bc6c1965753f9a3337,43.32,30.02,0.372,True,1,20-40,0.23639,-0.422,0.328964,False,43.33,False,scale0.060769_nohaze
c2c12_090303_exp1_F0010_Data__fault_contam,c2c12_090303_exp1_F0010_Data,tuning,865,72.0,400.0,8836,8777,decfa32f31093ab73455ceac29a3e18f4beefe773fa3b124260aad68e7cb26aa,5475aa15cc8fa1c3deece851dc84b7afb8c27471eaf0471e3228a75fb8d733bc,43.71,29.54,0.339,True,1,20-40,0.207605,-1.1744,0.328964,False,43.72,False,scale0.060769_nohaze
c2c12_090303_exp1_F0010_Data__fault_contam,c2c12_090303_exp1_F0010_Data,tuning,889,74.0,400.0,8836,8772,a20876f077a10368972b44baf110b0f4f0838fb1ae29d45561f812cd8fa08481,0673012a46c48337517fd58b3d8833fe5122286fadf16387aeb07fadbee31284,45.93,30.67,0.308,True,1,20-40,0.206561,-1.2017,0.328964,False,45.94,False,scale0.060769_nohaze
c2c12_090303_exp1_F0010_Data__fault_contam,c2c12_090303_exp1_F0010_Data,tuning,913,76.0,400.0,8836,8775,d743205a385f3f40108bfbb27594686cbcef72e3ca5b31f97e60a9267cfced5b,920b8e0ae1de451ccbde9a3fefa6353eb7eeadb7a1df1c9af0be618661e3db03,48.02,34.36,0.271,True,1,20-40,0.224116,-0.7428,0.328964,False,48.02,False,scale0.060769_nohaze
c2c12_090303_exp1_F0010_Data__fault_contam,c2c12_090303_exp1_F0010_Data,tuning,937,78.0,400.0,8836,8787,f00d34edf1349abdb3f23a1b413d393e3b689742ec8044ec0273a7e24bcb35a3,c88254584a7ee901cc7375dd50e2cc19ba02478faf5cb64534891a8232ae300e,48.29,33.36,0.282,True,1,20-40,0.2265,-0.6805,0.328964,False,48.3,False,scale0.060769_nohaze
c2c12_090303_exp1_F0010_Data__fault_contam,c2c12_090303_exp1_F0010_Data,tuning,961,80.0,400.0,8836,8771,7f98915e407212a8139a407c6cd002c34cf20615a6fdf5445966fdcd8cf5b995,cc3f1b22df4714eb5a1dbe3af1fe0be53a80e91432118a5d5f1e74ef8981711c,49.96,36.17,0.275,True,1,20-40,0.230939,-0.5645,0.328964,False,49.96,False,scale0.060769_nohaze
c2c12_090303_exp1_F0010_Data__fault_contam,c2c12_090303_exp1_F0010_Data,tuning,985,82.0,400.0,8836,8780,ee21c4088d0ed7391deeea60570df43bff3b9dd65d47a443667e90707feb72a3,07757a136ec10c59a2fe2f67e4bf068e8c1771dcf45d65f999d0b9bcaa90fa70,49.91,36.99,0.287,True,1,20-40,0.244772,-0.2029,0.328964,False,49.9,False,scale0.060769_nohaze
c2c12_090303_exp1_F0010_Data__fault_contam,c2c12_090303_exp1_F0010_Data,tuning,1009,84.0,400.0,8836,8768,392fa6ed9720f0d8992ba489c8d699fd23888102664365ae4562aebb3a4251af,3a625da1f2b771f1245adc584acd31546bdac5282a2d8142ece2c6e566ebf8f2,50.85,37.99,0.274,True,1,20-40,0.203474,-1.2824,0.328964,False,50.84,False,scale0.060769_nohaze
c2c12_090325_exp1_F0013_Data__fault_contam,c2c12_090325_exp1_F0013_Data,heldout,469,39.0,24.749999999999954,547,543,3cf947a59cb8a780a1c54d4d7ef47ae2942cf972987bb1cbbf28795af4f6cd65,06e17a960e01e8ef75b3cf1e7be4ca28402037e7e946fad6333d93b3a4926777,16.47,15.68,0.8,True,0,0-20,0.175131,-1.3771,0.307557,False,16.46,False,scale0.060769_nohaze
c2c12_090325_exp1_F0013_Data__fault_contam,c2c12_090325_exp1_F0013_Data,heldout,493,41.0,56.41666666666662,1246,1243,d5a32edcd7476ae8d34ffd66c450f0bebca0db1f2858f066f6b1b998866cb111,b0e595bc8be8e4084aaa59cee0cd1c8e5bb2cd886fdbd6da5c6765d9ac8daff3,17.89,16.75,0.791,True,0,0-20,0.19646,-0.872,0.307557,False,17.89,False,scale0.060769_nohaze
c2c12_090325_exp1_F0013_Data__fault_contam,c2c12_090325_exp1_F0013_Data,heldout,517,43.0,88.08333333333329,1946,1935,bb5de816d3866f1239a5624d33d7be889c921369c0bfc657eae79ca8d326718c,01d5f3bf838a6eadbfba459b18c1f7a92f60e5fab23b9b4832ac6937140601c5,20.44,18.66,0.767,True,0,0-20,0.223697,-0.2269,0.307557,False,20.44,True,scale0.060769_nohaze
c2c12_090325_exp1_F0013_Data__fault_contam,c2c12_090325_exp1_F0013_Data,heldout,541,45.0,119.74999999999996,2645,2628,585c4856acc7b51ca5e2335d6c6cb975882ec15564717c024980fcd9c34607da,0f19bf0572d6b4476a23afc7da30a61f2735e04595ad10dbdc7f649668c6374b,21.08,18.17,0.709,True,0,0-20,0.18056,-1.2485,0.307557,False,21.08,False,scale0.060769_nohaze
c2c12_090325_exp1_F0013_Data__fault_contam,c2c12_090325_exp1_F0013_Data,heldout,565,47.0,151.41666666666663,3345,3322,05aeb6464f1508d6da7aad6124450632c1cc5538df4572d1856234622467e03d,1c4e3e1fa11e7ca6b846cef886809ec3cb8b896a0962a913173996fea761136f,23.12,20.16,0.701,True,1,20-40,0.224739,-0.7265,0.328964,False,23.12,False,scale0.060769_nohaze
c2c12_090325_exp1_F0013_Data__fault_contam,c2c12_090325_exp1_F0013_Data,heldout,589,49.0,183.0833333333333,4044,4012,4cce2ae42994696303108cfbb3399c8de39287e11a230d1ff9edea28d9e23593,8d6422ed36af472538b78710bb419861432a4dcab0685813b5ceb031f59ef266,24.38,20.89,0.646,True,1,20-40,0.210884,-1.0887,0.328964,False,24.39,False,scale0.060769_nohaze
c2c12_090325_exp1_F0013_Data__fault_contam,c2c12_090325_exp1_F0013_Data,heldout,613,51.0,214.74999999999994,4744,4706,ea2dd022fe45d457e371f587d7ef7d2049ec3d9156c70734168f8d2a1f88c75c,87deb0be57e488ccd38621cf2fdb632dbff5dea972821b49f241f29779eb406f,25.77,22.05,0.643,True,1,20-40,0.24805,-0.1172,0.328964,False,25.76,False,scale0.060769_nohaze
c2c12_090325_exp1_F0013_Data__fault_contam,c2c12_090325_exp1_F0013_Data,heldout,637,53.0,246.41666666666663,5443,5405,3265d512f9f278e93afd309d71e23dc5b77f3862fa08e5c9d883b47a9301575a,a8822b80a6105dab18113e649fe65bb432a36fe19bd09ddd9fc5ef49ce609254,26.88,20.7,0.6,True,1,20-40,0.236031,-0.4314,0.328964,False,26.89,False,scale0.060769_nohaze
c2c12_090325_exp1_F0013_Data__fault_contam,c2c12_090325_exp1_F0013_Data,heldout,661,55.0,278.0833333333333,6143,6093,c55aeb8f0b1ba79fbd33268f7b4ca85da0b0edeacbacc4ec8f3924495167762c,721c83601f1b499b8f74b0fdb3611b1fe933128325ec6ffabd8870cd72758a06,28.62,22.36,0.566,True,1,20-40,0.252389,-0.0038,0.328964,False,28.61,False,scale0.060769_nohaze
c2c12_090325_exp1_F0013_Data__fault_contam,c2c12_090325_exp1_F0013_Data,heldout,685,57.0,309.74999999999994,6842,6803,969a9e9c370af29b0dc07b14a2deb4e6c160dc4d58fb2d56fb1ce33f0a20faf9,7ebeab3de0e28dd8b3a8521d0882d1a6310ad9b7dee39b95306169d3e996a305,28.92,21.25,0.568,True,1,20-40,0.226977,-0.668,0.328964,False,28.93,False,scale0.060769_nohaze
c2c12_090325_exp1_F0013_Data__fault_contam,c2c12_090325_exp1_F0013_Data,heldout,709,59.0,341.41666666666663,7542,7483,8276f330634a840c8651fa207337b32d2985b37f159de05e33cf1a787df373bc,a6114cff6c4c46e8dae894df0cf49c8d6ee00b9bbaefb788618568141d027a29,30.48,23.12,0.563,True,1,20-40,0.262572,0.2624,0.328964,False,30.48,False,scale0.060769_nohaze
c2c12_090325_exp1_F0013_Data__fault_contam,c2c12_090325_exp1_F0013_Data,heldout,733,61.0,373.0833333333333,8241,8189,ba16e85425aa47564f0c01d9e63d0e16d28396571087018a61a36f959570d4ac,3f16e16cb3d229204e6323e27d9a135be8f871acd64026990a1e7191e76ef623,30.66,25.4,0.558,True,1,20-40,0.223385,-0.7619,0.328964,False,30.67,False,scale0.060769_nohaze
c2c12_090325_exp1_F0013_Data__fault_contam,c2c12_090325_exp1_F0013_Data,heldout,757,63.0,400.0,8836,8789,e4f40a1dcc57fbfd0ffc0712c3901a83a7483b4c30a91e5342d291f467a55143,ae08fdbdbe44a61673c16d61a2c74c4dbb6334e6a3800b59e24d61500931c1e6,31.39,23.52,0.552,True,1,20-40,0.278804,0.6866,0.328964,False,31.37,False,scale0.060769_nohaze
c2c12_090325_exp1_F0013_Data__fault_contam,c2c12_090325_exp1_F0013_Data,heldout,781,65.0,400.0,8836,8773,041040c88a5d40ec9d54861d8dcf6813a4e0da57b67fae6b0c2abc0ef1787991,4e760d767da832b9947918ccdadd1a6464d2d54ab8d940a017737e7088fce701,32.7,24.56,0.506,True,1,20-40,0.234376,-0.4746,0.328964,False,32.75,False,scale0.060769_nohaze
c2c12_090325_exp1_F0013_Data__fault_contam,c2c12_090325_exp1_F0013_Data,heldout,805,67.0,400.0,8836,8778,1e6dbcce2176290ce2b120c7d39a7570a0c55b45a3e5058ea17b59d47e0f1639,e6b52f269edb2df3fda4c9ccf31bea2fa0137688281c31b8aae9141c829b9c7c,34.31,25.88,0.481,True,1,20-40,0.283779,0.8167,0.328964,False,34.32,False,scale0.060769_nohaze
c2c12_090325_exp1_F0013_Data__fault_contam,c2c12_090325_exp1_F0013_Data,heldout,829,69.0,400.0,8836,8787,fdfa5540887c45215de1853057a1bc5128231d1c8b353bf464c7f616f566175d,fc8ef7a1a5267d34b51f18c7d13f202614186f2cfbd9dd0efc47f42a2da0abe7,34.94,25.76,0.527,True,1,20-40,0.281802,0.765,0.328964,False,34.94,False,scale0.060769_nohaze
c2c12_090325_exp1_F0013_Data__fault_contam,c2c12_090325_exp1_F0013_Data,heldout,853,71.0,400.0,8836,8786,e00597842d9b723163380dfabf6ef497b798e7c78f7336ac3277015ac89ca805,9da4298bef962ed2b6f1a6e94461ae9d202d0012a2fcac6d33b59983adb839c2,37.58,28.26,0.445,True,1,20-40,0.269095,0.4329,0.328964,False,37.58,False,scale0.060769_nohaze
c2c12_090325_exp1_F0013_Data__fault_contam,c2c12_090325_exp1_F0013_Data,heldout,877,73.0,400.0,8836,8772,98858560be40579f49ef91547688d0d5e6a9f32066c89dfdb7f91b6c1144d945,a47070eab346008677f8a2e4d93cb58fe6c71566fac7834a5ea707e96cc2bc18,38.05,28.68,0.478,True,1,20-40,0.225066,-0.718,0.328964,False,38.05,False,scale0.060769_nohaze
c2c12_090325_exp1_F0013_Data__fault_contam,c2c12_090325_exp1_F0013_Data,heldout,901,75.0,400.0,8836,8770,14152957d45153d44a4934576ebadf4b2c665a97b5868b670c911bec71219ef7,4748aa46694791b976f1c1be7b9bbb39eaf0f377a18856ef184cc51c558897a2,40.31,29.97,0.418,True,1,20-40,0.239177,-0.3492,0.328964,False,40.31,False,scale0.060769_nohaze
c2c12_090325_exp1_F0013_Data__fault_contam,c2c12_090325_exp1_F0013_Data,heldout,925,77.0,400.0,8836,8774,f599ec784cf123833257f316fd084844fead1a9d48928e4ff1eddd5e471d60f2,e9aed6518d44a5f4d0833c9078430131f4d02c63c2eced3d54545aa3824120dc,41.31,31.71,0.383,True,1,20-40,0.250937,-0.0418,0.328964,False,41.32,False,scale0.060769_nohaze
c2c12_090325_exp1_F0013_Data__fault_contam,c2c12_090325_exp1_F0013_Data,heldout,949,79.0,400.0,8836,8765,13d493fcedc0a44ba6c9f06f8d1831822651099fb6b5c3d67733df49ac9f1d8b,bce0cb2a824a41d45f40b15934d23dfd10f6cfd293f3c4d6d43a93a1ee6e04c5,42.69,32.52,0.385,True,1,20-40,0.205588,-1.2271,0.328964,False,42.69,False,scale0.060769_nohaze
c2c12_090325_exp1_F0013_Data__fault_contam,c2c12_090325_exp1_F0013_Data,heldout,973,81.0,400.0,8836,8762,9bdd82ddd64b555940dcc64cf96bcca83dc3428a12dfb85e66244ce7a0d7fdfc,51726e17ebc8b0dba82d5bb7ebbbc594de10fbc9b80be9cf700399fcb6dee650,41.87,32.6,0.419,True,1,20-40,0.206641,-1.1996,0.328964,False,41.9,False,scale0.060769_nohaze
c2c12_090325_exp1_F0013_Data__fault_contam,c2c12_090325_exp1_F0013_Data,heldout,997,83.0,400.0,8836,8770,eeaea2602882b6a6dd0e06550f4e04eb6f185c50d42f0c96fa8b60b936c58925,e0aa9525f199c45e29c3df15e107e2487be72635892771cd58ae8c043569ec3b,41.27,32.44,0.412,True,1,20-40,0.219755,-0.8568,0.328964,False,41.27,False,scale0.060769_nohaze
c2c12_090325_exp1_F0013_Data__fault_contam,c2c12_090325_exp1_F0013_Data,heldout,1021,85.0,400.0,8836,8774,c62c172de5dd9c88ff50b5e7dac120af73037e5ec6f288dfbef955593c3e3b75,ccef3f7ecf293c72698df1b2146a2ef3a43693e4ae630b0e8654d7650b666654,42.1,32.51,0.426,True,1,20-40,0.265018,0.3263,0.328964,False,42.08,False,scale0.060769_nohaze
c2c12_090318_exp1_F0005_Data__fault_contam,c2c12_090318_exp1_F0005_Data,heldout,481,40.0,26.33333333333331,582,580,ec1ca4b49257c3fc4e6fb1f376e89a0834f53ec50d08ed44821757e64269808f,e48b3d9d0e08c46fda516219e32ea634431c211c03213bcc03810b1414aaf002,9.8,9.1,0.853,True,0,0-20,0.224744,-0.2021,0.307557,False,9.8,False,scale0.060769_nohaze
c2c12_090318_exp1_F0005_Data__fault_contam,c2c12_090318_exp1_F0005_Data,heldout,505,42.0,57.99999999999998,1281,1270,1e02e75471ceaef812b145e57650c60cca4b56bd13e90f275af0b5ba74031bf5,c4e154db3077700b41298c9d653558930ba4783369de7b1d892c12ff9ac4bb9a,10.12,8.98,0.84,True,0,0-20,0.272688,0.9333,0.307557,False,10.12,True,scale0.060769_nohaze
c2c12_090318_exp1_F0005_Data__fault_contam,c2c12_090318_exp1_F0005_Data,heldout,529,44.0,89.66666666666664,1981,1968,f59b9063e734852ec6d6d1a8ca821c5a0861697d5264c6740cb686d5ac8ffceb,27f9dc4f24b58f846e2c95e89a9e3dfc2c6d1b270341219e97d1eb4310116945,11.42,10.09,0.816,True,0,0-20,0.255184,0.5188,0.307557,False,11.42,False,scale0.060769_nohaze
c2c12_090318_exp1_F0005_Data__fault_contam,c2c12_090318_exp1_F0005_Data,heldout,553,46.0,121.33333333333331,2680,2657,d1a39ca8e094300191f73f84beb70ec2da8e3367d273e076aba7064b46446c12,151c07cada53e303d38c4945e7a37a039e55c3c5cb9cb0c585f706ae953b867c,10.88,9.07,0.817,True,0,0-20,0.218158,-0.3581,0.307557,False,10.89,False,scale0.060769_nohaze
c2c12_090318_exp1_F0005_Data__fault_contam,c2c12_090318_exp1_F0005_Data,heldout,577,48.0,152.99999999999997,3380,3349,72f001b781a9b25f38bac89677e69be19d09719421f65ab1df6327f1f615180c,6cb35197810243a2105fcc26aaf8befbca8099808294934eac7593f0909f55d6,12.78,10.89,0.806,True,0,0-20,0.266709,0.7917,0.307557,False,12.76,False,scale0.060769_nohaze
c2c12_090318_exp1_F0005_Data__fault_contam,c2c12_090318_exp1_F0005_Data,heldout,601,50.0,184.66666666666666,4079,4045,f7dd6c8cb82dc2384ede3a30c663222d843f33ab2591510a5764f3e8e3fa529e,94e1ac720e2c560f7c06b9aff3daa6f99020de264d7e9173cf23f91d06072385,14.05,10.76,0.762,True,0,0-20,0.232131,-0.0272,0.307557,False,14.04,False,scale0.060769_nohaze
c2c12_090318_exp1_F0005_Data__fault_contam,c2c12_090318_exp1_F0005_Data,heldout,625,52.0,216.33333333333331,4779,4744,ca78398cf8ec5dcf5d0d82701c0395d3e0cb3fa67e6214133e958e32fcf4de2f,841ad6db1e7581b322b6048c98fa76cc17d5ffd17b130954e7408aebd2425e7a,13.98,11.41,0.78,True,0,0-20,0.284435,1.2115,0.307557,False,13.98,False,scale0.060769_nohaze
c2c12_090318_exp1_F0005_Data__fault_contam,c2c12_090318_exp1_F0005_Data,heldout,649,54.0,248.0,5478,5446,67401bfb309267a2d1800ce3e613f2e4c3f8f46cd32dc218cd4ecba6ad4e7b67,032fcaa64c8673dd5d2f6d27c4eb3611736164fe35d61b9a461089c80dbc9983,14.89,10.43,0.792,True,0,0-20,0.251922,0.4415,0.307557,False,14.9,False,scale0.060769_nohaze
c2c12_090318_exp1_F0005_Data__fault_contam,c2c12_090318_exp1_F0005_Data,heldout,673,56.0,279.66666666666663,6178,6140,3a02f8dd27c4c4064db9937c7c13db38a70e24174b9435ef66d0398c26a9cdd0,671c7d7523ed3a96e64c5ad8214825a8e1ab951cd21ca490af14059b6f3ffd40,15.42,10.32,0.774,True,0,0-20,0.22941,-0.0916,0.307557,False,15.42,False,scale0.060769_nohaze
c2c12_090318_exp1_F0005_Data__fault_contam,c2c12_090318_exp1_F0005_Data,heldout,697,58.0,311.3333333333333,6877,6830,6e25b4648fae33b4d942cdb2645868a881867c77d9c4fe41ff3861d7c8071634,85469a709430abc82a4bc14a86ee2cb6235e1f41ec345357416f3acd16c47089,14.43,11.55,0.761,True,0,0-20,0.300788,1.5988,0.307557,False,14.45,False,scale0.060769_nohaze
c2c12_090318_exp1_F0005_Data__fault_contam,c2c12_090318_exp1_F0005_Data,heldout,721,60.0,343.0,7577,7529,818dc32a7d6288d2f9bac6f949d98dec2404b6b20b10f176a96d78fdbf96321c,2d645dc0b317f31c46eca10ee7aeb144de2b2e429938e3114eae10440c369eaa,15.74,12.84,0.74,True,0,0-20,0.237202,0.0929,0.307557,False,15.75,False,scale0.060769_nohaze
c2c12_090318_exp1_F0005_Data__fault_contam,c2c12_090318_exp1_F0005_Data,heldout,745,62.0,374.66666666666663,8276,8219,04616200103041a5790a4bfbf2981bdf4c143ad8c035e73499c4fa1cf6d03c87,955a6d1d3017b14540f41edd5dcc94f3fccf20a4c8c0edb0e4a039571e3f211d,15.92,12.65,0.73,True,0,0-20,0.279552,1.0959,0.307557,False,15.93,False,scale0.060769_nohaze
c2c12_090318_exp1_F0005_Data__fault_contam,c2c12_090318_exp1_F0005_Data,heldout,769,64.0,400.0,8836,8773,1a08e134cc4bbe55d641e7c7252875b6cba81bddad6a8ac47969f0d96594331f,7fd4f1359b43558676cb7c1491121cddb3b2be267c97e6f88f625dfe0502c9c0,15.98,12.06,0.715,True,0,0-20,0.321416,2.0873,0.307557,True,15.98,False,scale0.060769_nohaze
c2c12_090318_exp1_F0005_Data__fault_contam,c2c12_090318_exp1_F0005_Data,heldout,793,66.0,400.0,8836,8776,6dd894134ed8470b6d65d421bb9343d0baaeee56d952ed43538a6276ce852cad,caf882c6bdcd9bd68b8d139816fe23346edbeb9acd885c5f9d0d03e3be656692,16.9,13.37,0.703,False,0,0-20,0.274872,0.985,0.307557,False,16.91,False,scale0.060769_nohaze
c2c12_090318_exp1_F0005_Data__fault_contam,c2c12_090318_exp1_F0005_Data,heldout,817,68.0,400.0,8836,8772,bbe2f8bbca4a86da605a72387fe9f0208b818a0d260d84204524d55ff5d7b044,2c462f6d3b4156f5b7efe6677d75a50b9c874ecfee523e22e573d3ab7988d6f2,17.69,13.24,0.716,False,0,0-20,0.240404,0.1687,0.307557,False,17.69,False,scale0.060769_nohaze
c2c12_090318_exp1_F0005_Data__fault_contam,c2c12_090318_exp1_F0005_Data,heldout,841,70.0,400.0,8836,8785,d7014c0d0557f73cedbebc6a6fc9c73dc14a125d1caa03bc52d41306be138dbb,985fdeb94792488a2750a267e5839ecde86950cae428aabcc1517b01757665ce,18.14,14.75,0.713,False,0,0-20,0.223722,-0.2263,0.307557,False,18.14,False,scale0.060769_nohaze
c2c12_090318_exp1_F0005_Data__fault_contam,c2c12_090318_exp1_F0005_Data,heldout,865,72.0,400.0,8836,8785,320ba81a2543f58e8f06f5c45af1b1a62689518ac31e78db33dfeb6e3a2c4ca8,fb02d2c75d868bcebcc6e4c8d5d0480ad85dd4ee61e32cafc4a19be282dd18dd,18.47,14.66,0.703,False,0,0-20,0.209251,-0.569,0.307557,False,18.47,False,scale0.060769_nohaze
c2c12_090318_exp1_F0005_Data__fault_contam,c2c12_090318_exp1_F0005_Data,heldout,889,74.0,400.0,8836,8754,f1bb384dae73dffde4428e681b360e04396505aecad19d9ae4c90b706f1584e3,a701847d5b9a3d9f8358a1888c9fb67fa329b665767abdc85e4ee35df6171953,19.26,14.9,0.661,False,0,0-20,0.229518,-0.0891,0.307557,False,19.26,False,scale0.060769_nohaze
c2c12_090318_exp1_F0005_Data__fault_contam,c2c12_090318_exp1_F0005_Data,heldout,913,76.0,400.0,8836,8778,c4290c8647a912276d130484dc52436abb4a2e4f6cc2c0c102279b4aa30967ce,d110aed0b0010316a386981d07179d2d8a2ebdc32d610a6176dc951bb6845684,19.24,15.34,0.695,False,0,0-20,0.277202,1.0402,0.307557,False,19.25,False,scale0.060769_nohaze
c2c12_090318_exp1_F0005_Data__fault_contam,c2c12_090318_exp1_F0005_Data,heldout,937,78.0,400.0,8836,8782,de5f355919b4030c3cfc635dce240d38afab7684f20f80641b85d3139746aa95,1a1024b4fb0d95de600c7b862504b2ebeb8bbb12a0683840b19b8a1b71f9727c,20.25,15.34,0.685,False,0,0-20,0.230334,-0.0697,0.307557,False,20.25,False,scale0.060769_nohaze
c2c12_090318_exp1_F0005_Data__fault_contam,c2c12_090318_exp1_F0005_Data,heldout,961,80.0,400.0,8836,8771,3a63f13e8a662809782c7b76207728f95e390206545521fb41dba66ec168c0e3,8b8c7abdf0c5c5dde69a8e1b332ea97ae36801013d3d9f805ada9e12510e4164,20.28,14.58,0.653,False,0,0-20,0.228669,-0.1092,0.307557,False,20.29,False,scale0.060769_nohaze
c2c12_090318_exp1_F0005_Data__fault_contam,c2c12_090318_exp1_F0005_Data,heldout,985,82.0,400.0,8836,8759,4ea30a4958112a74c23ee9ad59f8aec56d7eb35e1cbd69068269e230d6e6e662,4025929b4d0d2bb978ee2bff512b8d8d8ba0944636f7a28c1bbe667295fcbbc8,21.26,15.45,0.647,False,0,0-20,0.250273,0.4025,0.307557,False,21.27,False,scale0.060769_nohaze
c2c12_090318_exp1_F0005_Data__fault_contam,c2c12_090318_exp1_F0005_Data,heldout,1009,84.0,400.0,8836,8776,616b8e3c5e09a51f6abfd12cab83259540c26addaa395fca74f8e8e759f23d7d,87c0787b160647987e04a4c177e3fc4b60e8afe28f1461d6e77b919e1677c246,22.39,16.79,0.642,False,0,0-20,0.240673,0.1751,0.307557,False,22.4,False,scale0.060769_nohaze
c2c12_090318_exp1_F0005_Data__fault_contam,c2c12_090318_exp1_F0005_Data,heldout,1033,86.0,400.0,8836,8761,f5839b156c558749026e803302bd4aef23e022af8643441058504f856b6f824e,b5556cc07cd9a2941a3c95d9de72305470b542bcd42fbd5dd5de1ff004adb600,24.39,17.36,0.582,False,0,0-20,0.234986,0.0404,0.307557,False,24.39,False,scale0.060769_nohaze
c2c12_090318_exp1_F0005_Data__fault_contam,c2c12_090318_exp1_F0005_Data,heldout,1057,88.0,400.0,8836,8757,1d8504a843c936cbb7a0257144636ed78244c7770b686746bac820f86a825f4c,a86bf27ed13e0b0db601bd8eac89da004c7f8f2010f2392908850b9fdb28683f,24.68,16.55,0.529,False,0,0-20,0.273302,0.9479,0.307557,False,24.68,False,scale0.060769_nohaze
