image_sha256,frac,mean_pct,sd_pct,n_crops,dataset,sequence_id
0003484c2d2c270b867c7413316e76fa6436734da862eebe7bb3c0fce6a746cd,0.25,5.215,4.7107147369940945,4,c2c12,c2c12_090318_exp1_F0018_Data
0003484c2d2c270b867c7413316e76fa6436734da862eebe7bb3c0fce6a746cd,0.5,8.0175,3.397865751713371,4,c2c12,c2c12_090318_exp1_F0018_Data
0003655d424aa10aa0240003739ae1de435585e6d45fb53f76785a53250e6547,0.25,5.282500000000001,0.3047813423860897,4,c2c12,c2c12_090303_exp1_F0014_Data
0003655d424aa10aa0240003739ae1de435585e6d45fb53f76785a53250e6547,0.5,7.692499999999999,2.490332976397601,4,c2c12,c2c12_090303_exp1_F0014_Data
001a938fd7712b55f86160dd2aef89d92cef2e0494543c866500b60275b6dd0d,0.25,23.064999999999998,0.5893216439263016,4,c2c12,c2c12_090303_exp1_F0014_Data
001a938fd7712b55f86160dd2aef89d92cef2e0494543c866500b60275b6dd0d,0.5,22.9775,1.6035871247508418,4,c2c12,c2c12_090303_exp1_F0014_Data
00420a8d48297a12e6d67d1177a3494b821881f3cf42ab264d4b16c5f8b1e656,0.25,14.4275,10.115767807405097,4,c2c12,c2c12_090318_exp1_F0018_Data
00420a8d48297a12e6d67d1177a3494b821881f3cf42ab264d4b16c5f8b1e656,0.5,23.990000000000002,2.534074452997254,4,c2c12,c2c12_090318_exp1_F0018_Data
005e097e4ec78df3f14598f8e78b0f175a604fb2d6245a9167c55907ad21e1d2,0.25,3.0700000000000003,3.196518939930332,4,c2c12,c2c12_090318_exp1_F0016_Data
005e097e4ec78df3f14598f8e78b0f175a604fb2d6245a9167c55907ad21e1d2,0.5,3.045,0.9471888231322554,4,c2c12,c2c12_090318_exp1_F0016_Data
006f2386ac22e4d7dc20aa7391bf5b65219738e1aa0b71859f2712d88d375174,0.25,4.109999999999999,2.6193256129520566,4,c2c12,c2c12_090303_exp1_F0010_Data
006f2386ac22e4d7dc20aa7391bf5b65219738e1aa0b71859f2712d88d375174,0.5,3.1,0.8515476107261023,4,c2c12,c2c12_090303_exp1_F0010_Data
0074b5b6b0b94874259788e77512f688a5c70542df96866b9b78cf744e0b420b,0.25,6.635,4.485030657643268,4,c2c12,c2c12_090325_exp1_F0018_Data
0074b5b6b0b94874259788e77512f688a5c70542df96866b9b78cf744e0b420b,0.5,10.5075,0.4741571469460309,4,c2c12,c2c12_090325_exp1_F0018_Data
00864d010271bb59c4ebc0cce9ae6289910beb760b3107e42557cc88726292e8,0.25,39.875,8.052239854019918,4,c2c12,c2c12_090303_exp1_F0003_Data
00864d010271bb59c4ebc0cce9ae6289910beb760b3107e42557cc88726292e8,0.5,45.11,3.793740458527264,4,c2c12,c2c12_090303_exp1_F0003_Data
0087fc38438334083fc3a1b16710c5441ce0e2e1a494277d4453d5df9766684a,0.25,2.245,1.574579308894919,4,c2c12,c2c12_090303_exp1_F0010_Data
0087fc38438334083fc3a1b16710c5441ce0e2e1a494277d4453d5df9766684a,0.5,2.6325,0.6682502026436902,4,c2c12,c2c12_090303_exp1_F0010_Data
00a73264f7ea420dbc951e41a3f9b3d67840399dba2ac6a63e4490aa1fabc8ff,0.25,26.8775,8.042770563265705,4,c2c12,c2c12_090318_exp1_F0007_Data
00a73264f7ea420dbc951e41a3f9b3d67840399dba2ac6a63e4490aa1fabc8ff,0.5,32.2675,8.130704664008729,4,c2c12,c2c12_090318_exp1_F0007_Data
00c9858073436f2f880b1e907b96efe45afafde2712d008996c86c1119a0efc1,0.25,8.585,2.242506038639213,4,c2c12,c2c12_090318_exp1_F0005_Data
00c9858073436f2f880b1e907b96efe45afafde2712d008996c86c1119a0efc1,0.5,9.56,2.599512774861217,4,c2c12,c2c12_090318_exp1_F0005_Data
00df61c1d47c24b86fb3432d6ed8664dd048573922edf12f3184ba5b4a72b7a9,0.25,11.9575,4.4188186581181785,4,c2c12,c2c12_090318_exp1_F0005_Data
00df61c1d47c24b86fb3432d6ed8664dd048573922edf12f3184ba5b4a72b7a9,0.5,15.987499999999999,4.886794279825306,4,c2c12,c2c12_090318_exp1_F0005_Data
00faff6d59f3725f82110c75720cbc915ce870b74ea2618c131c6df480b63386,0.25,12.1625,1.0938426151264482,4,c2c12,c2c12_090303_exp1_F0005_Data
00faff6d59f3725f82110c75720cbc915ce870b74ea2618c131c6df480b63386,0.5,16.3825,2.9842293812641145,4,c2c12,c2c12_090303_exp1_F0005_Data
0104f536715138ae83076ee67f287f0e185065b6c6d8c65771a5108de549c8a7,0.25,2.115,0.8285529554590944,4,c2c12,c2c12_090303_exp1_F0016_Data
0104f536715138ae83076ee67f287f0e185065b6c6d8c65771a5108de549c8a7,0.5,1.5875,0.5028170641495772,4,c2c12,c2c12_090303_exp1_F0016_Data
010a02ac89f71b281fe2f2bd0070aede3fb4415a6dd5221636fef2b87fce01c1,0.25,5.3275,1.4285277969527461,4,c2c12,c2c12_090318_exp1_F0005_Data
010a02ac89f71b281fe2f2bd0070aede3fb4415a6dd5221636fef2b87fce01c1,0.5,3.79,0.9183681179135085,4,c2c12,c2c12_090318_exp1_F0005_Data
012ebf831feab05022de822f78e8d992636ba226f8eae9a2d51cc343b846d47c,0.25,38.68,7.455579566114674,4,c2c12,c2c12_090318_exp1_F0011_Data
012ebf831feab05022de822f78e8d992636ba226f8eae9a2d51cc343b846d47c,0.5,30.91,11.724717480604813,4,c2c12,c2c12_090318_exp1_F0011_Data
01509acdd3ac8ba644b393ffa58c66d3612c381125c0cf81deac889c91422dbd,0.25,3.1175,2.9659217229499952,4,c2c12,c2c12_090325_exp1_F0018_Data
01509acdd3ac8ba644b393ffa58c66d3612c381125c0cf81deac889c91422dbd,0.5,4.3225,1.029898862348467,4,c2c12,c2c12_090325_exp1_F0018_Data
01802de3cc8e0ba96a8950d23e85cc60e8dae0745099bb586117c206af785cf5,0.25,5.985,1.3836786717539107,4,c2c12,c2c12_090303_exp1_F0005_Data
01802de3cc8e0ba96a8950d23e85cc60e8dae0745099bb586117c206af785cf5,0.5,8.09,0.5921148537234984,4,c2c12,c2c12_090303_exp1_F0005_Data
019858cb40dade57a8f8359e2df7da3bbf8aa43a0da71b7e70dfd5b69f56de8a,0.25,2.74,3.3984113935778875,4,c2c12,c2c12_090303_exp1_F0003_Data
019858cb40dade57a8f8359e2df7da3bbf8aa43a0da71b7e70dfd5b69f56de8a,0.5,6.2124999999999995,1.7748685397328257,4,c2c12,c2c12_090303_exp1_F0003_Data
019ca48a4e4cb99630a3c1f9e059267e756df34261a6751eadc9a8176073c7ff,0.25,68.495,6.221395877668186,4,c2c12,c2c12_090325_exp1_F0001_Data
019ca48a4e4cb99630a3c1f9e059267e756df34261a6751eadc9a8176073c7ff,0.5,55.995,1.7998796256046306,4,c2c12,c2c12_090325_exp1_F0001_Data
01c39a3e54ba3cecafddda5b51080330f4b7a720e6516303e8999617367c988f,0.25,63.8025,6.178939364216701,4,c2c12,c2c12_090325_exp1_F0001_Data
01c39a3e54ba3cecafddda5b51080330f4b7a720e6516303e8999617367c988f,0.5,64.385,1.7326184423197892,4,c2c12,c2c12_090325_exp1_F0001_Data
01d5f3bf838a6eadbfba459b18c1f7a92f60e5fab23b9b4832ac6937140601c5,0.25,12.854999999999999,9.824854536667026,4,c2c12,c2c12_090325_exp1_F0013_Data
01d5f3bf838a6eadbfba459b18c1f7a92f60e5fab23b9b4832ac6937140601c5,0.5,22.87,8.69963600771128,4,c2c12,c2c12_090325_exp1_F0013_Data
01eabea3fd85e1a5182f4e6156cef503c82a69c1288a3ce64569b30e55b7f40e,0.25,41.025,13.581684971558815,4,c2c12,c2c12_090325_exp1_F0016_Data
01eabea3fd85e1a5182f4e6156cef503c82a69c1288a3ce64569b30e55b7f40e,0.5,33.165,1.0905197537565892,4,c2c12,c2c12_090325_exp1_F0016_Data
01f339f19047671107e0ee114793a1fc1d7afb18e43059cda38552a79c426531,0.25,9.0375,5.272920601210175,4,c2c12,c2c12_090303_exp1_F0010_Data
01f339f19047671107e0ee114793a1fc1d7afb18e43059cda38552a79c426531,0.5,9.3625,2.195546628974206,4,c2c12,c2c12_090303_exp1_F0010_Data
01fb256298845b5504f329131bece0522ceb5822411eaa6a9ffb7ee3333e994d,0.25,12.09,3.7896437827320915,4,c2c12,c2c12_090303_exp1_F0001_Data
01fb256298845b5504f329131bece0522ceb5822411eaa6a9ffb7ee3333e994d,0.5,14.03,0.3428313482360298,4,c2c12,c2c12_090303_exp1_F0001_Data
024e65569d90ffca1c89ff78b3ed7b02b5083a74368ebb263867cc7e0b08cc8d,0.25,5.65,1.134401457450874,4,c2c12,c2c12_090318_exp1_F0001_Data
024e65569d90ffca1c89ff78b3ed7b02b5083a74368ebb263867cc7e0b08cc8d,0.5,7.355,1.1580011514099058,4,c2c12,c2c12_090318_exp1_F0001_Data
02592c9cc964cb0ce41ad4357cc63836b5abb18132470ed1a3c675294e779562,0.25,15.7275,1.577114982069052,4,c2c12,c2c12_090303_exp1_F0001_Data
02592c9cc964cb0ce41ad4357cc63836b5abb18132470ed1a3c675294e779562,0.5,9.68,0.8203657720797481,4,c2c12,c2c12_090303_exp1_F0001_Data
0284118a6fdc99ffbdacfa3e83337f0bc64691d24bb759e3f110c7216e0ee395,0.25,12.86,6.314823829688363,4,c2c12,c2c12_090318_exp1_F0018_Data
0284118a6fdc99ffbdacfa3e83337f0bc64691d24bb759e3f110c7216e0ee395,0.5,13.04,3.4282648672469866,4,c2c12,c2c12_090318_exp1_F0018_Data
0286a8b5afc8d746850320ba35e5777f8475c5524919eef86b2808f15d1da992,0.25,26.54,3.8043659130004817,4,c2c12,c2c12_090303_exp1_F0010_Data
0286a8b5afc8d746850320ba35e5777f8475c5524919eef86b2808f15d1da992,0.5,32.0275,0.7506608199890746,4,c2c12,c2c12_090303_exp1_F0010_Data
02d5e1f62e0279f1e13c997ee84099e1971b4545df3d8edb80417fe0dbb2dbb6,0.25,23.587500000000002,7.493674554805096,4,c2c12,c2c12_090325_exp1_F0016_Data
02d5e1f62e0279f1e13c997ee84099e1971b4545df3d8edb80417fe0dbb2dbb6,0.5,15.5025,3.436775378170648,4,c2c12,c2c12_090325_exp1_F0016_Data
032a9e133df07ffb31694469ae632c264967f2459512f10ebc2560b6a9b94d80,0.25,49.004999999999995,6.65136326878433,4,c2c12,c2c12_090325_exp1_F0001_Data
032a9e133df07ffb31694469ae632c264967f2459512f10ebc2560b6a9b94d80,0.5,47.7825,4.1671843011798755,4,c2c12,c2c12_090325_exp1_F0001_Data
032fcaa64c8673dd5d2f6d27c4eb3611736164fe35d61b9a461089c80dbc9983,0.25,19.3375,6.277867870543309,4,c2c12,c2c12_090318_exp1_F0005_Data
032fcaa64c8673dd5d2f6d27c4eb3611736164fe35d61b9a461089c80dbc9983,0.5,15.565000000000001,4.140470987701761,4,c2c12,c2c12_090318_exp1_F0005_Data
036f0e73c6d00d0bbce0ddc58e2c6533d7741ebc2e6639399145f4cce7f07453,0.25,23.89,11.572994426681454,4,c2c12,c2c12_090325_exp1_F0018_Data
036f0e73c6d00d0bbce0ddc58e2c6533d7741ebc2e6639399145f4cce7f07453,0.5,20.215,6.574782632655369,4,c2c12,c2c12_090325_exp1_F0018_Data
038420d7af9e1debc0ea1284492f884eabd7236268b4dc0bfb1cd053867e721e,0.25,5.1925,3.3161662101489022,4,c2c12,c2c12_090303_exp1_F0012_Data
038420d7af9e1debc0ea1284492f884eabd7236268b4dc0bfb1cd053867e721e,0.5,4.3975,1.2445179789782066,4,c2c12,c2c12_090303_exp1_F0012_Data
03a1789cc85799bbd9ce7ec59f5ea56b1babcf7312391bd34b4d890d39cf33d9,0.25,1.2850000000000001,1.1406577050105786,4,c2c12,c2c12_090318_exp1_F0003_Data
03a1789cc85799bbd9ce7ec59f5ea56b1babcf7312391bd34b4d890d39cf33d9,0.5,5.1850000000000005,1.494199897380981,4,c2c12,c2c12_090318_exp1_F0003_Data
03b0707146ed8a6eac22e617112986fc01d80b5e6f2954ca3c4b49a3eceffe8b,0.25,36.192499999999995,11.289172910359731,4,c2c12,c2c12_090325_exp1_F0011_Data
03b0707146ed8a6eac22e617112986fc01d80b5e6f2954ca3c4b49a3eceffe8b,0.5,36.105000000000004,4.46877686472111,4,c2c12,c2c12_090325_exp1_F0011_Data
0411d9e73aa6da6ca543c8f2daaf20878b511cc7337b44a206c070bfcfbe4fbe,0.25,16.3425,5.385433284951794,4,c2c12,c2c12_090325_exp1_F0016_Data
0411d9e73aa6da6ca543c8f2daaf20878b511cc7337b44a206c070bfcfbe4fbe,0.5,18.25,2.3250806437627056,4,c2c12,c2c12_090325_exp1_F0016_Data
04124921d9a02f3a979820e70c2782e8c556ce645aacfe21df8cf8da7bc6123f,0.25,36.59,5.475679562087858,4,c2c12,c2c12_090325_exp1_F0011_Data
04124921d9a02f3a979820e70c2782e8c556ce645aacfe21df8cf8da7bc6123f,0.5,43.28,1.5846135175493115,4,c2c12,c2c12_090325_exp1_F0011_Data
041bc5f41516fb523d893960d30ba648d7babb96de0252d34387fdd3f78013e6,0.25,27.28,5.2031208583567095,4,c2c12,c2c12_090303_exp1_F0014_Data
041bc5f41516fb523d893960d30ba648d7babb96de0252d34387fdd3f78013e6,0.5,23.08,2.589684665488573,4,c2c12,c2c12_090303_exp1_F0014_Data
044cd40acff09fdc1ab11213e447e508411492249c2a268404ba8ba45367599e,0.25,8.6225,2.9359992620344206,4,c2c12,c2c12_090325_exp1_F0005_Data
044cd40acff09fdc1ab11213e447e508411492249c2a268404ba8ba45367599e,0.5,14.475,1.5386682553429112,4,c2c12,c2c12_090325_exp1_F0005_Data
04877bad13e8dcd6e37b08ef2033db4d070ec82cd6dfd4ae7a143f30b8237f01,0.25,24.0075,4.5136635157412135,4,c2c12,c2c12_090318_exp1_F0018_Data
04877bad13e8dcd6e37b08ef2033db4d070ec82cd6dfd4ae7a143f30b8237f01,0.5,34.6475,6.315717826713499,4,c2c12,c2c12_090318_exp1_F0018_Data
048d37580b02a686660dd4a748c819485e019637f9eb5907ec631c8956a408a5,0.25,6.2675,3.4079649352656203,4,c2c12,c2c12_090318_exp1_F0007_Data
048d37580b02a686660dd4a748c819485e019637f9eb5907ec631c8956a408a5,0.5,6.805,1.9811865131784032,4,c2c12,c2c12_090318_exp1_F0007_Data
048e210961fdc4eaa9370342094b3e0bb155093bb27af2e9e7060bf1e1e5ce9f,0.25,18.9275,10.526865234563738,4,c2c12,c2c12_090325_exp1_F0005_Data
048e210961fdc4eaa9370342094b3e0bb155093bb27af2e9e7060bf1e1e5ce9f,0.5,17.925,5.925259487988691,4,c2c12,c2c12_090325_exp1_F0005_Data
0584ae9ddfc0c6c2fceae1946ade0fd57fe93f12e53fabac9266e9075bff98f6,0.25,6.6625000000000005,5.133201567572945,4,c2c12,c2c12_090303_exp1_F0007_Data
0584ae9ddfc0c6c2fceae1946ade0fd57fe93f12e53fabac9266e9075bff98f6,0.5,7.9525,1.9205099149271092,4,c2c12,c2c12_090303_exp1_F0007_Data
05e61c66e6b717593106ab4968cd69be7c06f76755efd0365da8f45896e2b64a,0.25,8.705,3.992672455052296,4,c2c12,c2c12_090303_exp1_F0016_Data
05e61c66e6b717593106ab4968cd69be7c06f76755efd0365da8f45896e2b64a,0.5,9.7975,2.1414072475827663,4,c2c12,c2c12_090303_exp1_F0016_Data
05f985e2f6104b773b54519d0861a65831bd222a6e33e8cc905571706d02ee8b,0.25,11.7125,8.584836923320093,4,c2c12,c2c12_090303_exp1_F0016_Data
05f985e2f6104b773b54519d0861a65831bd222a6e33e8cc905571706d02ee8b,0.5,12.675,1.9978238160558603,4,c2c12,c2c12_090303_exp1_F0016_Data
060e7f9958aca91aa9aa14c34d85e3581e397417bfeacff1c92642a070599264,0.25,19.505,11.212105065508439,4,c2c12,c2c12_090325_exp1_F0016_Data
060e7f9958aca91aa9aa14c34d85e3581e397417bfeacff1c92642a070599264,0.5,20.884999999999998,5.739817070255811,4,c2c12,c2c12_090325_exp1_F0016_Data
06105c6f43f3c25a53b937220c5a33f6d63f074171195617e771e6f4ea8b55f4,0.25,12.434999999999999,9.052798830564317,4,c2c12,c2c12_090325_exp1_F0018_Data
06105c6f43f3c25a53b937220c5a33f6d63f074171195617e771e6f4ea8b55f4,0.5,19.6375,3.778115712009539,4,c2c12,c2c12_090325_exp1_F0018_Data
0610afe01de6d6a4b43d7d0622f3795c9394c2447b5f7038331ed1a0214ff5b4,0.25,14.8725,4.779458651353729,4,c2c12,c2c12_090325_exp1_F0007_Data
0610afe01de6d6a4b43d7d0622f3795c9394c2447b5f7038331ed1a0214ff5b4,0.5,13.3125,3.7676551062962225,4,c2c12,c2c12_090325_exp1_F0007_Data
0612944cfc6b8dd745a91706d206965522b7483afacb3d8002f1e8bf24942c9a,0.25,1.6075,0.7867814181842376,4,c2c12,c2c12_090303_exp1_F0016_Data
0612944cfc6b8dd745a91706d206965522b7483afacb3d8002f1e8bf24942c9a,0.5,3.5075000000000003,0.5413794110110455,4,c2c12,c2c12_090303_exp1_F0016_Data
0646a0618db5d2ea26b389c81d2b3f38ad3697ef03cd6b0ef5f0ef1d09ca02d0,0.25,15.5225,7.18800099703202,4,c2c12,c2c12_090325_exp1_F0016_Data
0646a0618db5d2ea26b389c81d2b3f38ad3697ef03cd6b0ef5f0ef1d09ca02d0,0.5,12.535,1.9859254769502306,4,c2c12,c2c12_090325_exp1_F0016_Data
06717109ea3ca6d38c5f54cbd055942e0bd75b42128ead3c43feff5d5a684a54,0.25,2.95,0.9583666660869767,4,c2c12,c2c12_090325_exp1_F0011_Data
06717109ea3ca6d38c5f54cbd055942e0bd75b42128ead3c43feff5d5a684a54,0.5,2.555,0.6277207447052656,4,c2c12,c2c12_090325_exp1_F0011_Data
0673012a46c48337517fd58b3d8833fe5122286fadf16387aeb07fadbee31284,0.25,43.59,8.811916174514298,4,c2c12,c2c12_090303_exp1_F0010_Data
0673012a46c48337517fd58b3d8833fe5122286fadf16387aeb07fadbee31284,0.5,44.3875,4.007679087285641,4,c2c12,c2c12_090303_exp1_F0010_Data
06763d61cd897df52e3330cff55ccd91c6a4c7de747f3ab5be142f81151947b2,0.25,32.055,8.179056587814188,4,c2c12,c2c12_090325_exp1_F0003_Data
06763d61cd897df52e3330cff55ccd91c6a4c7de747f3ab5be142f81151947b2,0.5,38.0,3.072143659835369,4,c2c12,c2c12_090325_exp1_F0003_Data
0693fb7250490de0076075bad841cb5e74ae608cf041727a8d7294d7c9f232a6,0.25,18.5725,7.5388919389169295,4,c2c12,c2c12_090325_exp1_F0018_Data
0693fb7250490de0076075bad841cb5e74ae608cf041727a8d7294d7c9f232a6,0.5,14.620000000000001,1.923988911956961,4,c2c12,c2c12_090325_exp1_F0018_Data
06a8063ed0cadbe68af689aaafddaa74622dbbfe7dc46ab7df4b590fe45584c1,0.25,14.502500000000001,9.84787752090097,4,c2c12,c2c12_090303_exp1_F0003_Data
06a8063ed0cadbe68af689aaafddaa74622dbbfe7dc46ab7df4b590fe45584c1,0.5,11.5,1.0643620937757352,4,c2c12,c2c12_090303_exp1_F0003_Data
06dcbac2648bc142f8e01933be3f733cae72c647cb5b75aea74b2161903ec01f,0.25,53.682500000000005,7.486977026811285,4,c2c12,c2c12_090318_exp1_F0011_Data
06dcbac2648bc142f8e01933be3f733cae72c647cb5b75aea74b2161903ec01f,0.5,53.6025,4.254247877122348,4,c2c12,c2c12_090318_exp1_F0011_Data
06e17a960e01e8ef75b3cf1e7be4ca28402037e7e946fad6333d93b3a4926777,0.25,13.6575,3.7956147942944196,4,c2c12,c2c12_090325_exp1_F0013_Data
06e17a960e01e8ef75b3cf1e7be4ca28402037e7e946fad6333d93b3a4926777,0.5,18.5875,4.714816185883248,4,c2c12,c2c12_090325_exp1_F0013_Data
070c924decd9e3a6a01f60b4ad16447f2124e1f3d39c98066e7ad74088188aa3,0.25,31.875,14.250905234405286,4,c2c12,c2c12_090303_exp1_F0007_Data
070c924decd9e3a6a01f60b4ad16447f2124e1f3d39c98066e7ad74088188aa3,0.5,31.275,3.400289203386476,4,c2c12,c2c12_090303_exp1_F0007_Data
070eefe59f22a02e6d02a1ae4bd827618ab9d1d594e86d298e8b163b928140bb,0.25,17.59,5.8143213992118925,4,c2c12,c2c12_090325_exp1_F0018_Data
070eefe59f22a02e6d02a1ae4bd827618ab9d1d594e86d298e8b163b928140bb,0.5,16.2625,3.6276013654571626,4,c2c12,c2c12_090325_exp1_F0018_Data
0717d4f1c81b387d939db6c295ab4835d8633cf742bca264458e3eaefc59c10a,0.25,5.17,3.368966211367121,4,c2c12,c2c12_090318_exp1_F0007_Data
0717d4f1c81b387d939db6c295ab4835d8633cf742bca264458e3eaefc59c10a,0.5,6.8275,2.1332037721074215,4,c2c12,c2c12_090318_exp1_F0007_Data
071c4f82eae3b17a689ca9be785c49587db021bb4b367711369daf38356ddf76,0.25,20.955,9.195297711330504,4,c2c12,c2c12_090303_exp1_F0012_Data
071c4f82eae3b17a689ca9be785c49587db021bb4b367711369daf38356ddf76,0.5,25.55,5.76063075250156,4,c2c12,c2c12_090303_exp1_F0012_Data
0729fc58b95657401d4978b6d2ff3de59224a84dea6eb6cb2931696d94b0547e,0.25,17.4025,5.912063232634328,4,c2c12,c2c12_090325_exp1_F0001_Data
0729fc58b95657401d4978b6d2ff3de59224a84dea6eb6cb2931696d94b0547e,0.5,18.85,1.515651675022992,4,c2c12,c2c12_090325_exp1_F0001_Data
0739a6033b0a875432fe623d6e8227f2896545c440ae2610851c0fcaa08b949f,0.25,18.415,11.62170813607019,4,c2c12,c2c12_090318_exp1_F0007_Data
0739a6033b0a875432fe623d6e8227f2896545c440ae2610851c0fcaa08b949f,0.5,18.475,2.5522473756802393,4,c2c12,c2c12_090318_exp1_F0007_Data
075fdf7b8d39008a50044711f8d00d5ac76d0e94627c81849663166d989f9884,0.25,10.254999999999999,7.294831503651519,4,c2c12,c2c12_090318_exp1_F0018_Data
075fdf7b8d39008a50044711f8d00d5ac76d0e94627c81849663166d989f9884,0.5,15.629999999999999,4.8375269163764525,4,c2c12,c2c12_090318_exp1_F0018_Data
0764fa41eee217986e9ed57e69f8b04514edee90385fe64c87962829a22b54b4,0.25,9.5525,5.95414911357338,4,c2c12,c2c12_090325_exp1_F0003_Data
0764fa41eee217986e9ed57e69f8b04514edee90385fe64c87962829a22b54b4,0.5,11.6325,0.735272058492637,4,c2c12,c2c12_090325_exp1_F0003_Data
07757a136ec10c59a2fe2f67e4bf068e8c1771dcf45d65f999d0b9bcaa90fa70,0.25,47.817499999999995,3.1881381714097623,4,c2c12,c2c12_090303_exp1_F0010_Data
07757a136ec10c59a2fe2f67e4bf068e8c1771dcf45d65f999d0b9bcaa90fa70,0.5,47.917500000000004,3.321218400928591,4,c2c12,c2c12_090303_exp1_F0010_Data
07ab668cf955cdf246ea47bbdf468bbc5eee59fcdbea8aaa8e9c5ae55727f60f,0.25,10.03,3.9780480975808556,4,c2c12,c2c12_090303_exp1_F0016_Data
07ab668cf955cdf246ea47bbdf468bbc5eee59fcdbea8aaa8e9c5ae55727f60f,0.5,11.864999999999998,1.4551403139674648,4,c2c12,c2c12_090303_exp1_F0016_Data
07afaa40b81a720d10fa3c7c4997e2785e8c2a7320e2b9c32a929fc0692cbb1d,0.25,5.895,5.375044185864894,4,c2c12,c2c12_090303_exp1_F0003_Data
07afaa40b81a720d10fa3c7c4997e2785e8c2a7320e2b9c32a929fc0692cbb1d,0.5,3.6025,0.7154660485771962,4,c2c12,c2c12_090303_exp1_F0003_Data
07b2ae7a4f7220a3444fd4ed10843f5bc12cb1fc8b7b9142550f9c23965de270,0.25,13.6525,5.571351571506983,4,c2c12,c2c12_090318_exp1_F0016_Data
07b2ae7a4f7220a3444fd4ed10843f5bc12cb1fc8b7b9142550f9c23965de270,0.5,5.952500000000001,1.1730977509710487,4,c2c12,c2c12_090318_exp1_F0016_Data
07b95babd74b4488cf33cd05c5b08eb2bf6fc1b45deaf966969cd514cb90534f,0.25,12.4925,2.567039475089284,4,c2c12,c2c12_090303_exp1_F0001_Data
07b95babd74b4488cf33cd05c5b08eb2bf6fc1b45deaf966969cd514cb90534f,0.5,13.415,2.3141088997711408,4,c2c12,c2c12_090303_exp1_F0001_Data
07bd3ba6c5bf1623e63ba255660179a736354ae63b2c2bc0c26356b1e64acd6d,0.25,29.805,16.223862055626583,4,c2c12,c2c12_090318_exp1_F0007_Data
07bd3ba6c5bf1623e63ba255660179a736354ae63b2c2bc0c26356b1e64acd6d,0.5,33.2275,2.809713805117287,4,c2c12,c2c12_090318_exp1_F0007_Data
07dbc3a9d33a32a5236a1d381ac7dda3915dc51266a49d75b372c7cbc82534bd,0.25,9.325,4.387303651826864,4,c2c12,c2c12_090303_exp1_F0003_Data
07dbc3a9d33a32a5236a1d381ac7dda3915dc51266a49d75b372c7cbc82534bd,0.5,12.329999999999998,6.345943586260438,4,c2c12,c2c12_090303_exp1_F0003_Data
07f766ef5e208ef7d97fa13b209dc8e3cf2356763cf41088d59d97d6e01982fc,0.25,14.17,4.006669439821559,4,c2c12,c2c12_090318_exp1_F0003_Data
07f766ef5e208ef7d97fa13b209dc8e3cf2356763cf41088d59d97d6e01982fc,0.5,19.4775,0.7340470012199493,4,c2c12,c2c12_090318_exp1_F0003_Data
084d820dfd7998ac40a52f0dfac8f4b3ca4b2decd4745aed7339e6a2faaeeb78,0.25,20.02,1.515321748012612,4,c2c12,c2c12_090303_exp1_F0014_Data
084d820dfd7998ac40a52f0dfac8f4b3ca4b2decd4745aed7339e6a2faaeeb78,0.5,20.365000000000002,2.3235102754238035,4,c2c12,c2c12_090303_exp1_F0014_Data
0895eea44a1632ac6f4617bed00481c1afac4983cb17ceff3657c603f7714e92,0.25,46.5975,16.94596977651815,4,c2c12,c2c12_090325_exp1_F0011_Data
0895eea44a1632ac6f4617bed00481c1afac4983cb17ceff3657c603f7714e92,0.5,38.1775,2.68616672354243,4,c2c12,c2c12_090325_exp1_F0011_Data
08d33e8291bbc25accb6c8b406e590abed3285bcb4fadfa44a68b69c0e1b217c,0.25,9.7375,4.072455238141565,4,c2c12,c2c12_090303_exp1_F0010_Data
08d33e8291bbc25accb6c8b406e590abed3285bcb4fadfa44a68b69c0e1b217c,0.5,5.715,0.7038228943893963,4,c2c12,c2c12_090303_exp1_F0010_Data
09107113f401e60e4f5d68fbcb616a011ef35c1d69c63eb481dca943674a9ed2,0.25,40.64,26.318924750072906,4,c2c12,c2c12_090318_exp1_F0013_Data
09107113f401e60e4f5d68fbcb616a011ef35c1d69c63eb481dca943674a9ed2,0.5,39.2725,14.32781531381064,4,c2c12,c2c12_090318_exp1_F0013_Data
0912074aec8e93eb3e9d3ed7bef92e7fe852570e68d23cbc06deb8568e128cc3,0.25,18.145,4.867953026341428,4,c2c12,c2c12_090325_exp1_F0007_Data
0912074aec8e93eb3e9d3ed7bef92e7fe852570e68d23cbc06deb8568e128cc3,0.5,25.99,2.4971316878904615,4,c2c12,c2c12_090325_exp1_F0007_Data
09274244ef227b9a477f7e7b3eaf358a61288e0aeca7ba23ef05fcf56c85435b,0.25,3.3649999999999998,2.067357411447442,4,c2c12,c2c12_090325_exp1_F0016_Data
09274244ef227b9a477f7e7b3eaf358a61288e0aeca7ba23ef05fcf56c85435b,0.5,3.9274999999999998,2.379024660093571,4,c2c12,c2c12_090325_exp1_F0016_Data
0931f55a2e1dcbb28aa193e7860ee4b535a0909f0793d033b8de99d99fb8ae15,0.25,2.0825,0.7747418925035614,4,c2c12,c2c12_090318_exp1_F0001_Data
0931f55a2e1dcbb28aa193e7860ee4b535a0909f0793d033b8de99d99fb8ae15,0.5,3.2625,1.0786218058244512,4,c2c12,c2c12_090318_exp1_F0001_Data
094ac8ddc886afd4c52562ce8177c8612284fafcf44424fc321f493074c4fe0c,0.25,26.2675,16.39835840361264,4,c2c12,c2c12_090318_exp1_F0018_Data
094ac8ddc886afd4c52562ce8177c8612284fafcf44424fc321f493074c4fe0c,0.5,32.86,1.6688718744509239,4,c2c12,c2c12_090318_exp1_F0018_Data
09542ca0e836f999df80a56d3057e036cf7df1da45616b93fd925b553736f367,0.25,14.73,9.092931320536849,4,c2c12,c2c12_090318_exp1_F0016_Data
09542ca0e836f999df80a56d3057e036cf7df1da45616b93fd925b553736f367,0.5,19.44,6.815179136799462,4,c2c12,c2c12_090318_exp1_F0016_Data
096ae4b32cef05c4bf7b7d9085aedc2ece6262e9e0cc7fa5319e6f9406b8fef9,0.25,18.3925,6.926631576747821,4,c2c12,c2c12_090325_exp1_F0005_Data
096ae4b32cef05c4bf7b7d9085aedc2ece6262e9e0cc7fa5319e6f9406b8fef9,0.5,23.2125,2.8640690750515536,4,c2c12,c2c12_090325_exp1_F0005_Data
096b4345097e68bb61d02e13c9d9e839413773e56f03eb0559abbf01892d798d,0.25,1.5375,3.075,4,c2c12,c2c12_090303_exp1_F0014_Data
096b4345097e68bb61d02e13c9d9e839413773e56f03eb0559abbf01892d798d,0.5,4.9175,0.9741107055497679,4,c2c12,c2c12_090303_exp1_F0014_Data
09933c903da686816b83322efa30cc2c03e80c3b47f20c0712c0da7f1a57456f,0.25,46.5725,2.133469396702626,4,c2c12,c2c12_090325_exp1_F0013_Data
09933c903da686816b83322efa30cc2c03e80c3b47f20c0712c0da7f1a57456f,0.5,43.8525,1.7376684570615488,4,c2c12,c2c12_090325_exp1_F0013_Data
099e67a40ef865a9d8f2f10c2c3dc7fd302134f762c5ec3999aa69cb5fa9d204,0.25,20.5875,13.137687201330378,4,c2c12,c2c12_090318_exp1_F0001_Data
099e67a40ef865a9d8f2f10c2c3dc7fd302134f762c5ec3999aa69cb5fa9d204,0.5,17.362499999999997,1.4269168394362255,4,c2c12,c2c12_090318_exp1_F0001_Data
09a4bd3ac6857a196a97013575ab1da88ca1b0d6cb4d35290f7204e8ff9c23d9,0.25,14.815,5.414403629825418,4,c2c12,c2c12_090303_exp1_F0005_Data
09a4bd3ac6857a196a97013575ab1da88ca1b0d6cb4d35290f7204e8ff9c23d9,0.5,14.190000000000001,2.1422573763828354,4,c2c12,c2c12_090303_exp1_F0005_Data
09dcd921b811fa0ad4a33f1b6d320f00a81ee1aaccd2b4d3ffb1a1572afd2100,0.25,40.1625,5.415141580174366,4,c2c12,c2c12_090318_exp1_F0001_Data
09dcd921b811fa0ad4a33f1b6d320f00a81ee1aaccd2b4d3ffb1a1572afd2100,0.5,34.65,6.186786995956247,4,c2c12,c2c12_090318_exp1_F0001_Data
09e07f2675f6e6af23ae5c29a27350556605a79a3aa9584a89d2c64aadbb537a,0.25,24.1525,10.197867015541371,4,c2c12,c2c12_090325_exp1_F0018_Data
09e07f2675f6e6af23ae5c29a27350556605a79a3aa9584a89d2c64aadbb537a,0.5,20.189999999999998,5.401598528830762,4,c2c12,c2c12_090325_exp1_F0018_Data
0a20e091ce0cb16c8eaff88ee00395ac7e49d87c5831226d640f73d7940a9e44,0.25,12.620000000000001,2.776292491795487,4,c2c12,c2c12_090303_exp1_F0014_Data
0a20e091ce0cb16c8eaff88ee00395ac7e49d87c5831226d640f73d7940a9e44,0.5,13.3825,1.2776899728285678,4,c2c12,c2c12_090303_exp1_F0014_Data
0a5a97d653ad4b1258acbceb8b598adc56320b7db624ea80327535029c7efd7a,0.25,48.1,22.59800138655334,4,c2c12,c2c12_090318_exp1_F0011_Data
0a5a97d653ad4b1258acbceb8b598adc56320b7db624ea80327535029c7efd7a,0.5,46.3675,1.5821583359449212,4,c2c12,c2c12_090318_exp1_F0011_Data
0a70ef2700cacc3b440835459c7a9b1fee77a0b1c3614201a7493858c41b8cee,0.25,20.4675,3.079722660673631,4,c2c12,c2c12_090325_exp1_F0001_Data
0a70ef2700cacc3b440835459c7a9b1fee77a0b1c3614201a7493858c41b8cee,0.5,19.560000000000002,2.606926670749804,4,c2c12,c2c12_090325_exp1_F0001_Data
0a7709274019021198c161cad1b71ad675a31292db5eae4a24a91147ee8754d7,0.25,12.165,4.856785631121335,4,c2c12,c2c12_090325_exp1_F0005_Data
0a7709274019021198c161cad1b71ad675a31292db5eae4a24a91147ee8754d7,0.5,15.1725,3.5987347313558224,4,c2c12,c2c12_090325_exp1_F0005_Data
0a947756e7af1844b25958bb0ad73b2ce652b8a3834c4993bcf3ee0424511806,0.25,22.0125,3.4765631975654734,4,c2c12,c2c12_090303_exp1_F0016_Data
0a947756e7af1844b25958bb0ad73b2ce652b8a3834c4993bcf3ee0424511806,0.5,16.5175,2.6352403432451217,4,c2c12,c2c12_090303_exp1_F0016_Data
0aaab838ab67c1255e70df5043100dd3bdff6f09ff0871ab93c7b280d6fcafa3,0.25,3.9975,2.229310431501185,4,c2c12,c2c12_090303_exp1_F0007_Data
0aaab838ab67c1255e70df5043100dd3bdff6f09ff0871ab93c7b280d6fcafa3,0.5,7.045,1.3980104911385085,4,c2c12,c2c12_090303_exp1_F0007_Data
0ad06e0f0ef8ecb54abed86545f73ad2046aabe10b247f2ef92492119504a977,0.25,1.6099999999999999,1.783760073552494,4,c2c12,c2c12_090303_exp1_F0005_Data
0ad06e0f0ef8ecb54abed86545f73ad2046aabe10b247f2ef92492119504a977,0.5,1.9825,0.8200152437607486,4,c2c12,c2c12_090303_exp1_F0005_Data
0aef30d82a14f6eefa4d7ea72ded800a86b9a9ff8ea11b5dae10c8e9fe19c278,0.25,6.24,3.3009493583917133,4,c2c12,c2c12_090303_exp1_F0016_Data
0aef30d82a14f6eefa4d7ea72ded800a86b9a9ff8ea11b5dae10c8e9fe19c278,0.5,8.755,2.34353721256281,4,c2c12,c2c12_090303_exp1_F0016_Data
0af16e2e0039c5f7a41b4681ce921cbb57569c227bc608b7e569dae82f0618dd,0.25,7.6625000000000005,1.7326929906939657,4,c2c12,c2c12_090303_exp1_F0016_Data
0af16e2e0039c5f7a41b4681ce921cbb57569c227bc608b7e569dae82f0618dd,0.5,10.9025,2.9193649423576127,4,c2c12,c2c12_090303_exp1_F0016_Data
0af281f6cb68a3721755f169cbec57b040d602f47e2d9c8a46d5485fb01b1741,0.25,9.4375,5.758225276361922,4,c2c12,c2c12_090318_exp1_F0005_Data
0af281f6cb68a3721755f169cbec57b040d602f47e2d9c8a46d5485fb01b1741,0.5,10.332500000000001,4.989478095619488,4,c2c12,c2c12_090318_exp1_F0005_Data
0b1ccc2c57c8835ab5c1789684734c57a9928352463439432f79b123f8b5bfdf,0.25,22.362499999999997,4.891348655193848,4,c2c12,c2c12_090303_exp1_F0003_Data
0b1ccc2c57c8835ab5c1789684734c57a9928352463439432f79b123f8b5bfdf,0.5,23.259999999999998,5.1805019061863105,4,c2c12,c2c12_090303_exp1_F0003_Data
0bafab99fa06b44acc1dc9a51011d4e4c0191cd0c61287596f310fe09c55c6cf,0.25,16.235,4.4692840589964735,4,c2c12,c2c12_090303_exp1_F0005_Data
0bafab99fa06b44acc1dc9a51011d4e4c0191cd0c61287596f310fe09c55c6cf,0.5,14.067499999999999,2.09396553616975,4,c2c12,c2c12_090303_exp1_F0005_Data
0bb19792aaab33abd59768ebf887afe646447909bce4001c28ae89576c2d0bcc,0.25,5.03,1.2961738566514396,4,c2c12,c2c12_090318_exp1_F0005_Data
0bb19792aaab33abd59768ebf887afe646447909bce4001c28ae89576c2d0bcc,0.5,6.4225,1.4950445924230267,4,c2c12,c2c12_090318_exp1_F0005_Data
0bbf5334b5009626ca45a0fe3b758cdc46b4e6c6c72b87f15deb3aaed6a65526,0.25,3.5875,2.635050600399671,4,c2c12,c2c12_090303_exp1_F0010_Data
0bbf5334b5009626ca45a0fe3b758cdc46b4e6c6c72b87f15deb3aaed6a65526,0.5,5.827500000000001,1.9248614668766861,4,c2c12,c2c12_090303_exp1_F0010_Data
0be82f01b9a03670ffd6d90caa4ccb81d940c8c5a50b94a23297e2d690e29732,0.25,3.06,2.249444375840399,4,c2c12,c2c12_090303_exp1_F0005_Data
0be82f01b9a03670ffd6d90caa4ccb81d940c8c5a50b94a23297e2d690e29732,0.5,3.66,0.2086464313937177,4,c2c12,c2c12_090303_exp1_F0005_Data
0c09c041c5110b56c6b06d3e8a96e183f7bff2eafa666095eafd77f69250511f,0.25,7.21,1.24357012937215,4,c2c12,c2c12_090303_exp1_F0010_Data
0c09c041c5110b56c6b06d3e8a96e183f7bff2eafa666095eafd77f69250511f,0.5,7.7275,1.5102400471448243,4,c2c12,c2c12_090303_exp1_F0010_Data
0c0b5a4f638a98bdad6f1807128274bd3a13d4a83868df9aa58b66fa0169f2d9,0.25,21.0175,11.73375579258406,4,c2c12,c2c12_090325_exp1_F0011_Data
0c0b5a4f638a98bdad6f1807128274bd3a13d4a83868df9aa58b66fa0169f2d9,0.5,19.965,2.9875017433746645,4,c2c12,c2c12_090325_exp1_F0011_Data
0c245249cd2dfa4c7cd457a97c16c86330a0a88684ecbbcbb36555b21dea6558,0.25,31.845,8.919022741683456,4,c2c12,c2c12_090325_exp1_F0016_Data
0c245249cd2dfa4c7cd457a97c16c86330a0a88684ecbbcbb36555b21dea6558,0.5,25.4125,3.4060473181289375,4,c2c12,c2c12_090325_exp1_F0016_Data
0c382bd4729c5edcb412254d6271a1852fb727cb45a12b532b0fbeb513bce6d2,0.25,7.7075,5.533186996056913,4,c2c12,c2c12_090325_exp1_F0018_Data
0c382bd4729c5edcb412254d6271a1852fb727cb45a12b532b0fbeb513bce6d2,0.5,8.725000000000001,3.426373204035622,4,c2c12,c2c12_090325_exp1_F0018_Data
0c40d38b18ea260d4af77a7920235e5524fcccee20a6e80ba850f1f6e638ac4d,0.25,8.772499999999999,3.5635317219485123,4,c2c12,c2c12_090325_exp1_F0013_Data
0c40d38b18ea260d4af77a7920235e5524fcccee20a6e80ba850f1f6e638ac4d,0.5,8.6375,3.36277043522153,4,c2c12,c2c12_090325_exp1_F0013_Data
0c60586fb9dc2560069fe8854b04adaaad8a54224db9853485c41ead02bb1482,0.25,4.1025,3.261046611135757,4,c2c12,c2c12_090325_exp1_F0016_Data
0c60586fb9dc2560069fe8854b04adaaad8a54224db9853485c41ead02bb1482,0.5,3.135,1.5267066952539812,4,c2c12,c2c12_090325_exp1_F0016_Data
0c97f310540db6ce9ed17bc97d80dea5fd614cc3f04ff29c1984ea33416af6b2,0.25,45.065,16.362602686206944,4,c2c12,c2c12_090318_exp1_F0013_Data
0c97f310540db6ce9ed17bc97d80dea5fd614cc3f04ff29c1984ea33416af6b2,0.5,48.5075,8.059447354916255,4,c2c12,c2c12_090318_exp1_F0013_Data
0c9e759e88d729525499565aa45a6f3d5b6cdee673922851e73d42c646b0ac86,0.25,17.294999999999998,7.5257845659660845,4,c2c12,c2c12_090303_exp1_F0010_Data
0c9e759e88d729525499565aa45a6f3d5b6cdee673922851e73d42c646b0ac86,0.5,18.7675,2.191626108623458,4,c2c12,c2c12_090303_exp1_F0010_Data
0caf49c6f0801da4331622b3514d5a721939f5021f1785178b55e186b634424e,0.25,40.489999999999995,11.72500746268419,4,c2c12,c2c12_090325_exp1_F0003_Data
0caf49c6f0801da4331622b3514d5a721939f5021f1785178b55e186b634424e,0.5,38.2175,4.535426293819211,4,c2c12,c2c12_090325_exp1_F0003_Data
0cc4d40864f2a803af0aa5c287aefed95a462fe04b6735722b17166c05d4d756,0.25,27.7575,3.483804194650821,4,c2c12,c2c12_090303_exp1_F0001_Data
0cc4d40864f2a803af0aa5c287aefed95a462fe04b6735722b17166c05d4d756,0.5,25.7075,3.0775463711643196,4,c2c12,c2c12_090303_exp1_F0001_Data
0d0a5da5313d7205d31bea74e280f2b1e29d5f77d1c6aa4d5ba32413baa314d1,0.25,4.3774999999999995,3.0641189598316836,4,c2c12,c2c12_090303_exp1_F0005_Data
0d0a5da5313d7205d31bea74e280f2b1e29d5f77d1c6aa4d5ba32413baa314d1,0.5,8.022499999999999,0.7016349953263925,4,c2c12,c2c12_090303_exp1_F0005_Data
0d1492059fa426c48d662fdde4e9bbf3fb121add27bde0111fe291f653c16a8b,0.25,45.3925,24.248317295570565,4,c2c12,c2c12_090318_exp1_F0013_Data
0d1492059fa426c48d662fdde4e9bbf3fb121add27bde0111fe291f653c16a8b,0.5,43.6125,11.06034470529739,4,c2c12,c2c12_090318_exp1_F0013_Data
0d675066bf53866d2ce4c767a9bfd30028920d32ea6fa99f90d091f4665a6570,0.25,19.810000000000002,4.9021423887928846,4,c2c12,c2c12_090325_exp1_F0005_Data
0d675066bf53866d2ce4c767a9bfd30028920d32ea6fa99f90d091f4665a6570,0.5,24.14,4.130512478292896,4,c2c12,c2c12_090325_exp1_F0005_Data
0d81b1b67e4cf3993c00640a43b9df646f9b9b8da3de638a1e5c527721c0158d,0.25,6.375,5.923965451170918,4,c2c12,c2c12_090303_exp1_F0010_Data
0d81b1b67e4cf3993c00640a43b9df646f9b9b8da3de638a1e5c527721c0158d,0.5,5.155,0.8022676195218982,4,c2c12,c2c12_090303_exp1_F0010_Data
0d893c286494cf64ad3667c60d14f59b50a21ee9502d2f0ea555e59e4a62fb19,0.25,20.28,6.499594859168788,4,c2c12,c2c12_090325_exp1_F0018_Data
0d893c286494cf64ad3667c60d14f59b50a21ee9502d2f0ea555e59e4a62fb19,0.5,15.620000000000001,4.326992797159093,4,c2c12,c2c12_090325_exp1_F0018_Data
0d9e45ad62a560e36377e771ba061b6e2157a3264c090b15c5c5798a99183c14,0.25,6.82,3.91111237373717,4,c2c12,c2c12_090303_exp1_F0016_Data
0d9e45ad62a560e36377e771ba061b6e2157a3264c090b15c5c5798a99183c14,0.5,4.7725,1.077663367352409,4,c2c12,c2c12_090303_exp1_F0016_Data
0dc90556022fae34542d028e9e7375fd6cae77c492529c28ce2b8d819f3370da,0.25,53.735,13.78853267513746,4,c2c12,c2c12_090318_exp1_F0011_Data
0dc90556022fae34542d028e9e7375fd6cae77c492529c28ce2b8d819f3370da,0.5,47.81,3.5797672177577864,4,c2c12,c2c12_090318_exp1_F0011_Data
0dc9b93f2c398d29efe32756b28ed2a58e07f5ff5c28f238956968532777bb6c,0.25,35.735,13.4209028509014,4,c2c12,c2c12_090303_exp1_F0003_Data
0dc9b93f2c398d29efe32756b28ed2a58e07f5ff5c28f238956968532777bb6c,0.5,44.3275,6.794440742253918,4,c2c12,c2c12_090303_exp1_F0003_Data
0dee556341491213150d493e125e9ce797d4fc97de3343a30f0a95bbe32a65c2,0.25,24.7425,12.913415182153276,4,c2c12,c2c12_090318_exp1_F0016_Data
0dee556341491213150d493e125e9ce797d4fc97de3343a30f0a95bbe32a65c2,0.5,17.7825,6.768448246582569,4,c2c12,c2c12_090318_exp1_F0016_Data
0e1ea316f5dc6a6e11d517e7c567d4b1c0a12aeefb15c156ae467a5f00493f3f,0.25,3.3625,1.1409754598588002,4,c2c12,c2c12_090318_exp1_F0003_Data
0e1ea316f5dc6a6e11d517e7c567d4b1c0a12aeefb15c156ae467a5f00493f3f,0.5,5.46,1.5766842846091076,4,c2c12,c2c12_090318_exp1_F0003_Data
0e21920676dd1e30109067e05152228d6179b24977bf1b2cabfaa8ecda75c9cf,0.25,10.8725,5.1976621347165946,4,c2c12,c2c12_090325_exp1_F0003_Data
0e21920676dd1e30109067e05152228d6179b24977bf1b2cabfaa8ecda75c9cf,0.5,9.58,1.239919352216103,4,c2c12,c2c12_090325_exp1_F0003_Data
0e4067bfe62774f11bdd78131421e4937ba4979793dd07100789eba38b1c6f1b,0.25,13.057500000000001,7.077845128756821,4,c2c12,c2c12_090303_exp1_F0003_Data
0e4067bfe62774f11bdd78131421e4937ba4979793dd07100789eba38b1c6f1b,0.5,9.2425,2.829421318927247,4,c2c12,c2c12_090303_exp1_F0003_Data
0e57937a246a5a65f2f4fe34ed2b8a1209ff19cc938e4ae89d8e4137916b8dab,0.25,9.6775,5.412697263533835,4,c2c12,c2c12_090325_exp1_F0005_Data
0e57937a246a5a65f2f4fe34ed2b8a1209ff19cc938e4ae89d8e4137916b8dab,0.5,9.1225,3.6045931346917186,4,c2c12,c2c12_090325_exp1_F0005_Data
0e791484249f0848d2eea140bf9d5f0bb9bd6216007f3ece02f750d3da40ce85,0.25,18.545,7.50686130594316,4,c2c12,c2c12_090325_exp1_F0005_Data
0e791484249f0848d2eea140bf9d5f0bb9bd6216007f3ece02f750d3da40ce85,0.5,21.2325,2.7079927991041637,4,c2c12,c2c12_090325_exp1_F0005_Data
0ebbe07a5a380d962cdd12b26468300fce2b55bb26c7a426d1b4147f43b200d1,0.25,19.195,2.6798818381911307,4,c2c12,c2c12_090303_exp1_F0014_Data
0ebbe07a5a380d962cdd12b26468300fce2b55bb26c7a426d1b4147f43b200d1,0.5,32.675,4.325447953680637,4,c2c12,c2c12_090303_exp1_F0014_Data
0ee8dd80f13bf6a4bb0a3798d0e9e71e1f0540c4db77d31977f489f745f3042a,0.25,36.0425,8.26969719316655,4,c2c12,c2c12_090318_exp1_F0001_Data
0ee8dd80f13bf6a4bb0a3798d0e9e71e1f0540c4db77d31977f489f745f3042a,0.5,44.8075,6.1232745869074545,4,c2c12,c2c12_090318_exp1_F0001_Data
0efd29f4633f419210025abc3b768a3bb82ea118f384f222973523884bfa10ff,0.25,22.1075,14.079735733788945,4,c2c12,c2c12_090325_exp1_F0016_Data
0efd29f4633f419210025abc3b768a3bb82ea118f384f222973523884bfa10ff,0.5,18.86,1.5024424559141467,4,c2c12,c2c12_090325_exp1_F0016_Data
0f05db01bf0e78f8d4a5cd7f89c6a3953e795e4ea4673142943c9a55ff930cf5,0.25,19.25,6.01489817037662,4,c2c12,c2c12_090318_exp1_F0005_Data
0f05db01bf0e78f8d4a5cd7f89c6a3953e795e4ea4673142943c9a55ff930cf5,0.5,23.3325,2.0462058384564656,4,c2c12,c2c12_090318_exp1_F0005_Data
0f19bf0572d6b4476a23afc7da30a61f2735e04595ad10dbdc7f649668c6374b,0.25,24.82,13.638985788295747,4,c2c12,c2c12_090325_exp1_F0013_Data
0f19bf0572d6b4476a23afc7da30a61f2735e04595ad10dbdc7f649668c6374b,0.5,25.5675,2.2804440357088356,4,c2c12,c2c12_090325_exp1_F0013_Data
0f2c20ee931a4b51bdbe9e76f4acd91fc23313194e895096f9586f71476dc8aa,0.25,9.9025,3.2655818777057184,4,c2c12,c2c12_090303_exp1_F0016_Data
0f2c20ee931a4b51bdbe9e76f4acd91fc23313194e895096f9586f71476dc8aa,0.5,17.5525,2.4164074573630994,4,c2c12,c2c12_090303_exp1_F0016_Data
0f4378435d5b75cfb15c1bb55c170454df5e146b0fc5b3f938039e806f80542c,0.25,19.82,9.776839980279926,4,c2c12,c2c12_090325_exp1_F0018_Data
0f4378435d5b75cfb15c1bb55c170454df5e146b0fc5b3f938039e806f80542c,0.5,17.055,2.125692044174477,4,c2c12,c2c12_090325_exp1_F0018_Data
0f73c946211bfcf1fdc10db54184fff2285415d9d98063c63471cd57aad46483,0.25,17.884999999999998,3.1955437721927678,4,c2c12,c2c12_090325_exp1_F0016_Data
0f73c946211bfcf1fdc10db54184fff2285415d9d98063c63471cd57aad46483,0.5,15.145,1.0128013954703394,4,c2c12,c2c12_090325_exp1_F0016_Data
0fa5950211dde8639bbb89f4f4ca2768be86749554d50df3f63e37a575400a1c,0.25,10.0475,5.275802466607964,4,c2c12,c2c12_090325_exp1_F0007_Data
0fa5950211dde8639bbb89f4f4ca2768be86749554d50df3f63e37a575400a1c,0.5,6.5200000000000005,2.3704711205440434,4,c2c12,c2c12_090325_exp1_F0007_Data
0fb42b21f4ca7384811012af45caee654c3c9af634f50eeccfaa8faaef3a5c84,0.25,41.1025,10.744655648274634,4,c2c12,c2c12_090303_exp1_F0012_Data
0fb42b21f4ca7384811012af45caee654c3c9af634f50eeccfaa8faaef3a5c84,0.5,41.6325,8.092145883509515,4,c2c12,c2c12_090303_exp1_F0012_Data
0fca6c74849c2f4f51fea67a01016c9f0afd2ba018e71256dd81f6fed1cdfbde,0.25,13.5925,6.86947050361234,4,c2c12,c2c12_090303_exp1_F0001_Data
0fca6c74849c2f4f51fea67a01016c9f0afd2ba018e71256dd81f6fed1cdfbde,0.5,13.3625,1.010655727733238,4,c2c12,c2c12_090303_exp1_F0001_Data
0fccee94cca1081b0a1272007f2f6f6d51869336c2c3ce46bbf39ae42c92535e,0.25,9.225,1.8592202666709503,4,c2c12,c2c12_090325_exp1_F0005_Data
0fccee94cca1081b0a1272007f2f6f6d51869336c2c3ce46bbf39ae42c92535e,0.5,10.32,2.4235098514344853,4,c2c12,c2c12_090325_exp1_F0005_Data
1003943254a99a786ddc62e1ee6d9422a6dbfbba43615c365b3d21f42d9d42b2,0.25,5.737500000000001,3.3701471283412343,4,c2c12,c2c12_090303_exp1_F0005_Data
1003943254a99a786ddc62e1ee6d9422a6dbfbba43615c365b3d21f42d9d42b2,0.5,11.205,2.269368487780981,4,c2c12,c2c12_090303_exp1_F0005_Data
100ef9681ecd9e13351c3c9a7949560e9f782a0057f8803f0b7bb1d4c801f3b1,0.25,7.307499999999999,5.422332677609026,4,c2c12,c2c12_090325_exp1_F0018_Data
100ef9681ecd9e13351c3c9a7949560e9f782a0057f8803f0b7bb1d4c801f3b1,0.5,4.467499999999999,2.804215576591785,4,c2c12,c2c12_090325_exp1_F0018_Data
101611ebcb12a3e1e79f1904872fc980a474bd921508b82d0de415b0cfec9e09,0.25,18.7825,2.9623343835563203,4,c2c12,c2c12_090303_exp1_F0014_Data
101611ebcb12a3e1e79f1904872fc980a474bd921508b82d0de415b0cfec9e09,0.5,26.302500000000002,4.28740306012859,4,c2c12,c2c12_090303_exp1_F0014_Data
10293bf9d2fed594050dce014b7ec4669a25901633e64b7ba6eb5d06344ac9fe,0.25,1.095,1.2820946402924658,4,c2c12,c2c12_090318_exp1_F0016_Data
10293bf9d2fed594050dce014b7ec4669a25901633e64b7ba6eb5d06344ac9fe,0.5,5.0275,0.3001527388958275,4,c2c12,c2c12_090318_exp1_F0016_Data
1036a1db2ce53566d8186eac0a4715ba950afad4cd7b05e77bc75b87ccd6a348,0.25,3.11,2.5711605680444514,4,c2c12,c2c12_090318_exp1_F0003_Data
1036a1db2ce53566d8186eac0a4715ba950afad4cd7b05e77bc75b87ccd6a348,0.5,4.48,0.6847870715290508,4,c2c12,c2c12_090318_exp1_F0003_Data
1043d7cb2576ed1f555a9d7a3246cc1136a1116eb9f3423e115df42b75d96b58,0.25,8.6425,4.656811319633497,4,c2c12,c2c12_090325_exp1_F0001_Data
1043d7cb2576ed1f555a9d7a3246cc1136a1116eb9f3423e115df42b75d96b58,0.5,12.58,2.2935125898935027,4,c2c12,c2c12_090325_exp1_F0001_Data
105eac2bae7b7265e54b2634227c89fa04377a664103f0c6d7ce800ab6223706,0.25,16.9525,10.784848554028626,4,c2c12,c2c12_090303_exp1_F0003_Data
105eac2bae7b7265e54b2634227c89fa04377a664103f0c6d7ce800ab6223706,0.5,18.815,5.5787961664383,4,c2c12,c2c12_090303_exp1_F0003_Data
10687941cd7df743d55fb722a6de0fed66306f93b31485b9b8c39199d4e4a70b,0.25,9.895,6.168611405062461,4,c2c12,c2c12_090325_exp1_F0016_Data
10687941cd7df743d55fb722a6de0fed66306f93b31485b9b8c39199d4e4a70b,0.5,12.535,3.615379187120856,4,c2c12,c2c12_090325_exp1_F0016_Data
108bd8b0cab7dad0a75cd634363e75176811f88d11182bcc2b379a62db3b64f2,0.25,11.51,8.099213953629492,4,c2c12,c2c12_090325_exp1_F0005_Data
108bd8b0cab7dad0a75cd634363e75176811f88d11182bcc2b379a62db3b64f2,0.5,12.95,2.6796392792065626,4,c2c12,c2c12_090325_exp1_F0005_Data
10901cad63ea356c892a7fd2062a9cabd9098ad27706a289d34f5e405e2cb29a,0.25,46.95,15.594885913871465,4,c2c12,c2c12_090318_exp1_F0013_Data
10901cad63ea356c892a7fd2062a9cabd9098ad27706a289d34f5e405e2cb29a,0.5,52.4725,5.660214218560989,4,c2c12,c2c12_090318_exp1_F0013_Data
109b7a6548eaa3ce9280281cb2e445a255cca7e6cd273faeb8bf248ca28c747e,0.25,20.34,17.02305691310073,4,c2c12,c2c12_090318_exp1_F0013_Data
109b7a6548eaa3ce9280281cb2e445a255cca7e6cd273faeb8bf248ca28c747e,0.5,21.4625,5.239302593539207,4,c2c12,c2c12_090318_exp1_F0013_Data
109d920ce11f44803c62f075de0f7de6d29f6db4f96b84b2487060607b18dd13,0.25,28.7425,4.7249082883515685,4,c2c12,c2c12_090325_exp1_F0016_Data
109d920ce11f44803c62f075de0f7de6d29f6db4f96b84b2487060607b18dd13,0.5,29.9875,3.0416812785037144,4,c2c12,c2c12_090325_exp1_F0016_Data
10b03fee18c77c072b08275e8f9ced0ee04b9470fa0ed6247f51055e3300ed62,0.25,4.0375,2.0837686211925415,4,c2c12,c2c12_090303_exp1_F0005_Data
10b03fee18c77c072b08275e8f9ced0ee04b9470fa0ed6247f51055e3300ed62,0.5,4.11,0.1994993734326,4,c2c12,c2c12_090303_exp1_F0005_Data
10b8ce7c4c9130866b7787e61a97d01922ac458445048d763d3b8efd5ccbe675,0.25,29.2,13.861113471387018,4,c2c12,c2c12_090318_exp1_F0011_Data
10b8ce7c4c9130866b7787e61a97d01922ac458445048d763d3b8efd5ccbe675,0.5,32.7975,5.389931199313524,4,c2c12,c2c12_090318_exp1_F0011_Data
10d1c37084a1e9c827a79fd5f65f1ff8f0c7bb3585b9e1cb115c73ccc482f141,0.25,5.4975,4.986216835771718,4,c2c12,c2c12_090303_exp1_F0007_Data
10d1c37084a1e9c827a79fd5f65f1ff8f0c7bb3585b9e1cb115c73ccc482f141,0.5,5.0875,3.502869062164138,4,c2c12,c2c12_090303_exp1_F0007_Data
11083163377378e5e77328009c957c311537fec6992e0d4b220455525ad86726,0.25,6.75,3.3543504090459404,4,c2c12,c2c12_090325_exp1_F0011_Data
11083163377378e5e77328009c957c311537fec6992e0d4b220455525ad86726,0.5,11.8575,2.1799292801984804,4,c2c12,c2c12_090325_exp1_F0011_Data
115a45f529a14a6fa240a4925e2859ec7f7e81c2f274d41d1ecf26f51a725d6c,0.25,3.285,3.707474432368572,4,c2c12,c2c12_090325_exp1_F0011_Data
115a45f529a14a6fa240a4925e2859ec7f7e81c2f274d41d1ecf26f51a725d6c,0.5,3.4850000000000003,1.5796307585424305,4,c2c12,c2c12_090325_exp1_F0011_Data
116eb9f1899f22bba2e29f7850a5781c860d82f1714fe1961d04afd463201ad2,0.25,8.945,6.547724795682849,4,c2c12,c2c12_090325_exp1_F0007_Data
116eb9f1899f22bba2e29f7850a5781c860d82f1714fe1961d04afd463201ad2,0.5,10.845,1.4651848575066113,4,c2c12,c2c12_090325_exp1_F0007_Data
116f0093719136227e64b142cdace409907bfe644e075cc139ef223ceee595cf,0.25,13.5625,7.239564328512225,4,c2c12,c2c12_090318_exp1_F0003_Data
116f0093719136227e64b142cdace409907bfe644e075cc139ef223ceee595cf,0.5,13.7375,3.551256819775219,4,c2c12,c2c12_090318_exp1_F0003_Data
117dabce02bee0bec0007f52c6acc2f203ee3571ddda3c7ea27b41500f99077d,0.25,8.975,2.505254478091996,4,c2c12,c2c12_090303_exp1_F0014_Data
117dabce02bee0bec0007f52c6acc2f203ee3571ddda3c7ea27b41500f99077d,0.5,8.1975,1.5295832765822197,4,c2c12,c2c12_090303_exp1_F0014_Data
11b9385a9a3735cd3d8dcbda730a8ef7edd70c7a87a879732eeb0322ea4e4103,0.25,44.055,4.853799199252755,4,c2c12,c2c12_090318_exp1_F0018_Data
11b9385a9a3735cd3d8dcbda730a8ef7edd70c7a87a879732eeb0322ea4e4103,0.5,35.7175,2.694171177437197,4,c2c12,c2c12_090318_exp1_F0018_Data
11cb01507ae460fad43a706d09f95f2965a779eb84a34a927456482f71b9476a,0.25,15.2725,3.174685023746451,4,c2c12,c2c12_090303_exp1_F0016_Data
11cb01507ae460fad43a706d09f95f2965a779eb84a34a927456482f71b9476a,0.5,13.780000000000001,1.588353445133251,4,c2c12,c2c12_090303_exp1_F0016_Data
11da642c827e9ba9aa84fb659c27f8598fa7035bcc56d68ac03ceb7deb6eb0cb,0.25,21.4625,7.926038838326913,4,c2c12,c2c12_090318_exp1_F0016_Data
11da642c827e9ba9aa84fb659c27f8598fa7035bcc56d68ac03ceb7deb6eb0cb,0.5,17.6925,4.943199874575171,4,c2c12,c2c12_090318_exp1_F0016_Data
11e21cdb6869f8195d0e4e0f7ad91002e8acddff2a85c9e5165ef6843b44704b,0.25,20.27,5.744371157924946,4,c2c12,c2c12_090325_exp1_F0005_Data
11e21cdb6869f8195d0e4e0f7ad91002e8acddff2a85c9e5165ef6843b44704b,0.5,21.87,2.4383464342322916,4,c2c12,c2c12_090325_exp1_F0005_Data
1219000f5b0243c7c2b68ebeeb4d071bad1f297a74738323d856de234f683c65,0.25,9.6,4.533732825534973,4,c2c12,c2c12_090303_exp1_F0007_Data
1219000f5b0243c7c2b68ebeeb4d071bad1f297a74738323d856de234f683c65,0.5,12.675,2.5238660820257475,4,c2c12,c2c12_090303_exp1_F0007_Data
12223be37ca6390e337cca4f6f1d9469eb774e4ef4a3c83675e7f65d93e89ff6,0.25,18.150000000000002,11.498356404286657,4,c2c12,c2c12_090325_exp1_F0011_Data
12223be37ca6390e337cca4f6f1d9469eb774e4ef4a3c83675e7f65d93e89ff6,0.5,23.28,3.6904109978880846,4,c2c12,c2c12_090325_exp1_F0011_Data
122b12afe75beca01df26117ea2312b5068d8cce3b36710c073581ec058fd446,0.25,12.7475,5.461339121497584,4,c2c12,c2c12_090303_exp1_F0005_Data
122b12afe75beca01df26117ea2312b5068d8cce3b36710c073581ec058fd446,0.5,16.2325,2.234731527499446,4,c2c12,c2c12_090303_exp1_F0005_Data
1237d862e80a877054e61c854aa963f796d70592c2c01e9f534710746bb1d70a,0.25,6.655,1.1177805389848816,4,c2c12,c2c12_090303_exp1_F0007_Data
1237d862e80a877054e61c854aa963f796d70592c2c01e9f534710746bb1d70a,0.5,9.68,1.5762402524150099,4,c2c12,c2c12_090303_exp1_F0007_Data
125255cba726e595e3bf0b412ebc16b63fd2d623e6121754066d914adaf35f94,0.25,36.542500000000004,7.399425090280099,4,c2c12,c2c12_090318_exp1_F0018_Data
125255cba726e595e3bf0b412ebc16b63fd2d623e6121754066d914adaf35f94,0.5,36.58,5.77848307660987,4,c2c12,c2c12_090318_exp1_F0018_Data
1254b6546ee1d13bcb7fb830eb480794eebdd5703c16d568fb29f2fd3364dcfa,0.25,6.9775,0.7641716648327999,4,c2c12,c2c12_090303_exp1_F0012_Data
1254b6546ee1d13bcb7fb830eb480794eebdd5703c16d568fb29f2fd3364dcfa,0.5,10.64,1.9871587757398754,4,c2c12,c2c12_090303_exp1_F0012_Data
12660e712fd2186fba7a3b599e291298e06afb13eec7a1ae601d467f5d5f4231,0.25,21.43,6.245238186010202,4,c2c12,c2c12_090325_exp1_F0003_Data
12660e712fd2186fba7a3b599e291298e06afb13eec7a1ae601d467f5d5f4231,0.5,22.595,1.191875273116556,4,c2c12,c2c12_090325_exp1_F0003_Data
12b239573c1cba07df1580fca154d92c8bb977a3a7a6336fa05859209f01acc9,0.25,4.1575,2.3295689873164664,4,c2c12,c2c12_090325_exp1_F0001_Data
12b239573c1cba07df1580fca154d92c8bb977a3a7a6336fa05859209f01acc9,0.5,5.205,0.7753493836114568,4,c2c12,c2c12_090325_exp1_F0001_Data
12dc211443007916ee23dc98f98aa0b4eb883d3fd2b153fcce5faa98711d34e7,0.25,21.805,7.759142993913696,4,c2c12,c2c12_090303_exp1_F0007_Data
12dc211443007916ee23dc98f98aa0b4eb883d3fd2b153fcce5faa98711d34e7,0.5,16.5625,1.0526909961300768,4,c2c12,c2c12_090303_exp1_F0007_Data
12e63959b635b35fc9c105c312734af366a57c56f42852dc2c9f93612c2b465d,0.25,8.337499999999999,3.1368282813483215,4,c2c12,c2c12_090303_exp1_F0001_Data
12e63959b635b35fc9c105c312734af366a57c56f42852dc2c9f93612c2b465d,0.5,12.692499999999999,0.49236673323854885,4,c2c12,c2c12_090303_exp1_F0001_Data
13222744bc605a0c23d6601cfefda8f96195e9b8428dcb44a21c0c3dac65f2b4,0.25,14.095,11.60635601728639,4,c2c12,c2c12_090318_exp1_F0013_Data
13222744bc605a0c23d6601cfefda8f96195e9b8428dcb44a21c0c3dac65f2b4,0.5,9.8525,6.041216075151316,4,c2c12,c2c12_090318_exp1_F0013_Data
136671446c1276205def6d99c2629d7052c6f58d6bf69c2c196438fb62dd72c3,0.25,11.9425,5.713979203088977,4,c2c12,c2c12_090325_exp1_F0016_Data
136671446c1276205def6d99c2629d7052c6f58d6bf69c2c196438fb62dd72c3,0.5,9.1525,1.0081459881055586,4,c2c12,c2c12_090325_exp1_F0016_Data
13817b51c87f4770529f3d24f326af63818efedabd33df97c0e1bd3a6ba974b8,0.25,12.525,2.824942477290467,4,c2c12,c2c12_090318_exp1_F0007_Data
13817b51c87f4770529f3d24f326af63818efedabd33df97c0e1bd3a6ba974b8,0.5,17.127499999999998,5.745058021174953,4,c2c12,c2c12_090318_exp1_F0007_Data
13f6f76762a6e2652ed401549055d7219efc07487723cd832eaac3615f84980d,0.25,4.79,3.862460355783603,4,c2c12,c2c12_090325_exp1_F0016_Data
13f6f76762a6e2652ed401549055d7219efc07487723cd832eaac3615f84980d,0.5,3.16,0.9256709278499932,4,c2c12,c2c12_090325_exp1_F0016_Data
140985a3c4832e9c3e2f3ec2a2a3f30201658de1988746c36d02f2bdb0512720,0.25,3.5375,3.126269075644854,4,c2c12,c2c12_090318_exp1_F0018_Data
140985a3c4832e9c3e2f3ec2a2a3f30201658de1988746c36d02f2bdb0512720,0.5,8.1225,2.248397577535313,4,c2c12,c2c12_090318_exp1_F0018_Data
1418d027c2146bf5968720a37a15265dde1a6c952127993d673d2cb182ab43fa,0.25,31.7725,4.318683248398752,4,c2c12,c2c12_090325_exp1_F0013_Data
1418d027c2146bf5968720a37a15265dde1a6c952127993d673d2cb182ab43fa,0.5,34.2025,5.664664597308477,4,c2c12,c2c12_090325_exp1_F0013_Data
143583d05ed5843e478d13d4dd50f20d30e054476c74dda2e4d6353ddec915e0,0.25,21.8325,6.0369549443407315,4,c2c12,c2c12_090325_exp1_F0007_Data
143583d05ed5843e478d13d4dd50f20d30e054476c74dda2e4d6353ddec915e0,0.5,25.8725,6.019614467167588,4,c2c12,c2c12_090325_exp1_F0007_Data
144bf1f95cdb6d0559bd8fd85995457fe81f8a17f1f3f0e5163441b4e57d579b,0.25,56.4675,17.589577169448958,4,c2c12,c2c12_090318_exp1_F0013_Data
144bf1f95cdb6d0559bd8fd85995457fe81f8a17f1f3f0e5163441b4e57d579b,0.5,51.5925,14.647899451229629,4,c2c12,c2c12_090318_exp1_F0013_Data
1485f317f4e2c95c93da66492ebf0ae4937fb104236ee1bbdc212674f4dd1fda,0.25,4.08,2.875888268576047,4,c2c12,c2c12_090325_exp1_F0013_Data
1485f317f4e2c95c93da66492ebf0ae4937fb104236ee1bbdc212674f4dd1fda,0.5,8.25,1.3151172317832864,4,c2c12,c2c12_090325_exp1_F0013_Data
14a5970cacb4b894f2b8c6169209d83a44c0818fd3c13b8912bb266d332fe92d,0.25,13.1625,5.683879983485459,4,c2c12,c2c12_090318_exp1_F0013_Data
14a5970cacb4b894f2b8c6169209d83a44c0818fd3c13b8912bb266d332fe92d,0.5,10.942499999999999,4.040795095027709,4,c2c12,c2c12_090318_exp1_F0013_Data
14b15e7b54b16c262133cb00f2a631d328e26f49de2c1fbd764ce926ca05bf4b,0.25,37.355000000000004,10.889384739277055,4,c2c12,c2c12_090318_exp1_F0018_Data
14b15e7b54b16c262133cb00f2a631d328e26f49de2c1fbd764ce926ca05bf4b,0.5,29.755000000000003,5.68392176816911,4,c2c12,c2c12_090318_exp1_F0018_Data
14ead0b4fb2891a0cc4910735b834a4c5f87332867b862478d13dd2e3ea281ab,0.25,23.0425,4.965496786156782,4,c2c12,c2c12_090318_exp1_F0005_Data
14ead0b4fb2891a0cc4910735b834a4c5f87332867b862478d13dd2e3ea281ab,0.5,26.9225,2.6345192477312946,4,c2c12,c2c12_090318_exp1_F0005_Data
150a0f68949590099128b1ae8e1b41767c99f39fd150d31152155822cfc8443d,0.25,35.3475,6.357622065940483,4,c2c12,c2c12_090325_exp1_F0011_Data
150a0f68949590099128b1ae8e1b41767c99f39fd150d31152155822cfc8443d,0.5,42.93,5.585594566979123,4,c2c12,c2c12_090325_exp1_F0011_Data
151c07cada53e303d38c4945e7a37a039e55c3c5cb9cb0c585f706ae953b867c,0.25,8.4925,5.511094113997086,4,c2c12,c2c12_090318_exp1_F0005_Data
151c07cada53e303d38c4945e7a37a039e55c3c5cb9cb0c585f706ae953b867c,0.5,12.535,2.0540123336208738,4,c2c12,c2c12_090318_exp1_F0005_Data
154e33ed225fb3f7de096c3510a5603f42da3c488dc07144721b5f3d8e0b6ec9,0.25,10.025,10.25037397691746,4,c2c12,c2c12_090303_exp1_F0003_Data
154e33ed225fb3f7de096c3510a5603f42da3c488dc07144721b5f3d8e0b6ec9,0.5,7.164999999999999,1.7434161866863571,4,c2c12,c2c12_090303_exp1_F0003_Data
15a13784d66b057c2446fb427f78ce25d789fc8d4af01301403d5aff4421e7ab,0.25,7.24,1.8082956985331058,4,c2c12,c2c12_090303_exp1_F0007_Data
15a13784d66b057c2446fb427f78ce25d789fc8d4af01301403d5aff4421e7ab,0.5,10.235,1.464911828973561,4,c2c12,c2c12_090303_exp1_F0007_Data
15b06261f8f226640b09930f8223f366f7ac768512dd7f31f10618c03d44cd71,0.25,11.4825,7.049781911520383,4,c2c12,c2c12_090325_exp1_F0018_Data
15b06261f8f226640b09930f8223f366f7ac768512dd7f31f10618c03d44cd71,0.5,4.4025,1.6216735183137203,4,c2c12,c2c12_090325_exp1_F0018_Data
15b6a1db55974464135460bd1c639e1c3a4b108b3919e47427a7fd91ef4f931b,0.25,11.83,8.161499045314327,4,c2c12,c2c12_090303_exp1_F0012_Data
15b6a1db55974464135460bd1c639e1c3a4b108b3919e47427a7fd91ef4f931b,0.5,12.385,3.2201501000212183,4,c2c12,c2c12_090303_exp1_F0012_Data
15d2da7677536bf8fa624f1a2bd45be48babfc63f562772c895e7117468067a3,0.25,1.1925000000000001,2.176899553646577,4,c2c12,c2c12_090325_exp1_F0013_Data
15d2da7677536bf8fa624f1a2bd45be48babfc63f562772c895e7117468067a3,0.5,3.5575,2.8617986768231383,4,c2c12,c2c12_090325_exp1_F0013_Data
15df4c30ab829b1cdeb8ed306d5165feb7d84e2997de3c1394dd299014e03653,0.25,25.02,2.4374166652421176,4,c2c12,c2c12_090303_exp1_F0005_Data
15df4c30ab829b1cdeb8ed306d5165feb7d84e2997de3c1394dd299014e03653,0.5,25.0925,3.733143224326295,4,c2c12,c2c12_090303_exp1_F0005_Data
15efbe928a3918e16488a8134d0fcd02a93d0439a75dcdf308bebe6b15de0c18,0.25,22.295,7.937734773430851,4,c2c12,c2c12_090303_exp1_F0007_Data
15efbe928a3918e16488a8134d0fcd02a93d0439a75dcdf308bebe6b15de0c18,0.5,26.997500000000002,2.706059558349251,4,c2c12,c2c12_090303_exp1_F0007_Data
164b3fb34c02393b275788f89b46bccdd1f38020deae19b8f174583f48bf4a03,0.25,22.595,13.091038919810758,4,c2c12,c2c12_090325_exp1_F0018_Data
164b3fb34c02393b275788f89b46bccdd1f38020deae19b8f174583f48bf4a03,0.5,19.5,4.009314155812688,4,c2c12,c2c12_090325_exp1_F0018_Data
1658db97fd76409242a30eb2e55ac56199bd04ec38fa7c9fa46b4b16282cb52a,0.25,51.285,15.994604298533512,4,c2c12,c2c12_090318_exp1_F0011_Data
1658db97fd76409242a30eb2e55ac56199bd04ec38fa7c9fa46b4b16282cb52a,0.5,52.81,5.488381667972203,4,c2c12,c2c12_090318_exp1_F0011_Data
1662442cb75388f4bd67359d7dfc8532f9a94b8be9f216278ab78d2602026e63,0.25,7.9825,4.27591997898308,4,c2c12,c2c12_090325_exp1_F0007_Data
1662442cb75388f4bd67359d7dfc8532f9a94b8be9f216278ab78d2602026e63,0.5,8.9125,0.12632629707758206,4,c2c12,c2c12_090325_exp1_F0007_Data
1677c962d175786115027030b50cc40886708f16e3cc9b31fcbd9a1a01bdf660,0.25,12.405000000000001,11.502076624099956,4,c2c12,c2c12_090325_exp1_F0005_Data
1677c962d175786115027030b50cc40886708f16e3cc9b31fcbd9a1a01bdf660,0.5,18.4925,3.043609425227443,4,c2c12,c2c12_090325_exp1_F0005_Data
168903858642bbe6f888212e18382c9fa569626182a597a61c1ea96ce487f52f,0.25,13.155,5.173274269422283,4,c2c12,c2c12_090303_exp1_F0010_Data
168903858642bbe6f888212e18382c9fa569626182a597a61c1ea96ce487f52f,0.5,11.157499999999999,1.436787504585607,4,c2c12,c2c12_090303_exp1_F0010_Data
169dd98beb3699c8ddb1d718af36fc8e6f56aa7eebf9fe17e287b9156141199f,0.25,19.52,2.0725346800475983,4,c2c12,c2c12_090303_exp1_F0003_Data
169dd98beb3699c8ddb1d718af36fc8e6f56aa7eebf9fe17e287b9156141199f,0.5,18.11,5.705757326303553,4,c2c12,c2c12_090303_exp1_F0003_Data
1703846786dc46ee82fd22d3173829cbca27fbd5aa4236d2e2c0f6fc3cc471e5,0.25,6.2924999999999995,4.805853202085973,4,c2c12,c2c12_090318_exp1_F0003_Data
1703846786dc46ee82fd22d3173829cbca27fbd5aa4236d2e2c0f6fc3cc471e5,0.5,8.0375,0.5307463298664125,4,c2c12,c2c12_090318_exp1_F0003_Data
17107eee525a932a52327d5c532bfd695899a21ccde4a910c4dd9f07e03f9934,0.25,27.479999999999997,11.876685845246,4,c2c12,c2c12_090303_exp1_F0012_Data
17107eee525a932a52327d5c532bfd695899a21ccde4a910c4dd9f07e03f9934,0.5,24.32,5.579038148880744,4,c2c12,c2c12_090303_exp1_F0012_Data
17147cf317581280f58e52345735829ac6c2371f35bbdb1d4d470996606937d0,0.25,4.91,2.4431264123386387,4,c2c12,c2c12_090303_exp1_F0016_Data
17147cf317581280f58e52345735829ac6c2371f35bbdb1d4d470996606937d0,0.5,5.4225,1.8028380404240416,4,c2c12,c2c12_090303_exp1_F0016_Data
1721481d9e1baec42901f068760ba45fd48323babcf2444122b2a39bdee019cb,0.25,5.125,3.6831372496826673,4,c2c12,c2c12_090318_exp1_F0001_Data
1721481d9e1baec42901f068760ba45fd48323babcf2444122b2a39bdee019cb,0.5,9.6925,2.1893587341198035,4,c2c12,c2c12_090318_exp1_F0001_Data
17292f41cc39e922e9158946b4c565a594c083643b8b7ac106f024c95c9c77e6,0.25,12.695,9.022702847077847,4,c2c12,c2c12_090325_exp1_F0007_Data
17292f41cc39e922e9158946b4c565a594c083643b8b7ac106f024c95c9c77e6,0.5,12.445,2.913239891712776,4,c2c12,c2c12_090325_exp1_F0007_Data
1733daa7f28f3405ce3bdc960d5e949943e8a753ee85b139942faf5b26035267,0.25,8.4525,4.489739227765165,4,c2c12,c2c12_090318_exp1_F0005_Data
1733daa7f28f3405ce3bdc960d5e949943e8a753ee85b139942faf5b26035267,0.5,7.9925,0.8178579746304772,4,c2c12,c2c12_090318_exp1_F0005_Data
1735ee4982c43f35f97059d506caf012f6f7c8fe73220819805990bb28701619,0.25,10.1675,2.6001201895297075,4,c2c12,c2c12_090325_exp1_F0005_Data
1735ee4982c43f35f97059d506caf012f6f7c8fe73220819805990bb28701619,0.5,10.17,3.423107749789169,4,c2c12,c2c12_090325_exp1_F0005_Data
173b25e5295bf1ec1f1a95f2906ea2c070062d12e9371f2e5f65f0f6821b9492,0.25,3.2175000000000002,2.6411156102425104,4,c2c12,c2c12_090318_exp1_F0011_Data
173b25e5295bf1ec1f1a95f2906ea2c070062d12e9371f2e5f65f0f6821b9492,0.5,3.0425,0.7993903927368656,4,c2c12,c2c12_090318_exp1_F0011_Data
173d6246adee55927be49172b9656d489f6bae1aeda984b8a0f8b6993d6c3231,0.25,30.7775,10.177839898524638,4,c2c12,c2c12_090318_exp1_F0001_Data
173d6246adee55927be49172b9656d489f6bae1aeda984b8a0f8b6993d6c3231,0.5,35.085,6.409963598440586,4,c2c12,c2c12_090318_exp1_F0001_Data
17437d40f1a147a05b6ebb84bbb7f240f43aea9aa1dabd3f6886155876ae18f1,0.25,27.4675,9.428712796559244,4,c2c12,c2c12_090325_exp1_F0003_Data
17437d40f1a147a05b6ebb84bbb7f240f43aea9aa1dabd3f6886155876ae18f1,0.5,22.2325,2.4015047366182722,4,c2c12,c2c12_090325_exp1_F0003_Data
1752c39074a29f86c54c5b45edd8597c14a6011972c6bd75d00c222b0ba98888,0.25,46.887499999999996,14.58618381665792,4,c2c12,c2c12_090318_exp1_F0001_Data
1752c39074a29f86c54c5b45edd8597c14a6011972c6bd75d00c222b0ba98888,0.5,47.5625,9.872586202881863,4,c2c12,c2c12_090318_exp1_F0001_Data
176b1f392a9fe93233398e2c4b711dd78dfce547cc9630f07ae568c44da64427,0.25,23.865000000000002,11.904952750851221,4,c2c12,c2c12_090318_exp1_F0007_Data
176b1f392a9fe93233398e2c4b711dd78dfce547cc9630f07ae568c44da64427,0.5,15.235,2.090207326239831,4,c2c12,c2c12_090318_exp1_F0007_Data
1778aaaac80f14aa5978c813f680cb1a9652f243b2bbebd3d7e67797d12311af,0.25,27.005,11.59147244026113,4,c2c12,c2c12_090325_exp1_F0011_Data
1778aaaac80f14aa5978c813f680cb1a9652f243b2bbebd3d7e67797d12311af,0.5,29.872500000000002,1.7683207665277627,4,c2c12,c2c12_090325_exp1_F0011_Data
177a9f60b2a46546db1944f8fab2303e1dbb281fc44bfbf0fdc97ba232f293d0,0.25,25.3275,8.50596408410005,4,c2c12,c2c12_090318_exp1_F0007_Data
177a9f60b2a46546db1944f8fab2303e1dbb281fc44bfbf0fdc97ba232f293d0,0.5,27.6725,6.706004150510694,4,c2c12,c2c12_090318_exp1_F0007_Data
17961e972de2ecb2ffe094c29ac4ae033804a912c8835da3375a6d1d19de80e1,0.25,11.432500000000001,3.819331311455798,4,c2c12,c2c12_090303_exp1_F0001_Data
17961e972de2ecb2ffe094c29ac4ae033804a912c8835da3375a6d1d19de80e1,0.5,11.89,1.3880922159568507,4,c2c12,c2c12_090303_exp1_F0001_Data
17b970d69f129a03b1f0533b6822c38fc26b5c51e8fb87ee7edfa17a3e70fa18,0.25,34.07,13.651918058158225,4,c2c12,c2c12_090325_exp1_F0003_Data
17b970d69f129a03b1f0533b6822c38fc26b5c51e8fb87ee7edfa17a3e70fa18,0.5,44.057500000000005,2.6122069213597916,4,c2c12,c2c12_090325_exp1_F0003_Data
17ca9bd52f8370eab49b39b744a1e6f3fd2be4900a6487d24ae7e54dfd367dc0,0.25,25.7525,5.207132128148851,4,c2c12,c2c12_090318_exp1_F0005_Data
17ca9bd52f8370eab49b39b744a1e6f3fd2be4900a6487d24ae7e54dfd367dc0,0.5,23.835,1.4015348729161188,4,c2c12,c2c12_090318_exp1_F0005_Data
17d8039844c3e32c56013dbf37a42165d2d7695458db1a06261b26ae28c9f8bd,0.25,10.7375,3.939656287884347,4,c2c12,c2c12_090325_exp1_F0007_Data
17d8039844c3e32c56013dbf37a42165d2d7695458db1a06261b26ae28c9f8bd,0.5,10.32,1.8328120471013933,4,c2c12,c2c12_090325_exp1_F0007_Data
18170bd59043d21f7c14d8b5c0a99e572709c40a6cd30fba6e8c9166befd684a,0.25,3.1900000000000004,4.211270592113502,4,c2c12,c2c12_090318_exp1_F0013_Data
18170bd59043d21f7c14d8b5c0a99e572709c40a6cd30fba6e8c9166befd684a,0.5,8.085,5.040624961252324,4,c2c12,c2c12_090318_exp1_F0013_Data
1821b5272811438c4d2af5093c34037b409020cc49cf5c110df96e21463e860e,0.25,8.4925,6.497791291405618,4,c2c12,c2c12_090325_exp1_F0018_Data
1821b5272811438c4d2af5093c34037b409020cc49cf5c110df96e21463e860e,0.5,13.755,4.576392320012203,4,c2c12,c2c12_090325_exp1_F0018_Data
18b67841849ca8a9a3dba492038f3759106527c7d5b8eb4d42d3e16e8c964ec7,0.25,8.535,2.7702526960550005,4,c2c12,c2c12_090325_exp1_F0001_Data
18b67841849ca8a9a3dba492038f3759106527c7d5b8eb4d42d3e16e8c964ec7,0.5,11.9025,1.2725139160994143,4,c2c12,c2c12_090325_exp1_F0001_Data
18c51ee78ff737ad26155830a0a37d9847f07fa1a59f809f8e64de0608792636,0.25,3.8775,2.3846645466396317,4,c2c12,c2c12_090303_exp1_F0001_Data
18c51ee78ff737ad26155830a0a37d9847f07fa1a59f809f8e64de0608792636,0.5,4.6875,1.2591366089507525,4,c2c12,c2c12_090303_exp1_F0001_Data
18d1f65fc1d62101b8478cbae8a3af5444ffcb8788169afc905c853ed54dee58,0.25,13.1225,13.181890038989097,4,c2c12,c2c12_090318_exp1_F0011_Data
18d1f65fc1d62101b8478cbae8a3af5444ffcb8788169afc905c853ed54dee58,0.5,9.1425,2.7365108563034544,4,c2c12,c2c12_090318_exp1_F0011_Data
18e69c1559fe18892e263c9d188138220af8952d94a4ad71f7fdee3c78830f15,0.25,16.3675,1.669138999604287,4,c2c12,c2c12_090303_exp1_F0014_Data
18e69c1559fe18892e263c9d188138220af8952d94a4ad71f7fdee3c78830f15,0.5,20.93,1.538982347743685,4,c2c12,c2c12_090303_exp1_F0014_Data
1913a7686e2a2a1359fc5c0948c2052672568a6eeb4b7ac92507bf6c91a056d3,0.25,20.39,7.067776642386677,4,c2c12,c2c12_090325_exp1_F0007_Data
1913a7686e2a2a1359fc5c0948c2052672568a6eeb4b7ac92507bf6c91a056d3,0.5,13.530000000000001,2.6372965956322276,4,c2c12,c2c12_090325_exp1_F0007_Data
192f4ee960ee2a0c44f77c549512e4a8b4fedd9f76c11b48ba8782b5b5172b31,0.25,32.235,10.76226277322757,4,c2c12,c2c12_090325_exp1_F0001_Data
192f4ee960ee2a0c44f77c549512e4a8b4fedd9f76c11b48ba8782b5b5172b31,0.5,27.2375,2.4765752562762966,4,c2c12,c2c12_090325_exp1_F0001_Data
194a3ca6689fb6e1a3854198c27ddb16f9d5bbc03778e35f3defe2e19ab8b1cc,0.25,35.08,10.07371828075413,4,c2c12,c2c12_090318_exp1_F0001_Data
194a3ca6689fb6e1a3854198c27ddb16f9d5bbc03778e35f3defe2e19ab8b1cc,0.5,41.565,5.399959876394145,4,c2c12,c2c12_090318_exp1_F0001_Data
196828eb97a33fb73b4fe91c0f58f06b6d4593e1801015f46d252cb17ab0eb41,0.25,30.3925,6.177747027301567,4,c2c12,c2c12_090325_exp1_F0018_Data
196828eb97a33fb73b4fe91c0f58f06b6d4593e1801015f46d252cb17ab0eb41,0.5,19.107499999999998,5.677859778707702,4,c2c12,c2c12_090325_exp1_F0018_Data
1971068e18f9470c4e1484f4952ac992b0f414db51b933e6c4c5a1c8a1b44125,0.25,5.1225000000000005,4.075916052455775,4,c2c12,c2c12_090318_exp1_F0016_Data
1971068e18f9470c4e1484f4952ac992b0f414db51b933e6c4c5a1c8a1b44125,0.5,5.025,0.885607136375944,4,c2c12,c2c12_090318_exp1_F0016_Data
198793af57cddb275f1bf53dfdaf72f7afbddf247aaf3d739e0d5f3274dcf3a8,0.25,28.7625,7.218699675149257,4,c2c12,c2c12_090303_exp1_F0014_Data
198793af57cddb275f1bf53dfdaf72f7afbddf247aaf3d739e0d5f3274dcf3a8,0.5,24.932499999999997,2.718852392707875,4,c2c12,c2c12_090303_exp1_F0014_Data
199ff68415ba28c6621cf4d229edbcbeb0cf77bc7d9bf0e7d733be3a334c0e0c,0.25,13.795,2.814207999893872,4,c2c12,c2c12_090318_exp1_F0016_Data
199ff68415ba28c6621cf4d229edbcbeb0cf77bc7d9bf0e7d733be3a334c0e0c,0.5,10.7575,3.383561979137765,4,c2c12,c2c12_090318_exp1_F0016_Data
19a7ce104f14ead3c9dd151f5b64c31f77785e9384c15a52110537f2e471f423,0.25,7.87,4.612338524725463,4,c2c12,c2c12_090325_exp1_F0013_Data
19a7ce104f14ead3c9dd151f5b64c31f77785e9384c15a52110537f2e471f423,0.5,7.865,2.652099797016193,4,c2c12,c2c12_090325_exp1_F0013_Data
19e173034403ecba621dfda003f05d38351c308900d33992810236d73e662b62,0.25,8.165,5.051366151844469,4,c2c12,c2c12_090318_exp1_F0011_Data
19e173034403ecba621dfda003f05d38351c308900d33992810236d73e662b62,0.5,10.91,4.741687463340452,4,c2c12,c2c12_090318_exp1_F0011_Data
19eb747e214813783cac2a803ec2e2b6801edae3d39b8738dab755cdb4244ad1,0.25,2.5525,1.8398437433651806,4,c2c12,c2c12_090303_exp1_F0005_Data
19eb747e214813783cac2a803ec2e2b6801edae3d39b8738dab755cdb4244ad1,0.5,5.05,1.4881532179181014,4,c2c12,c2c12_090303_exp1_F0005_Data
1a1024b4fb0d95de600c7b862504b2ebeb8bbb12a0683840b19b8a1b71f9727c,0.25,22.43,8.902527730931256,4,c2c12,c2c12_090318_exp1_F0005_Data
1a1024b4fb0d95de600c7b862504b2ebeb8bbb12a0683840b19b8a1b71f9727c,0.5,23.32,4.742622340716862,4,c2c12,c2c12_090318_exp1_F0005_Data
1a14a8ca61fa4032967e72ea24cab80a13f7779a0ca1767455173cd8503c796a,0.25,34.33,4.2382307629481435,4,c2c12,c2c12_090318_exp1_F0018_Data
1a14a8ca61fa4032967e72ea24cab80a13f7779a0ca1767455173cd8503c796a,0.5,36.162499999999994,1.3789216801544582,4,c2c12,c2c12_090318_exp1_F0018_Data
1a39d9ac2dc59eb47cfbd43aac509daee1efc174b28a8256563087d3e0e3fba2,0.25,2.325,3.41753810025092,4,c2c12,c2c12_090325_exp1_F0013_Data
1a39d9ac2dc59eb47cfbd43aac509daee1efc174b28a8256563087d3e0e3fba2,0.5,4.4975,1.6435606671695044,4,c2c12,c2c12_090325_exp1_F0013_Data
1a3f6f7468019857a1c408b6db3bda1e093b5e59432445635ae47efa0deb9207,0.25,13.7025,6.589700928974952,4,c2c12,c2c12_090303_exp1_F0016_Data
1a3f6f7468019857a1c408b6db3bda1e093b5e59432445635ae47efa0deb9207,0.5,16.55,1.8773562972080355,4,c2c12,c2c12_090303_exp1_F0016_Data
1a8ea04e6f0e5d72f40e41650cc0012d01daac3d524bb8ebd3083313c9086c83,0.25,5.7,6.911242049492021,4,c2c12,c2c12_090325_exp1_F0016_Data
1a8ea04e6f0e5d72f40e41650cc0012d01daac3d524bb8ebd3083313c9086c83,0.5,2.925,1.2321931666747712,4,c2c12,c2c12_090325_exp1_F0016_Data
1abb51f4a625a73a9640938bfa285d6de240cf6ad39ebc65fbc569f85200f280,0.25,7.307499999999999,1.820904079479934,4,c2c12,c2c12_090303_exp1_F0016_Data
1abb51f4a625a73a9640938bfa285d6de240cf6ad39ebc65fbc569f85200f280,0.5,10.565,1.2247584795923372,4,c2c12,c2c12_090303_exp1_F0016_Data
1ae1e082099223674ace14b4ed3505a8745288a8a9562bae11202a77caced19c,0.25,34.9125,10.564905347422666,4,c2c12,c2c12_090318_exp1_F0007_Data
1ae1e082099223674ace14b4ed3505a8745288a8a9562bae11202a77caced19c,0.5,32.3625,4.708187018375544,4,c2c12,c2c12_090318_exp1_F0007_Data
1b3e8799ce5bad04e24e9b8cc8ab4fa8a49bb7913349362050e39ea8fcd547cb,0.25,23.6925,14.595541271223894,4,c2c12,c2c12_090318_exp1_F0018_Data
1b3e8799ce5bad04e24e9b8cc8ab4fa8a49bb7913349362050e39ea8fcd547cb,0.5,45.14,6.3640291220787715,4,c2c12,c2c12_090318_exp1_F0018_Data
1b3ff5f4b50bd2c8bd8b381dc662c367a8232b53f1ef16479008672f668eb081,0.25,18.33,10.360961988798788,4,c2c12,c2c12_090318_exp1_F0007_Data
1b3ff5f4b50bd2c8bd8b381dc662c367a8232b53f1ef16479008672f668eb081,0.5,19.92,3.7291107072151477,4,c2c12,c2c12_090318_exp1_F0007_Data
1b54f3f969b643f4172b7b24d206a9ad584288f190d807f95b251d5ec1689eb6,0.25,22.215,10.538559357584573,4,c2c12,c2c12_090325_exp1_F0007_Data
1b54f3f969b643f4172b7b24d206a9ad584288f190d807f95b251d5ec1689eb6,0.5,30.7225,3.1110917162093856,4,c2c12,c2c12_090325_exp1_F0007_Data
1b7704f5dd8dc3469e2532652399536b2aa7b0dc2655fdaf6a8c65353b34c0eb,0.25,19.385,10.883386421514217,4,c2c12,c2c12_090303_exp1_F0007_Data
1b7704f5dd8dc3469e2532652399536b2aa7b0dc2655fdaf6a8c65353b34c0eb,0.5,22.9275,2.7164728969750445,4,c2c12,c2c12_090303_exp1_F0007_Data
1b9091109a82ee7697c2884bbbb89a90d03f07524c9ae01fd136eaba1b70da14,0.25,3.145,0.5840376700179534,4,c2c12,c2c12_090325_exp1_F0007_Data
1b9091109a82ee7697c2884bbbb89a90d03f07524c9ae01fd136eaba1b70da14,0.5,4.4625,1.0373805152080569,4,c2c12,c2c12_090325_exp1_F0007_Data
1b95634684fb930b038552d1e60e8aacc142c2b8418d8355e54036b449e25819,0.25,34.795,5.990684435020759,4,c2c12,c2c12_090318_exp1_F0011_Data
1b95634684fb930b038552d1e60e8aacc142c2b8418d8355e54036b449e25819,0.5,19.89,3.5603651498125855,4,c2c12,c2c12_090318_exp1_F0011_Data
1ba60c2b58eaa09a57e4d575cca128956ed88c51b4e7c88997b17a3a6e5cdefa,0.25,1.3824999999999998,1.6723710712637911,4,c2c12,c2c12_090303_exp1_F0003_Data
1ba60c2b58eaa09a57e4d575cca128956ed88c51b4e7c88997b17a3a6e5cdefa,0.5,3.1375,2.367845363757242,4,c2c12,c2c12_090303_exp1_F0003_Data
1bf5793a10d82957330447357178f016026db3fd88f375da43f066c0b24bd35e,0.25,20.072499999999998,10.188383499522057,4,c2c12,c2c12_090325_exp1_F0001_Data
1bf5793a10d82957330447357178f016026db3fd88f375da43f066c0b24bd35e,0.5,21.915,2.4446472138122513,4,c2c12,c2c12_090325_exp1_F0001_Data
1c37a314bb144987813a5dbbc4153b9bf821cc19cc15b989f759465c95600e55,0.25,28.7225,12.18002839350823,4,c2c12,c2c12_090325_exp1_F0016_Data
1c37a314bb144987813a5dbbc4153b9bf821cc19cc15b989f759465c95600e55,0.5,26.775,2.725808748487929,4,c2c12,c2c12_090325_exp1_F0016_Data
1c48040d2feca633bd126ab727122556992f99c6bcb8f3e30ea22b5b57a94bf3,0.25,33.4725,10.491715382465664,4,c2c12,c2c12_090325_exp1_F0016_Data
1c48040d2feca633bd126ab727122556992f99c6bcb8f3e30ea22b5b57a94bf3,0.5,35.91,3.2565933120363666,4,c2c12,c2c12_090325_exp1_F0016_Data
1c4e3e1fa11e7ca6b846cef886809ec3cb8b896a0962a913173996fea761136f,0.25,21.645,6.287885177068678,4,c2c12,c2c12_090325_exp1_F0013_Data
1c4e3e1fa11e7ca6b846cef886809ec3cb8b896a0962a913173996fea761136f,0.5,27.165,3.9997208235909003,4,c2c12,c2c12_090325_exp1_F0013_Data
1c4e761b5747b34eba3dc6e935a75214b8b0441ef4d03159106fbe7726948ece,0.25,9.96,7.2193582355589845,4,c2c12,c2c12_090318_exp1_F0018_Data
1c4e761b5747b34eba3dc6e935a75214b8b0441ef4d03159106fbe7726948ece,0.5,12.182500000000001,3.848188967986542,4,c2c12,c2c12_090318_exp1_F0018_Data
1c70d53ed0e77cd1af97993eb3d918ba1ead0a6307278a9904988b4121683ce9,0.25,53.254999999999995,6.136586999301811,4,c2c12,c2c12_090303_exp1_F0001_Data
1c70d53ed0e77cd1af97993eb3d918ba1ead0a6307278a9904988b4121683ce9,0.5,50.2275,4.7919402820430355,4,c2c12,c2c12_090303_exp1_F0001_Data
1c72a7b56aaeae4aba71cdbef1bd9a4a125e02e918475e43f4b1bc0c5aa481cc,0.25,15.3275,4.955275807998312,4,c2c12,c2c12_090325_exp1_F0001_Data
1c72a7b56aaeae4aba71cdbef1bd9a4a125e02e918475e43f4b1bc0c5aa481cc,0.5,14.525,2.0911639502120978,4,c2c12,c2c12_090325_exp1_F0001_Data
1c8a84a8b65285b3f7f06f71fb3b66f98c83355e73b02d8791a2062e89ec96c8,0.25,16.5375,6.336346870766045,4,c2c12,c2c12_090318_exp1_F0005_Data
1c8a84a8b65285b3f7f06f71fb3b66f98c83355e73b02d8791a2062e89ec96c8,0.5,23.1375,4.415022649998526,4,c2c12,c2c12_090318_exp1_F0005_Data
1c95c95e905f7a3d270593be3b4472ab130315a1bbf378be089078439d0e82b8,0.25,1.2349999999999999,0.9689341222876472,4,c2c12,c2c12_090303_exp1_F0010_Data
1c95c95e905f7a3d270593be3b4472ab130315a1bbf378be089078439d0e82b8,0.5,2.255,1.1319746758062508,4,c2c12,c2c12_090303_exp1_F0010_Data
1cd3f48334c69f940d6ccdfe6f6863ef49e252de2895ad7843c561180d9cae65,0.25,7.7025,2.496148700164582,4,c2c12,c2c12_090303_exp1_F0001_Data
1cd3f48334c69f940d6ccdfe6f6863ef49e252de2895ad7843c561180d9cae65,0.5,5.615,1.010890696366328,4,c2c12,c2c12_090303_exp1_F0001_Data
1d05f5c7cbdc130b61eb2bdedaf3357e6a85129f35258f71616f10c22dc672cb,0.25,28.625,8.682536111835834,4,c2c12,c2c12_090325_exp1_F0011_Data
1d05f5c7cbdc130b61eb2bdedaf3357e6a85129f35258f71616f10c22dc672cb,0.5,32.1,1.5934239862635438,4,c2c12,c2c12_090325_exp1_F0011_Data
1d0f0f737dd60f40768567cbd12f1d1832130a702e44e3b393c1ee57badf1b65,0.25,30.975,5.604465481500741,4,c2c12,c2c12_090325_exp1_F0007_Data
1d0f0f737dd60f40768567cbd12f1d1832130a702e44e3b393c1ee57badf1b65,0.5,26.61,4.1025845512310894,4,c2c12,c2c12_090325_exp1_F0007_Data
1d76069cdaaa7f8c021dbdd446d904dce35096ade5bdf2e181177595c0a11249,0.25,4.26,1.618538435338088,4,c2c12,c2c12_090318_exp1_F0018_Data
1d76069cdaaa7f8c021dbdd446d904dce35096ade5bdf2e181177595c0a11249,0.5,11.47,1.2577758146824107,4,c2c12,c2c12_090318_exp1_F0018_Data
1dad70cfbe2e6f57b1739466bacfbca00d646a8042957a3a83f322b6ff212051,0.25,48.805,8.006224661682516,4,c2c12,c2c12_090325_exp1_F0003_Data
1dad70cfbe2e6f57b1739466bacfbca00d646a8042957a3a83f322b6ff212051,0.5,46.4525,3.4358635498711703,4,c2c12,c2c12_090325_exp1_F0003_Data
1db7744cbfbde425e19ee459ca0f837a73f81484811b8532c487e3a2cdc30913,0.25,1.2425,1.699517088273411,4,c2c12,c2c12_090303_exp1_F0012_Data
1db7744cbfbde425e19ee459ca0f837a73f81484811b8532c487e3a2cdc30913,0.5,1.3675000000000002,0.12499999999999997,4,c2c12,c2c12_090303_exp1_F0012_Data
1dbec99efa7fb6b59960adf81aa18dd554402a5a7f0f766e64d8934175e49eea,0.25,4.4624999999999995,4.760450783976941,4,c2c12,c2c12_090318_exp1_F0016_Data
1dbec99efa7fb6b59960adf81aa18dd554402a5a7f0f766e64d8934175e49eea,0.5,6.737500000000001,1.9435598781617198,4,c2c12,c2c12_090318_exp1_F0016_Data
1e3bd79c869531ddcb227cb75c5c6c355972c5b76e7b905e112dcc8a65eea671,0.25,14.6325,11.997478554540812,4,c2c12,c2c12_090303_exp1_F0003_Data
1e3bd79c869531ddcb227cb75c5c6c355972c5b76e7b905e112dcc8a65eea671,0.5,16.314999999999998,5.747895266965117,4,c2c12,c2c12_090303_exp1_F0003_Data
1e5746176821d727cd5c8bb12b6327e5f3b8457cc36252eb0007315970ed0125,0.25,25.47,8.169418583962997,4,c2c12,c2c12_090325_exp1_F0001_Data
1e5746176821d727cd5c8bb12b6327e5f3b8457cc36252eb0007315970ed0125,0.5,28.134999999999998,1.9299999999999984,4,c2c12,c2c12_090325_exp1_F0001_Data
1e65fe76c20516db91d934b4526ae117242b25fcd55970eb7d4ffe617b871e2b,0.25,21.1925,5.438182141120321,4,c2c12,c2c12_090303_exp1_F0005_Data
1e65fe76c20516db91d934b4526ae117242b25fcd55970eb7d4ffe617b871e2b,0.5,22.4175,4.937174461842186,4,c2c12,c2c12_090303_exp1_F0005_Data
1e74b87efe097677697f67cad2f099d1420516fb9443316514b3ef0b0e7d3585,0.25,7.5225,5.559684493446248,4,c2c12,c2c12_090325_exp1_F0003_Data
1e74b87efe097677697f67cad2f099d1420516fb9443316514b3ef0b0e7d3585,0.5,2.4775,0.8558183218417328,4,c2c12,c2c12_090325_exp1_F0003_Data
1e8f39fad9a499f4312daeda75ea1ac4023c607769764d88a01eaa1ce54a1798,0.25,23.91,5.277038310769909,4,c2c12,c2c12_090325_exp1_F0007_Data
1e8f39fad9a499f4312daeda75ea1ac4023c607769764d88a01eaa1ce54a1798,0.5,31.625,4.133969037136104,4,c2c12,c2c12_090325_exp1_F0007_Data
1e9a321856accfdc725a919569a3129831e968516e68bd28bb031723090a6113,0.25,5.655,2.2272479281241537,4,c2c12,c2c12_090318_exp1_F0001_Data
1e9a321856accfdc725a919569a3129831e968516e68bd28bb031723090a6113,0.5,4.1775,1.1706800018223025,4,c2c12,c2c12_090318_exp1_F0001_Data
1edb62f5840d936d27158d63b1deddb72065873b19b3584d1c6df6de94c84b59,0.25,23.175,6.482913439701835,4,c2c12,c2c12_090303_exp1_F0001_Data
1edb62f5840d936d27158d63b1deddb72065873b19b3584d1c6df6de94c84b59,0.5,20.635,2.7552676820955178,4,c2c12,c2c12_090303_exp1_F0001_Data
1ee550fa0fdc74a02449d530555d924eb6ba6fe42c237bc1e9c6cdb4d050f3bb,0.25,8.8275,2.6463733044804294,4,c2c12,c2c12_090325_exp1_F0005_Data
1ee550fa0fdc74a02449d530555d924eb6ba6fe42c237bc1e9c6cdb4d050f3bb,0.5,7.2725,1.42845779309949,4,c2c12,c2c12_090325_exp1_F0005_Data
1f138fc1ca64f4485120f641f53bd81a7a64825914c3195ce6558d564a52b880,0.25,13.149999999999999,2.832960759817662,4,c2c12,c2c12_090318_exp1_F0005_Data
1f138fc1ca64f4485120f641f53bd81a7a64825914c3195ce6558d564a52b880,0.5,18.177500000000002,2.989017397072155,4,c2c12,c2c12_090318_exp1_F0005_Data
1f2e77a1a3c3d3f81b6aada6ac57bdde36d7b0d5ea5839cdaec151f75351c504,0.25,32.685,8.39352726807985,4,c2c12,c2c12_090303_exp1_F0014_Data
1f2e77a1a3c3d3f81b6aada6ac57bdde36d7b0d5ea5839cdaec151f75351c504,0.5,34.04,5.417754762506947,4,c2c12,c2c12_090303_exp1_F0014_Data
1f33ac17663a40dbd96339d7449450840c9c6881430214b61081c6d5e8b3e09a,0.25,10.18,4.731546611133967,4,c2c12,c2c12_090318_exp1_F0007_Data
1f33ac17663a40dbd96339d7449450840c9c6881430214b61081c6d5e8b3e09a,0.5,14.41,1.291691397612707,4,c2c12,c2c12_090318_exp1_F0007_Data
1f34274f4b7eea3e76db8b10997d2a9d2108ef941995123b2f53fb828b9a3caf,0.25,29.4425,6.219546473283509,4,c2c12,c2c12_090325_exp1_F0011_Data
1f34274f4b7eea3e76db8b10997d2a9d2108ef941995123b2f53fb828b9a3caf,0.5,32.115,1.9731784849154763,4,c2c12,c2c12_090325_exp1_F0011_Data
1f3b3a11e92e443e06eaa892524cceb395e44fbfe94a114440c0d2223ba78ca2,0.25,22.9125,16.815642271409082,4,c2c12,c2c12_090318_exp1_F0011_Data
1f3b3a11e92e443e06eaa892524cceb395e44fbfe94a114440c0d2223ba78ca2,0.5,41.595,5.998208065747633,4,c2c12,c2c12_090318_exp1_F0011_Data
1f41a1a185c507f0c134658c679bc295993a5b0fe0710fa13c6352c8a46e0227,0.25,13.355,4.4002916570003245,4,c2c12,c2c12_090303_exp1_F0010_Data
1f41a1a185c507f0c134658c679bc295993a5b0fe0710fa13c6352c8a46e0227,0.5,14.7625,1.8683571214661645,4,c2c12,c2c12_090303_exp1_F0010_Data
1f631d6138093883b8e04c36706746b9d6730e09ae8bcc8384c961de59cedc3f,0.25,16.68,12.163028679842315,4,c2c12,c2c12_090318_exp1_F0013_Data
1f631d6138093883b8e04c36706746b9d6730e09ae8bcc8384c961de59cedc3f,0.5,4.930000000000001,4.204243887629103,4,c2c12,c2c12_090318_exp1_F0013_Data
1f7169734f12c92a7ccd530447b57f129122d9ec55ab381b688fa900f8d5484f,0.25,34.2175,9.056218397690433,4,c2c12,c2c12_090325_exp1_F0003_Data
1f7169734f12c92a7ccd530447b57f129122d9ec55ab381b688fa900f8d5484f,0.5,33.12,3.144603843623763,4,c2c12,c2c12_090325_exp1_F0003_Data
1fc6f3e011af51c2d860dc14c6d032278983c019b177f1e491653d6ea0767be8,0.25,24.1925,10.458146346269974,4,c2c12,c2c12_090318_exp1_F0003_Data
1fc6f3e011af51c2d860dc14c6d032278983c019b177f1e491653d6ea0767be8,0.5,37.042500000000004,3.1851779123517296,4,c2c12,c2c12_090318_exp1_F0003_Data
1feede07a71de890015223f087188ecfa099531a7d0db70254cfaf390975285d,0.25,38.72,18.366333330308475,4,c2c12,c2c12_090303_exp1_F0012_Data
1feede07a71de890015223f087188ecfa099531a7d0db70254cfaf390975285d,0.5,41.755,4.259581356581104,4,c2c12,c2c12_090303_exp1_F0012_Data
1ff2d89802f0e32f194227a6d167d7dcc9f31f14b5cdcaa6643992fba917bc12,0.25,1.6075,1.4988078596004226,4,c2c12,c2c12_090303_exp1_F0014_Data
1ff2d89802f0e32f194227a6d167d7dcc9f31f14b5cdcaa6643992fba917bc12,0.5,3.2575000000000003,1.0266247285806693,4,c2c12,c2c12_090303_exp1_F0014_Data
200e96fc26d5e42548ff88cdf4b1031f65f81ea9928eee38f79000764cad4ffb,0.25,6.35,1.9557607215607948,4,c2c12,c2c12_090318_exp1_F0005_Data
200e96fc26d5e42548ff88cdf4b1031f65f81ea9928eee38f79000764cad4ffb,0.5,10.6325,2.2328513161426575,4,c2c12,c2c12_090318_exp1_F0005_Data
2040ac3f61a07ae210b9d7d2aba41f5fcea12dbaeb725948269538c717968432,0.25,25.295,9.943535588511764,4,c2c12,c2c12_090325_exp1_F0001_Data
2040ac3f61a07ae210b9d7d2aba41f5fcea12dbaeb725948269538c717968432,0.5,29.93,0.9994998749374613,4,c2c12,c2c12_090325_exp1_F0001_Data
208a7e73d981f8f073dc5264a19566a43363f0e6d5d474e4d297b666952ac226,0.25,12.3025,5.909768043953444,4,c2c12,c2c12_090325_exp1_F0011_Data
208a7e73d981f8f073dc5264a19566a43363f0e6d5d474e4d297b666952ac226,0.5,17.715,3.167149086060416,4,c2c12,c2c12_090325_exp1_F0011_Data
20988fdcf40f118d6320d75bf369ea1ee7cd10aecfc6a87ae0bbc1e678097526,0.25,7.2125,5.319344414493199,4,c2c12,c2c12_090318_exp1_F0016_Data
20988fdcf40f118d6320d75bf369ea1ee7cd10aecfc6a87ae0bbc1e678097526,0.5,7.9,2.1076210918157625,4,c2c12,c2c12_090318_exp1_F0016_Data
20ba3184cdc5ad2ffb4b908b2fbe7c0ab634e03fe94e7ac97095f7000deb6eac,0.25,8.715,1.5878811878307104,4,c2c12,c2c12_090318_exp1_F0003_Data
20ba3184cdc5ad2ffb4b908b2fbe7c0ab634e03fe94e7ac97095f7000deb6eac,0.5,9.094999999999999,1.3842326394071194,4,c2c12,c2c12_090318_exp1_F0003_Data
210487387f3012dce240e9f4716187f06e4ef4d9b9c7f9e35ceb51a3ea3c34c1,0.25,3.04,2.633729927941233,4,c2c12,c2c12_090318_exp1_F0003_Data
210487387f3012dce240e9f4716187f06e4ef4d9b9c7f9e35ceb51a3ea3c34c1,0.5,7.9775,1.1105966864708356,4,c2c12,c2c12_090318_exp1_F0003_Data
211a3c493d37f180507e47bd3db72819e1213d3df3e909521e227aba0afa2cf3,0.25,45.4875,9.129411718907928,4,c2c12,c2c12_090318_exp1_F0011_Data
211a3c493d37f180507e47bd3db72819e1213d3df3e909521e227aba0afa2cf3,0.5,48.807500000000005,4.239318931149202,4,c2c12,c2c12_090318_exp1_F0011_Data
213509080a63d1f90ff0982b5efebad1d2076c04e49d10d7da5fd84943ca9064,0.25,22.655,10.987800811202698,4,c2c12,c2c12_090325_exp1_F0001_Data
213509080a63d1f90ff0982b5efebad1d2076c04e49d10d7da5fd84943ca9064,0.5,27.305,1.9225937341691999,4,c2c12,c2c12_090325_exp1_F0001_Data
2138e8b9742aff6121dbd1bf450f4fb94d40a99ec57896480ff4924aba58e734,0.25,14.205000000000002,5.888885010480904,4,c2c12,c2c12_090318_exp1_F0005_Data
2138e8b9742aff6121dbd1bf450f4fb94d40a99ec57896480ff4924aba58e734,0.5,19.4725,2.3571787515304536,4,c2c12,c2c12_090318_exp1_F0005_Data
213d5cccb3c08cbafb2a384a9527d83cde81fa7ac1729ba8370dba0019ce54b9,0.25,26.155,15.092270648690786,4,c2c12,c2c12_090325_exp1_F0018_Data
213d5cccb3c08cbafb2a384a9527d83cde81fa7ac1729ba8370dba0019ce54b9,0.5,21.3325,6.949985011974246,4,c2c12,c2c12_090325_exp1_F0018_Data
216a26de964bef66a149e64535749488fc1da4c5d785b30a335cf01f2be67488,0.25,7.6975,5.16782594521139,4,c2c12,c2c12_090318_exp1_F0016_Data
216a26de964bef66a149e64535749488fc1da4c5d785b30a335cf01f2be67488,0.5,7.175000000000001,3.10047845770079,4,c2c12,c2c12_090318_exp1_F0016_Data
21bce82d7c12c8b2d2636cd8c00e1d1516ecfe7690cd7fb03b2bc7c30d884572,0.25,39.6725,11.971907046637696,4,c2c12,c2c12_090325_exp1_F0003_Data
21bce82d7c12c8b2d2636cd8c00e1d1516ecfe7690cd7fb03b2bc7c30d884572,0.5,35.085,3.321550842603495,4,c2c12,c2c12_090325_exp1_F0003_Data
21c43379e1ca38bd70ae7366281fb07c90a539dc59abff2567a38c0c97eed6b0,0.25,43.935,3.774939293110109,4,c2c12,c2c12_090325_exp1_F0013_Data
21c43379e1ca38bd70ae7366281fb07c90a539dc59abff2567a38c0c97eed6b0,0.5,45.995000000000005,4.234009132410241,4,c2c12,c2c12_090325_exp1_F0013_Data
21d74877a4cf85cebadfc6bec9dbdeb842a37ec9577ad019bc05bc06ac7d6371,0.25,19.814999999999998,4.578402195817518,4,c2c12,c2c12_090325_exp1_F0005_Data
21d74877a4cf85cebadfc6bec9dbdeb842a37ec9577ad019bc05bc06ac7d6371,0.5,21.5275,0.4903994970089862,4,c2c12,c2c12_090325_exp1_F0005_Data
21fe2fb1df52415ea0e0a7f86a6a8ffe6b27ea246aa0e0155e0730e5254bc2e1,0.25,28.3275,7.259069614397335,4,c2c12,c2c12_090318_exp1_F0007_Data
21fe2fb1df52415ea0e0a7f86a6a8ffe6b27ea246aa0e0155e0730e5254bc2e1,0.5,31.45,6.024627236048164,4,c2c12,c2c12_090318_exp1_F0007_Data
222158ab7841f3455392d1964f8cd0829c94b5123452970bb2a3278491323e1d,0.25,25.835,12.710516643053237,4,c2c12,c2c12_090318_exp1_F0001_Data
222158ab7841f3455392d1964f8cd0829c94b5123452970bb2a3278491323e1d,0.5,30.3575,7.249226970282187,4,c2c12,c2c12_090318_exp1_F0001_Data
222428726aee0e953fb5fd1d5111c0fae8bfd9aff27e2bcd38e9fefc6cce46bb,0.25,10.9775,1.0232098188217964,4,c2c12,c2c12_090303_exp1_F0014_Data
222428726aee0e953fb5fd1d5111c0fae8bfd9aff27e2bcd38e9fefc6cce46bb,0.5,11.1975,1.022427666553158,4,c2c12,c2c12_090303_exp1_F0014_Data
222dfafd7d010f159089a271ac837dbee235ffd6be87f68d431f6c896e2f9319,0.25,3.5075,2.779836625894886,4,c2c12,c2c12_090318_exp1_F0005_Data
222dfafd7d010f159089a271ac837dbee235ffd6be87f68d431f6c896e2f9319,0.5,4.35,1.3330416347586447,4,c2c12,c2c12_090318_exp1_F0005_Data
226a0aeaabecc89dadf2eb62cc5266daacd7ba4f45d08835490cdd71375c6afd,0.25,19.89,6.4660807294682,4,c2c12,c2c12_090303_exp1_F0007_Data
226a0aeaabecc89dadf2eb62cc5266daacd7ba4f45d08835490cdd71375c6afd,0.5,19.15,5.528079835410002,4,c2c12,c2c12_090303_exp1_F0007_Data
22c0c06c9180ef9727f91a61f6e761795ef1a467057842a5022e4c72309f27cf,0.25,21.115,4.209912904878991,4,c2c12,c2c12_090303_exp1_F0005_Data
22c0c06c9180ef9727f91a61f6e761795ef1a467057842a5022e4c72309f27cf,0.5,27.372500000000002,2.0158434959093428,4,c2c12,c2c12_090303_exp1_F0005_Data
22cb71b4d46e9981eaa9749254d3550e1b8163880733c39484b21b53a784f16b,0.25,32.3875,5.632082948016068,4,c2c12,c2c12_090303_exp1_F0012_Data
22cb71b4d46e9981eaa9749254d3550e1b8163880733c39484b21b53a784f16b,0.5,21.075,7.190203984125438,4,c2c12,c2c12_090303_exp1_F0012_Data
232ea525da7b3e40bd0c7730fb2d29a59954ad0375f8cf03d616a763c7f18ff3,0.25,31.1675,13.198250831076065,4,c2c12,c2c12_090303_exp1_F0007_Data
232ea525da7b3e40bd0c7730fb2d29a59954ad0375f8cf03d616a763c7f18ff3,0.5,30.33,2.348389519081817,4,c2c12,c2c12_090303_exp1_F0007_Data
2333bd532bd83c900723a88652d23d8b8a46b24195b7c64623b917bdf6178294,0.25,36.77,22.080975220009343,4,c2c12,c2c12_090318_exp1_F0011_Data
2333bd532bd83c900723a88652d23d8b8a46b24195b7c64623b917bdf6178294,0.5,52.1025,3.719609074441381,4,c2c12,c2c12_090318_exp1_F0011_Data
23431db582e468ceb7a6dd730f3cecdb65445ee13760a2e423199876ac64dc67,0.25,5.6075,4.495088986883352,4,c2c12,c2c12_090325_exp1_F0018_Data
23431db582e468ceb7a6dd730f3cecdb65445ee13760a2e423199876ac64dc67,0.5,3.7350000000000003,1.7349447637701132,4,c2c12,c2c12_090325_exp1_F0018_Data
235681441e9b4a3aba76cbb333f2bf5028b1f96b83ea3d286c4a74d651466906,0.25,15.092500000000001,4.131459588732938,4,c2c12,c2c12_090318_exp1_F0005_Data
235681441e9b4a3aba76cbb333f2bf5028b1f96b83ea3d286c4a74d651466906,0.5,14.9975,1.2505565427707255,4,c2c12,c2c12_090318_exp1_F0005_Data
2365eae8ecfee7c9af8afb42924f7345581fe942219d6dc9b17776231e6b1705,0.25,17.9225,4.973170517888964,4,c2c12,c2c12_090325_exp1_F0007_Data
2365eae8ecfee7c9af8afb42924f7345581fe942219d6dc9b17776231e6b1705,0.5,14.4775,1.3183417614564144,4,c2c12,c2c12_090325_exp1_F0007_Data
237fa639ffdfaa4ef022ba2e21d2466041439066e52fe05f6f6f5a138246b578,0.25,3.75,3.2246033347788168,4,c2c12,c2c12_090303_exp1_F0003_Data
237fa639ffdfaa4ef022ba2e21d2466041439066e52fe05f6f6f5a138246b578,0.5,3.625,1.4119844191774922,4,c2c12,c2c12_090303_exp1_F0003_Data
23847f383f983d11b6c6d8ad810fabcbab1d68ab019a1687ec8d1192ce9dd813,0.25,33.462500000000006,13.17948247592952,4,c2c12,c2c12_090325_exp1_F0011_Data
23847f383f983d11b6c6d8ad810fabcbab1d68ab019a1687ec8d1192ce9dd813,0.5,35.2225,3.95290926618189,4,c2c12,c2c12_090325_exp1_F0011_Data
23ad26e2ceeeeb8a5dede03489da810921bb000f1cd551a01bb9d369cdd72370,0.25,5.5675,3.765230183313277,4,c2c12,c2c12_090325_exp1_F0005_Data
23ad26e2ceeeeb8a5dede03489da810921bb000f1cd551a01bb9d369cdd72370,0.5,6.1825,1.2853890461646231,4,c2c12,c2c12_090325_exp1_F0005_Data
23b5cef5eb18c00088b02ce12fb0b005b6017e59299f7a29514562e73766d798,0.25,46.03,7.619011309437291,4,c2c12,c2c12_090325_exp1_F0013_Data
23b5cef5eb18c00088b02ce12fb0b005b6017e59299f7a29514562e73766d798,0.5,42.510000000000005,1.5664184200483156,4,c2c12,c2c12_090325_exp1_F0013_Data
23b918e04b2d71d477da5fbbadd531d79c10850b62fb6848d1283ec312dc3e3f,0.25,8.365,4.65159829162694,4,c2c12,c2c12_090325_exp1_F0007_Data
23b918e04b2d71d477da5fbbadd531d79c10850b62fb6848d1283ec312dc3e3f,0.5,8.0,2.5580852214107335,4,c2c12,c2c12_090325_exp1_F0007_Data
23e8c5b92fd040c6105bb02157b50a724f2e4d53e40b08f742774a780bfa87f3,0.25,14.157499999999999,11.893699662706581,4,c2c12,c2c12_090303_exp1_F0003_Data
23e8c5b92fd040c6105bb02157b50a724f2e4d53e40b08f742774a780bfa87f3,0.5,16.2675,4.21791714001117,4,c2c12,c2c12_090303_exp1_F0003_Data
23fb4bb0bdca05a226f2d6bda551bea750ac431a647497731c6606b7c06fe85e,0.25,17.46,7.124404068645555,4,c2c12,c2c12_090318_exp1_F0007_Data
23fb4bb0bdca05a226f2d6bda551bea750ac431a647497731c6606b7c06fe85e,0.5,20.7225,3.2884684885216715,4,c2c12,c2c12_090318_exp1_F0007_Data
240e416c7673b1cfa1d9defe55f205ab28c9178f11bb62912671a789e7b3abff,0.25,8.6725,4.755869180987495,4,c2c12,c2c12_090325_exp1_F0016_Data
240e416c7673b1cfa1d9defe55f205ab28c9178f11bb62912671a789e7b3abff,0.5,10.7625,1.144097169532961,4,c2c12,c2c12_090325_exp1_F0016_Data
246100fc21c64fc89cc27b63740c978e5ad7f8627170ebc05f65c93a8dc5e88f,0.25,16.895,2.455232507659237,4,c2c12,c2c12_090325_exp1_F0016_Data
246100fc21c64fc89cc27b63740c978e5ad7f8627170ebc05f65c93a8dc5e88f,0.5,13.8025,1.9327075136536656,4,c2c12,c2c12_090325_exp1_F0016_Data
24728acabca61d5b5cb9dbece35256ec25200223382cd301fc3a3f1d1935c148,0.25,17.9975,8.220038016943716,4,c2c12,c2c12_090318_exp1_F0016_Data
24728acabca61d5b5cb9dbece35256ec25200223382cd301fc3a3f1d1935c148,0.5,17.3925,2.301121103578283,4,c2c12,c2c12_090318_exp1_F0016_Data
24a6a512eefc405826a7bddd1341d90ad31fb3ebdbb01e62e36c532c15898566,0.25,8.942499999999999,3.1042162188438693,4,c2c12,c2c12_090325_exp1_F0016_Data
24a6a512eefc405826a7bddd1341d90ad31fb3ebdbb01e62e36c532c15898566,0.5,13.145,1.8745043789403824,4,c2c12,c2c12_090325_exp1_F0016_Data
24a8d7cf29bd517184d5ac260baeb6953096e870e29b4931fbeae81f3a9b4d12,0.25,25.5475,5.579249501501077,4,c2c12,c2c12_090303_exp1_F0001_Data
24a8d7cf29bd517184d5ac260baeb6953096e870e29b4931fbeae81f3a9b4d12,0.5,30.195,1.1775822688882507,4,c2c12,c2c12_090303_exp1_F0001_Data
24ac62ba77d6ece1fddb8e8d80c54a83241c6d076487308b0759654c2a5648d7,0.25,32.4025,5.89897943150621,4,c2c12,c2c12_090325_exp1_F0011_Data
24ac62ba77d6ece1fddb8e8d80c54a83241c6d076487308b0759654c2a5648d7,0.5,38.0025,5.7760042416881925,4,c2c12,c2c12_090325_exp1_F0011_Data
24b4822c5255c9fb4b1e879ec875ae9e080e7a9a3e657351a89d7acbb56fb0c2,0.25,9.315,2.7735116128595294,4,c2c12,c2c12_090325_exp1_F0013_Data
24b4822c5255c9fb4b1e879ec875ae9e080e7a9a3e657351a89d7acbb56fb0c2,0.5,11.1075,1.8874564012624682,4,c2c12,c2c12_090325_exp1_F0013_Data
24eff7172bcc7593de378cd99ade423ba09ef26a67cc5be40f6aab4c9a301849,0.25,2.9425,2.999481899706459,4,c2c12,c2c12_090303_exp1_F0016_Data
24eff7172bcc7593de378cd99ade423ba09ef26a67cc5be40f6aab4c9a301849,0.5,4.0375,0.7210813638788159,4,c2c12,c2c12_090303_exp1_F0016_Data
24f96588dacd6860934eb77d611098f9980a61d566a8528801a3932598967c92,0.25,47.415,21.6396680504423,4,c2c12,c2c12_090318_exp1_F0013_Data
24f96588dacd6860934eb77d611098f9980a61d566a8528801a3932598967c92,0.5,57.3675,16.638219806617936,4,c2c12,c2c12_090318_exp1_F0013_Data
24fbcbaed059bc680a6a146a9b1b1226c96c204199480cd4470630ef029976ab,0.25,3.765,1.3553474339322251,4,c2c12,c2c12_090318_exp1_F0003_Data
24fbcbaed059bc680a6a146a9b1b1226c96c204199480cd4470630ef029976ab,0.5,4.7475000000000005,1.3404072764151442,4,c2c12,c2c12_090318_exp1_F0003_Data
251a7bc48f913c69440c9bbb9dc488bc6bb2c27f27c9df8116abc7c1037e9734,0.25,21.340000000000003,6.718442279774879,4,c2c12,c2c12_090318_exp1_F0018_Data
251a7bc48f913c69440c9bbb9dc488bc6bb2c27f27c9df8116abc7c1037e9734,0.5,28.884999999999998,4.323767647164527,4,c2c12,c2c12_090318_exp1_F0018_Data
252d3516ea6a53e87c519e6a89cfbe9ebece1f859dbfee1a4038c74f4f881ce6,0.25,17.37,3.2325222350356704,4,c2c12,c2c12_090303_exp1_F0001_Data
252d3516ea6a53e87c519e6a89cfbe9ebece1f859dbfee1a4038c74f4f881ce6,0.5,18.002499999999998,0.8467339212133489,4,c2c12,c2c12_090303_exp1_F0001_Data
254a9447b76c64f311e31f62d8946ec5f9ac3ed9946603dd1c135a3b40be9020,0.25,16.525,16.869764866964406,4,c2c12,c2c12_090303_exp1_F0003_Data
254a9447b76c64f311e31f62d8946ec5f9ac3ed9946603dd1c135a3b40be9020,0.5,17.4575,3.925696328890794,4,c2c12,c2c12_090303_exp1_F0003_Data
256b24c605814709570ef1e04f704784509731952ad887e3a1df4326dd8f91a4,0.25,5.407500000000001,5.419983856064518,4,c2c12,c2c12_090325_exp1_F0018_Data
256b24c605814709570ef1e04f704784509731952ad887e3a1df4326dd8f91a4,0.5,9.035,2.828668709245865,4,c2c12,c2c12_090325_exp1_F0018_Data
2571822e6d1aee7bc1050401885048cce47bf31f85efdf141f6538fd93ccc77e,0.25,11.74,4.954116133748448,4,c2c12,c2c12_090325_exp1_F0013_Data
2571822e6d1aee7bc1050401885048cce47bf31f85efdf141f6538fd93ccc77e,0.5,14.2,1.6174877639928742,4,c2c12,c2c12_090325_exp1_F0013_Data
257a87d3b9648bd8188c50265384bc0294b7f3b8aa9351baa5915817d6237426,0.25,11.605,5.943604405857891,4,c2c12,c2c12_090303_exp1_F0003_Data
257a87d3b9648bd8188c50265384bc0294b7f3b8aa9351baa5915817d6237426,0.5,12.9575,3.1726159027948326,4,c2c12,c2c12_090303_exp1_F0003_Data
25815e613f223df7950c1c6301d7eabc29fd00dbfe45b3ce5965a4c0a766921e,0.25,3.66,4.699581541655243,4,c2c12,c2c12_090318_exp1_F0001_Data
25815e613f223df7950c1c6301d7eabc29fd00dbfe45b3ce5965a4c0a766921e,0.5,3.09,1.3262227062852856,4,c2c12,c2c12_090318_exp1_F0001_Data
258781f37a0949463e0c25ad18dcfe86c488d0339938fe6c708eab3eda334f7a,0.25,14.375,5.277534146423562,4,c2c12,c2c12_090318_exp1_F0003_Data
258781f37a0949463e0c25ad18dcfe86c488d0339938fe6c708eab3eda334f7a,0.5,20.237499999999997,2.137855233639544,4,c2c12,c2c12_090318_exp1_F0003_Data
258a1ef472bdcccf7722ed6bdd99937b5883b1f6963dbf8b43ec9f914d8c04b7,0.25,18.0125,17.01550738787024,4,c2c12,c2c12_090303_exp1_F0012_Data
258a1ef472bdcccf7722ed6bdd99937b5883b1f6963dbf8b43ec9f914d8c04b7,0.5,31.722499999999997,6.814471733010565,4,c2c12,c2c12_090303_exp1_F0012_Data
259b2f492b4e3f2b079d1a0e59f8811ce3dad1a5f32c8344a73f6b0ad509e289,0.25,3.895,2.0274532464810786,4,c2c12,c2c12_090303_exp1_F0016_Data
259b2f492b4e3f2b079d1a0e59f8811ce3dad1a5f32c8344a73f6b0ad509e289,0.5,6.98,0.55075705472861,4,c2c12,c2c12_090303_exp1_F0016_Data
25bb7b0e1bdc1998aabd261593b83f99cfa6d138ae5247b112e44787d1eb1aaa,0.25,6.505000000000001,7.30984951965497,4,c2c12,c2c12_090303_exp1_F0012_Data
25bb7b0e1bdc1998aabd261593b83f99cfa6d138ae5247b112e44787d1eb1aaa,0.5,5.4399999999999995,1.9909294311953902,4,c2c12,c2c12_090303_exp1_F0012_Data
25c396a0fd2458d6d616b0de8fba97852e8a20682e8dad01166e1b52ff6aa10b,0.25,34.955,8.67520797060989,4,c2c12,c2c12_090303_exp1_F0014_Data
25c396a0fd2458d6d616b0de8fba97852e8a20682e8dad01166e1b52ff6aa10b,0.5,37.894999999999996,2.3067509618508932,4,c2c12,c2c12_090303_exp1_F0014_Data
25f26aed21ad4993758460c05344ffa73fef39513cb9cc39ed299ad17fa03517,0.25,34.94,22.614019250603523,4,c2c12,c2c12_090318_exp1_F0001_Data
25f26aed21ad4993758460c05344ffa73fef39513cb9cc39ed299ad17fa03517,0.5,27.6875,7.344786699875402,4,c2c12,c2c12_090318_exp1_F0001_Data
25fb56bbb6c9b4782ba9ba8207c5e2a0dfaa76cffa84b650a742ab11fa51d460,0.25,16.445,7.052703973181728,4,c2c12,c2c12_090303_exp1_F0001_Data
25fb56bbb6c9b4782ba9ba8207c5e2a0dfaa76cffa84b650a742ab11fa51d460,0.5,20.4325,1.6469036604084246,4,c2c12,c2c12_090303_exp1_F0001_Data
260978225cdcb0797f205fe110406d88471be3e6b144de63c8334d7e52f602b9,0.25,4.3525,2.1082279288539936,4,c2c12,c2c12_090303_exp1_F0007_Data
260978225cdcb0797f205fe110406d88471be3e6b144de63c8334d7e52f602b9,0.5,4.35,1.0022973610660662,4,c2c12,c2c12_090303_exp1_F0007_Data
265d5d2274512e205cd7da0db8109980c0c6eb36ebef98bc391347d4e5175606,0.25,4.8575,3.983736729922465,4,c2c12,c2c12_090318_exp1_F0007_Data
265d5d2274512e205cd7da0db8109980c0c6eb36ebef98bc391347d4e5175606,0.5,6.5975,1.7587187571259562,4,c2c12,c2c12_090318_exp1_F0007_Data
266b387dadea3b6de90c2da65bd805571230bcf77ec433b9f419f6bf9416104d,0.25,34.435,10.230922082914455,4,c2c12,c2c12_090303_exp1_F0003_Data
266b387dadea3b6de90c2da65bd805571230bcf77ec433b9f419f6bf9416104d,0.5,37.215,5.361395962495836,4,c2c12,c2c12_090303_exp1_F0003_Data
268f2992da4d4d7bff53637a18367377580ecb114821cf8967328ba25e7961ce,0.25,5.297499999999999,5.2585256171922055,4,c2c12,c2c12_090318_exp1_F0001_Data
268f2992da4d4d7bff53637a18367377580ecb114821cf8967328ba25e7961ce,0.5,4.734999999999999,0.9739780969474282,4,c2c12,c2c12_090318_exp1_F0001_Data
26bd5e84a33ae6bc8a06be20d8be0d4b289116c1476ee82559a846648ad75f03,0.25,17.0075,7.070329435983399,4,c2c12,c2c12_090325_exp1_F0005_Data
26bd5e84a33ae6bc8a06be20d8be0d4b289116c1476ee82559a846648ad75f03,0.5,14.815,1.1585767130406168,4,c2c12,c2c12_090325_exp1_F0005_Data
26cc840a4575e2ba7031f1448e1354463ed670e61e379121e6b7ee9b009c40b1,0.25,5.9025,2.02399563570017,4,c2c12,c2c12_090325_exp1_F0007_Data
26cc840a4575e2ba7031f1448e1354463ed670e61e379121e6b7ee9b009c40b1,0.5,6.7475,2.167646573283262,4,c2c12,c2c12_090325_exp1_F0007_Data
26d74d8a47f174a76b9d78c27e510555550be5d7fdce23716413a689441386d2,0.25,33.375,17.639993386242146,4,c2c12,c2c12_090318_exp1_F0011_Data
26d74d8a47f174a76b9d78c27e510555550be5d7fdce23716413a689441386d2,0.5,29.6475,5.344794196224961,4,c2c12,c2c12_090318_exp1_F0011_Data
270da23b9f3ba720598d0d7b25636c4d4fd67e93dadde3d9f094d68c77a809d8,0.25,2.04,0.9095786570348566,4,c2c12,c2c12_090303_exp1_F0001_Data
270da23b9f3ba720598d0d7b25636c4d4fd67e93dadde3d9f094d68c77a809d8,0.5,1.4649999999999999,0.6625455959152295,4,c2c12,c2c12_090303_exp1_F0001_Data
271c885a6337e8cd1d911d57b50fd90856a85e485e3e50ea2232c130a34a56f1,0.25,2.6725,1.5275770575217036,4,c2c12,c2c12_090318_exp1_F0005_Data
271c885a6337e8cd1d911d57b50fd90856a85e485e3e50ea2232c130a34a56f1,0.5,2.91,0.9043966681348035,4,c2c12,c2c12_090318_exp1_F0005_Data
271fdc5790e343dc94372648a6b01cfddcd2243c31266a252aac3bf2a44ff57b,0.25,16.1525,6.521831925668328,4,c2c12,c2c12_090325_exp1_F0007_Data
271fdc5790e343dc94372648a6b01cfddcd2243c31266a252aac3bf2a44ff57b,0.5,22.475,1.32152689466894,4,c2c12,c2c12_090325_exp1_F0007_Data
2731673c022c394a1e0fd3d1c43b8f74a5c2823875aff479e88b3a209459fb30,0.25,43.325,9.016139232879377,4,c2c12,c2c12_090303_exp1_F0003_Data
2731673c022c394a1e0fd3d1c43b8f74a5c2823875aff479e88b3a209459fb30,0.5,38.1775,3.0032246558213607,4,c2c12,c2c12_090303_exp1_F0003_Data
27358cb1002b807202a06adb572e39720134e6ead9d16371410934d809d34673,0.25,15.4275,5.8193663744431845,4,c2c12,c2c12_090303_exp1_F0016_Data
27358cb1002b807202a06adb572e39720134e6ead9d16371410934d809d34673,0.5,14.8475,3.1263970210664755,4,c2c12,c2c12_090303_exp1_F0016_Data
273a54b9be8a2769c81c3237e81bf1e85429f2142a4b850923ca8fb5c8188254,0.25,42.1875,20.632686648455003,4,c2c12,c2c12_090318_exp1_F0018_Data
273a54b9be8a2769c81c3237e81bf1e85429f2142a4b850923ca8fb5c8188254,0.5,36.25,4.706208665157122,4,c2c12,c2c12_090318_exp1_F0018_Data
276899606c33ebdc187805f75c6531827014c16bb2b6b5c459ddfd4bf1184a45,0.25,32.87,6.594244965624698,4,c2c12,c2c12_090303_exp1_F0001_Data
276899606c33ebdc187805f75c6531827014c16bb2b6b5c459ddfd4bf1184a45,0.5,42.5475,2.2037297928738875,4,c2c12,c2c12_090303_exp1_F0001_Data
27697d84928d68e2924bb2232ba7d06557ac381932e66ab9b25394e09727b490,0.25,6.51,5.24763438767095,4,c2c12,c2c12_090318_exp1_F0003_Data
27697d84928d68e2924bb2232ba7d06557ac381932e66ab9b25394e09727b490,0.5,6.045,1.4186965848975601,4,c2c12,c2c12_090318_exp1_F0003_Data
27977595762ffb45c83a230fa23c1e06aa4752e0e814185f4b3fee4a700eba6b,0.25,41.807500000000005,12.257377030452584,4,c2c12,c2c12_090318_exp1_F0001_Data
27977595762ffb45c83a230fa23c1e06aa4752e0e814185f4b3fee4a700eba6b,0.5,25.6375,5.0431760825892225,4,c2c12,c2c12_090318_exp1_F0001_Data
27b97806dfb809b85ad7781aec06f3079bcd26e51e2a76c6fabc00f1c2fdc3f4,0.25,5.835,3.02399845678973,4,c2c12,c2c12_090325_exp1_F0001_Data
27b97806dfb809b85ad7781aec06f3079bcd26e51e2a76c6fabc00f1c2fdc3f4,0.5,9.245000000000001,2.01908395070636,4,c2c12,c2c12_090325_exp1_F0001_Data
27cefeb362a286880bf0cdeacd654e5cc99d84b45649a7122955e8c6ecd271e3,0.25,14.6975,5.747494381612449,4,c2c12,c2c12_090325_exp1_F0005_Data
27cefeb362a286880bf0cdeacd654e5cc99d84b45649a7122955e8c6ecd271e3,0.5,17.6375,2.013328504409221,4,c2c12,c2c12_090325_exp1_F0005_Data
27d1a3940e27474704b70b4ebbd636c725f5c5b460a13159e0175cf77feb6b41,0.25,33.21,6.665358204927926,4,c2c12,c2c12_090318_exp1_F0007_Data
27d1a3940e27474704b70b4ebbd636c725f5c5b460a13159e0175cf77feb6b41,0.5,27.847499999999997,8.197578402593455,4,c2c12,c2c12_090318_exp1_F0007_Data
27f21fc8b57f19461dfbb3052a62fdb8ca044f6c5ae15160aeb6df291c9f6721,0.25,23.595,5.797703568367967,4,c2c12,c2c12_090325_exp1_F0007_Data
27f21fc8b57f19461dfbb3052a62fdb8ca044f6c5ae15160aeb6df291c9f6721,0.5,27.69,6.49175374353238,4,c2c12,c2c12_090325_exp1_F0007_Data
27f9dc4f24b58f846e2c95e89a9e3dfc2c6d1b270341219e97d1eb4310116945,0.25,11.5125,4.6221522764472684,4,c2c12,c2c12_090318_exp1_F0005_Data
27f9dc4f24b58f846e2c95e89a9e3dfc2c6d1b270341219e97d1eb4310116945,0.5,11.7575,1.4754067235850596,4,c2c12,c2c12_090318_exp1_F0005_Data
2819d091e1d75fcebd19e113534f95442148251f719cb12fdd0a3a5258e4452e,0.25,61.06,14.936748865354424,4,c2c12,c2c12_090318_exp1_F0013_Data
2819d091e1d75fcebd19e113534f95442148251f719cb12fdd0a3a5258e4452e,0.5,45.64,2.5441436018170585,4,c2c12,c2c12_090318_exp1_F0013_Data
285060677a8cb439300a2b2ecfbffe701621d982239e022bbfcca406f27aa3dd,0.25,1.9000000000000001,2.718099826471917,4,c2c12,c2c12_090325_exp1_F0018_Data
285060677a8cb439300a2b2ecfbffe701621d982239e022bbfcca406f27aa3dd,0.5,4.140000000000001,1.5842769118223414,4,c2c12,c2c12_090325_exp1_F0018_Data
2851f66bab32dc24be2b87c7e1c8a53ee223f576183023252eed21c154061e38,0.25,2.3875,1.6359579252943315,4,c2c12,c2c12_090303_exp1_F0016_Data
2851f66bab32dc24be2b87c7e1c8a53ee223f576183023252eed21c154061e38,0.5,3.3949999999999996,1.4320730893824285,4,c2c12,c2c12_090303_exp1_F0016_Data
2864778a8b3d3b4834528002c4e7d74480413464d14b608be2f20a858fde11d9,0.25,11.015,8.308700259366685,4,c2c12,c2c12_090325_exp1_F0007_Data
2864778a8b3d3b4834528002c4e7d74480413464d14b608be2f20a858fde11d9,0.5,15.592500000000001,3.2344847606174723,4,c2c12,c2c12_090325_exp1_F0007_Data
2897b1ca8455bcae7742bf2ebec0736e32f0cf5611d74e7011d348f9569996db,0.25,4.685,3.7121916258009455,4,c2c12,c2c12_090303_exp1_F0003_Data
2897b1ca8455bcae7742bf2ebec0736e32f0cf5611d74e7011d348f9569996db,0.5,4.64,2.8801041647829333,4,c2c12,c2c12_090303_exp1_F0003_Data
28999ec476fab3309324518cdaf215dc69dca1fa2daaad113c991743b5443f45,0.25,13.379999999999999,2.0792145953059618,4,c2c12,c2c12_090325_exp1_F0013_Data
28999ec476fab3309324518cdaf215dc69dca1fa2daaad113c991743b5443f45,0.5,11.3475,2.0869655004335845,4,c2c12,c2c12_090325_exp1_F0013_Data
28a07e21551ee82e9465d8b63534cbbfd5df6b03fc578caa5546c7f65448caab,0.25,10.040000000000001,2.529993412376141,4,c2c12,c2c12_090303_exp1_F0005_Data
28a07e21551ee82e9465d8b63534cbbfd5df6b03fc578caa5546c7f65448caab,0.5,9.815000000000001,1.2759963427324803,4,c2c12,c2c12_090303_exp1_F0005_Data
28f27ff96254790c7e3a7008d6e92cd30b1b9a207fb312fd8ac074c1213278f0,0.25,50.1225,11.353787547187357,4,c2c12,c2c12_090318_exp1_F0013_Data
28f27ff96254790c7e3a7008d6e92cd30b1b9a207fb312fd8ac074c1213278f0,0.5,52.5275,2.279362118371423,4,c2c12,c2c12_090318_exp1_F0013_Data
29034363f19ce45e61bf03080672ce68bbf855d222436701e7ec8ad6409efc69,0.25,3.8125,1.4062331480471746,4,c2c12,c2c12_090303_exp1_F0012_Data
29034363f19ce45e61bf03080672ce68bbf855d222436701e7ec8ad6409efc69,0.5,5.735,2.3033960435264564,4,c2c12,c2c12_090303_exp1_F0012_Data
292b53e43eec449ddb063200d2495fadfceb0a2e4d62e29ce044ebc3a1b7f6b6,0.25,22.915,12.614522054626828,4,c2c12,c2c12_090318_exp1_F0003_Data
292b53e43eec449ddb063200d2495fadfceb0a2e4d62e29ce044ebc3a1b7f6b6,0.5,29.655,2.6819955257233357,4,c2c12,c2c12_090318_exp1_F0003_Data
296cf9c323f6a1e7595cd97ccf44c445b1c25974535e9297ae8132982a6f2f13,0.25,13.4375,6.591936361950105,4,c2c12,c2c12_090325_exp1_F0011_Data
296cf9c323f6a1e7595cd97ccf44c445b1c25974535e9297ae8132982a6f2f13,0.5,11.0475,2.3243260672002677,4,c2c12,c2c12_090325_exp1_F0011_Data
29701fa0809845c5d4e4e811eb77e0c7da52962c2e916e1a0ca05160937a6288,0.25,7.0675,4.798613515033969,4,c2c12,c2c12_090318_exp1_F0018_Data
29701fa0809845c5d4e4e811eb77e0c7da52962c2e916e1a0ca05160937a6288,0.5,9.6525,1.217220193720101,4,c2c12,c2c12_090318_exp1_F0018_Data
29783bb354a25bc0a33ef91b98f531db26c95b8b727ca8e196a335da37d8cc5f,0.25,14.515,6.706039566440587,4,c2c12,c2c12_090318_exp1_F0007_Data
29783bb354a25bc0a33ef91b98f531db26c95b8b727ca8e196a335da37d8cc5f,0.5,13.605,1.4786593026567465,4,c2c12,c2c12_090318_exp1_F0007_Data
2989525258a4ca4f6ab551e31f43b68a281b2e743a8b7b74665b0f76528acd27,0.25,31.03,7.304934405363727,4,c2c12,c2c12_090303_exp1_F0010_Data
2989525258a4ca4f6ab551e31f43b68a281b2e743a8b7b74665b0f76528acd27,0.5,29.765,1.5617618256315522,4,c2c12,c2c12_090303_exp1_F0010_Data
29c2bcaf92a75294ebc7ec5f79f1ba3a15aaa04ecc75a635f4b8bba5db060e28,0.25,4.885,2.0565748223684936,4,c2c12,c2c12_090325_exp1_F0016_Data
29c2bcaf92a75294ebc7ec5f79f1ba3a15aaa04ecc75a635f4b8bba5db060e28,0.5,6.095,1.551697994671214,4,c2c12,c2c12_090325_exp1_F0016_Data
29e8e36ac26a3ad4f4c7f6c224cff1087e2c31892055e5b6ab24ac2918484a28,0.25,6.404999999999999,2.740979143785422,4,c2c12,c2c12_090325_exp1_F0018_Data
29e8e36ac26a3ad4f4c7f6c224cff1087e2c31892055e5b6ab24ac2918484a28,0.5,8.9475,0.40524683835904196,4,c2c12,c2c12_090325_exp1_F0018_Data
2a1c42839f249178747b0ffe54151d5e860e1fbf0523bf099da256ef6cfff88d,0.25,14.8925,7.476939547702658,4,c2c12,c2c12_090303_exp1_F0005_Data
2a1c42839f249178747b0ffe54151d5e860e1fbf0523bf099da256ef6cfff88d,0.5,15.0775,1.5576558242007978,4,c2c12,c2c12_090303_exp1_F0005_Data
2a24ce00c7200f3f9b5f09dccd241418bbd0a44fd93ef19e6e5bf91d701f6221,0.25,24.0625,4.256347221111861,4,c2c12,c2c12_090325_exp1_F0016_Data
2a24ce00c7200f3f9b5f09dccd241418bbd0a44fd93ef19e6e5bf91d701f6221,0.5,15.13,1.8244085799695926,4,c2c12,c2c12_090325_exp1_F0016_Data
2a73eb16a953bac2e13033c59042fe41384645deb312017fa7a490e345826288,0.25,6.8100000000000005,4.2507332700762746,4,c2c12,c2c12_090303_exp1_F0007_Data
2a73eb16a953bac2e13033c59042fe41384645deb312017fa7a490e345826288,0.5,7.535,1.9977403902075632,4,c2c12,c2c12_090303_exp1_F0007_Data
2ae21dd5b099e2bee88500a407d819d003b3703fc870b7c5a9c581d7d955826c,0.25,13.7025,3.6649909049455123,4,c2c12,c2c12_090303_exp1_F0001_Data
2ae21dd5b099e2bee88500a407d819d003b3703fc870b7c5a9c581d7d955826c,0.5,16.4375,1.67972964094424,4,c2c12,c2c12_090303_exp1_F0001_Data
2b2ff3cf21c18f0045802f6ccc8417d4b8399fd8d62bfff68460ad8fcafaee83,0.25,9.125,5.911753828884736,4,c2c12,c2c12_090303_exp1_F0012_Data
2b2ff3cf21c18f0045802f6ccc8417d4b8399fd8d62bfff68460ad8fcafaee83,0.5,8.635,1.5668758725565979,4,c2c12,c2c12_090303_exp1_F0012_Data
2b53b4cd27cd2ab86e9e78ef6602ef4e2cc274270320ffe20c1618bb249652b3,0.25,32.2375,24.363403395256586,4,c2c12,c2c12_090318_exp1_F0011_Data
2b53b4cd27cd2ab86e9e78ef6602ef4e2cc274270320ffe20c1618bb249652b3,0.5,46.0625,5.127243411424892,4,c2c12,c2c12_090318_exp1_F0011_Data
2b77c715471240d64e5a32a0b964b1bf296abb38c6e3fa9575893747686ae54b,0.25,46.735,13.867728725353697,4,c2c12,c2c12_090303_exp1_F0003_Data
2b77c715471240d64e5a32a0b964b1bf296abb38c6e3fa9575893747686ae54b,0.5,46.9725,2.082984637485355,4,c2c12,c2c12_090303_exp1_F0003_Data
2bc37c6712b947d6657e5bb2b4cfa07c866b1e5694bb5231ca18e9408fae9d20,0.25,25.6,3.2201966813638383,4,c2c12,c2c12_090325_exp1_F0001_Data
2bc37c6712b947d6657e5bb2b4cfa07c866b1e5694bb5231ca18e9408fae9d20,0.5,24.4075,2.0040355119940694,4,c2c12,c2c12_090325_exp1_F0001_Data
2be268c21d8d608d68b48768fb89e30f368434f4380361ebf69dc09a6874921b,0.25,21.884999999999998,9.224989611556932,4,c2c12,c2c12_090303_exp1_F0007_Data
2be268c21d8d608d68b48768fb89e30f368434f4380361ebf69dc09a6874921b,0.5,32.255,2.1722108553268953,4,c2c12,c2c12_090303_exp1_F0007_Data
2bf4cbde306ed98b6e5e7f528e1c9d03cad6b11356cc9d20a92498c9a0e8b67e,0.25,14.7475,13.249883961756042,4,c2c12,c2c12_090303_exp1_F0012_Data
2bf4cbde306ed98b6e5e7f528e1c9d03cad6b11356cc9d20a92498c9a0e8b67e,0.5,23.22,6.886658599543516,4,c2c12,c2c12_090303_exp1_F0012_Data
2c462f6d3b4156f5b7efe6677d75a50b9c874ecfee523e22e573d3ab7988d6f2,0.25,19.235,6.143660689415283,4,c2c12,c2c12_090318_exp1_F0005_Data
2c462f6d3b4156f5b7efe6677d75a50b9c874ecfee523e22e573d3ab7988d6f2,0.5,17.7675,3.2968305486734772,4,c2c12,c2c12_090318_exp1_F0005_Data
2c4add611fb5d636933a4efcba5f4381aa0ad0ae38ea408443eac32929950126,0.25,19.8425,6.27884477166514,4,c2c12,c2c12_090325_exp1_F0001_Data
2c4add611fb5d636933a4efcba5f4381aa0ad0ae38ea408443eac32929950126,0.5,25.08,1.836972146404693,4,c2c12,c2c12_090325_exp1_F0001_Data
2c8c7a9e8ab00924facf4f7c09429906c895406e5f7e1d4491c1cfe271e95b8b,0.25,10.33,4.3322973120505015,4,c2c12,c2c12_090303_exp1_F0007_Data
2c8c7a9e8ab00924facf4f7c09429906c895406e5f7e1d4491c1cfe271e95b8b,0.5,17.7775,2.6642994701547096,4,c2c12,c2c12_090303_exp1_F0007_Data
2d645dc0b317f31c46eca10ee7aeb144de2b2e429938e3114eae10440c369eaa,0.25,18.4525,5.013949707233476,4,c2c12,c2c12_090318_exp1_F0005_Data
2d645dc0b317f31c46eca10ee7aeb144de2b2e429938e3114eae10440c369eaa,0.5,19.5325,1.108644066716936,4,c2c12,c2c12_090318_exp1_F0005_Data
2d72658619b50da653afebd75886d048a54016c574ca4f05b5088482c08a06dd,0.25,19.9225,7.792720427852309,4,c2c12,c2c12_090303_exp1_F0005_Data
2d72658619b50da653afebd75886d048a54016c574ca4f05b5088482c08a06dd,0.5,23.1825,2.260993513185445,4,c2c12,c2c12_090303_exp1_F0005_Data
2db4c0fcedb30332df1c5f3257568bb813a8b25201405f248582529d36ffee6f,0.25,9.92,14.314403003036256,4,c2c12,c2c12_090325_exp1_F0003_Data
2db4c0fcedb30332df1c5f3257568bb813a8b25201405f248582529d36ffee6f,0.5,5.37,2.787149081050384,4,c2c12,c2c12_090325_exp1_F0003_Data
2dc85601b429864deb6dedd71d256d105e8dfb7677aeffb9b21da3a23ac785b2,0.25,25.729999999999997,9.73348173402851,4,c2c12,c2c12_090318_exp1_F0001_Data
2dc85601b429864deb6dedd71d256d105e8dfb7677aeffb9b21da3a23ac785b2,0.5,26.009999999999998,6.25881245391914,4,c2c12,c2c12_090318_exp1_F0001_Data
2de6384deddedd46ece9a9b1561df7743668a6cd3869f7d48df6d97d8787d05c,0.25,3.3225,1.5966501390933039,4,c2c12,c2c12_090303_exp1_F0014_Data
2de6384deddedd46ece9a9b1561df7743668a6cd3869f7d48df6d97d8787d05c,0.5,4.32,0.9464671151181112,4,c2c12,c2c12_090303_exp1_F0014_Data
2de8a3bd9e845b219b77fbb90f7a8b5a493f4cb3beca9f944e9876d890fa5f47,0.25,21.0625,3.9499483118981025,4,c2c12,c2c12_090325_exp1_F0001_Data
2de8a3bd9e845b219b77fbb90f7a8b5a493f4cb3beca9f944e9876d890fa5f47,0.5,26.5875,1.6078220258059237,4,c2c12,c2c12_090325_exp1_F0001_Data
2deaf95c5f273ff0f77a9c93de8cbe4e25dc8ac858ece91965894a0d8d3128ec,0.25,4.6850000000000005,4.095562639410284,4,c2c12,c2c12_090303_exp1_F0012_Data
2deaf95c5f273ff0f77a9c93de8cbe4e25dc8ac858ece91965894a0d8d3128ec,0.5,6.3325,3.087376178353824,4,c2c12,c2c12_090303_exp1_F0012_Data
2df3522bf0ae0d177824f37ca2240dc521ae41d6e23cc291c3c984af16f147d8,0.25,15.25,4.310320947060284,4,c2c12,c2c12_090303_exp1_F0016_Data
2df3522bf0ae0d177824f37ca2240dc521ae41d6e23cc291c3c984af16f147d8,0.5,14.4925,3.1021753120458335,4,c2c12,c2c12_090303_exp1_F0016_Data
2e045c2724f0afd47e10fc9ab69413c1ed160cf2270c80bd7ee79ac9d487356b,0.25,8.475,9.102371485863817,4,c2c12,c2c12_090303_exp1_F0012_Data
2e045c2724f0afd47e10fc9ab69413c1ed160cf2270c80bd7ee79ac9d487356b,0.5,12.9625,1.6194109011201159,4,c2c12,c2c12_090303_exp1_F0012_Data
2e4f0faa20b5cf75c87fd1b67a3ea0a5c3dbd406180b2e1c550e0fb5b57a1489,0.25,10.1625,5.749205017507494,4,c2c12,c2c12_090303_exp1_F0007_Data
2e4f0faa20b5cf75c87fd1b67a3ea0a5c3dbd406180b2e1c550e0fb5b57a1489,0.5,7.105,1.286869586762129,4,c2c12,c2c12_090303_exp1_F0007_Data
2e653127674d8410ac1602b33277998adc89261fb9428f4912307ac29ca914f1,0.25,6.4775,4.296474329804226,4,c2c12,c2c12_090318_exp1_F0016_Data
2e653127674d8410ac1602b33277998adc89261fb9428f4912307ac29ca914f1,0.5,10.0,2.802677291448304,4,c2c12,c2c12_090318_exp1_F0016_Data
2e7170a5b995d254e2a32485844ec1174128b6cf2a124f23d5f70d559229fa36,0.25,4.0,2.5264335864349703,4,c2c12,c2c12_090303_exp1_F0014_Data
2e7170a5b995d254e2a32485844ec1174128b6cf2a124f23d5f70d559229fa36,0.5,4.092499999999999,0.669247089397232,4,c2c12,c2c12_090303_exp1_F0014_Data
2edab83037ed250a134f301f08b7538b3c0e995c2703cbbafe1dd9f9a9e4f171,0.25,13.670000000000002,8.472862562322135,4,c2c12,c2c12_090325_exp1_F0018_Data
2edab83037ed250a134f301f08b7538b3c0e995c2703cbbafe1dd9f9a9e4f171,0.5,13.05,1.846022751755785,4,c2c12,c2c12_090325_exp1_F0018_Data
2edc31870f68b272c1ca15e7913cf405ad4dc99fcdbcece301ad97a66a34705f,0.25,11.752500000000001,3.94149189182641,4,c2c12,c2c12_090303_exp1_F0005_Data
2edc31870f68b272c1ca15e7913cf405ad4dc99fcdbcece301ad97a66a34705f,0.5,10.0125,2.0637566878551037,4,c2c12,c2c12_090303_exp1_F0005_Data
2f5a5e2417d596a89d1beac3b123ef89afc41d37c6c375c8fa005e2e83c2eb35,0.25,2.1325000000000003,2.434493444914842,4,c2c12,c2c12_090303_exp1_F0010_Data
2f5a5e2417d596a89d1beac3b123ef89afc41d37c6c375c8fa005e2e83c2eb35,0.5,3.8674999999999997,0.8794079447749681,4,c2c12,c2c12_090303_exp1_F0010_Data
2f605036d8f6ad61bc2384892244d223b27e0c8162df7394f495c9a944113563,0.25,14.515,1.6768323311132407,4,c2c12,c2c12_090303_exp1_F0014_Data
2f605036d8f6ad61bc2384892244d223b27e0c8162df7394f495c9a944113563,0.5,14.815,1.3666626016199706,4,c2c12,c2c12_090303_exp1_F0014_Data
2f99c19bc6fee4e9dab318c6f2704e9ce5885942346a22e26eedcaeb26e48baa,0.25,3.615,0.789113426574406,4,c2c12,c2c12_090318_exp1_F0005_Data
2f99c19bc6fee4e9dab318c6f2704e9ce5885942346a22e26eedcaeb26e48baa,0.5,5.955,2.240245522258666,4,c2c12,c2c12_090318_exp1_F0005_Data
2fc447cf8b78bcae2d996bcfb5708f73ca035eff8f477be6cca6c183b77935ce,0.25,33.2225,18.803535793390918,4,c2c12,c2c12_090303_exp1_F0003_Data
2fc447cf8b78bcae2d996bcfb5708f73ca035eff8f477be6cca6c183b77935ce,0.5,31.502499999999998,5.448469968715988,4,c2c12,c2c12_090303_exp1_F0003_Data
2fc9ff8db265a0d49c4530c874be8101ba95bcaf4f29b71cf9670b3fcf35971d,0.25,1.325,2.110236953519675,4,c2c12,c2c12_090325_exp1_F0013_Data
2fc9ff8db265a0d49c4530c874be8101ba95bcaf4f29b71cf9670b3fcf35971d,0.5,5.295,1.9286178124933577,4,c2c12,c2c12_090325_exp1_F0013_Data
30020d975b9984ad3c141d062f5cc3609b5f4b008fbad5e3ae94d45b32054a6f,0.25,10.712499999999999,3.810777479727726,4,c2c12,c2c12_090318_exp1_F0001_Data
30020d975b9984ad3c141d062f5cc3609b5f4b008fbad5e3ae94d45b32054a6f,0.5,19.07,6.517361429290231,4,c2c12,c2c12_090318_exp1_F0001_Data
300bb66a19d383a68d0cf49a3805450ddf46fd16560451b65eef1f9a7bfbefa4,0.25,32.1775,10.766294240204779,4,c2c12,c2c12_090303_exp1_F0005_Data
300bb66a19d383a68d0cf49a3805450ddf46fd16560451b65eef1f9a7bfbefa4,0.5,28.195,3.2629689956643255,4,c2c12,c2c12_090303_exp1_F0005_Data
30117ce5f014342a9c56e9364c87baf42fe2f5d8b345baf2c37146f40eb628a1,0.25,1.8375,2.002471389724873,4,c2c12,c2c12_090325_exp1_F0007_Data
30117ce5f014342a9c56e9364c87baf42fe2f5d8b345baf2c37146f40eb628a1,0.5,5.46,1.2769755936064975,4,c2c12,c2c12_090325_exp1_F0007_Data
302d7f675d922a99d6b7a414e8aa77673b561200ea812c7f251a854bf7a73d5d,0.25,10.89,4.116381906480496,4,c2c12,c2c12_090303_exp1_F0012_Data
302d7f675d922a99d6b7a414e8aa77673b561200ea812c7f251a854bf7a73d5d,0.5,8.6725,3.235494552614793,4,c2c12,c2c12_090303_exp1_F0012_Data
303804998516a00c629f20a18864a00c47253bf13dd5fe9351e2bdc2b26ad15b,0.25,2.3125,2.354193067698569,4,c2c12,c2c12_090318_exp1_F0016_Data
303804998516a00c629f20a18864a00c47253bf13dd5fe9351e2bdc2b26ad15b,0.5,5.15,1.9559993183366224,4,c2c12,c2c12_090318_exp1_F0016_Data
304fcd8c3bb52d65f344f8ba5687da3a3a423d39c77bf207c8e87ef7c81d78d7,0.25,8.147499999999999,4.631683459247476,4,c2c12,c2c12_090325_exp1_F0007_Data
304fcd8c3bb52d65f344f8ba5687da3a3a423d39c77bf207c8e87ef7c81d78d7,0.5,10.835,1.0408169867945087,4,c2c12,c2c12_090325_exp1_F0007_Data
305b021398aa89cec97fabcc6ac2901482961ff649822a80e689400425210bad,0.25,23.715,6.795187022199366,4,c2c12,c2c12_090318_exp1_F0007_Data
305b021398aa89cec97fabcc6ac2901482961ff649822a80e689400425210bad,0.5,20.85,6.75853534428873,4,c2c12,c2c12_090318_exp1_F0007_Data
307fbc60c81581778da6acecb4aa12b58dedc6ced6001fdbb9edecbcfd625154,0.25,34.82,8.977249021832915,4,c2c12,c2c12_090325_exp1_F0005_Data
307fbc60c81581778da6acecb4aa12b58dedc6ced6001fdbb9edecbcfd625154,0.5,31.14,5.297942997050838,4,c2c12,c2c12_090325_exp1_F0005_Data
309bb681f08d1e541d9046c56dc7db7bafbae08a347e2f7c539e242afec8d1b9,0.25,19.455000000000002,5.000296657866078,4,c2c12,c2c12_090303_exp1_F0007_Data
309bb681f08d1e541d9046c56dc7db7bafbae08a347e2f7c539e242afec8d1b9,0.5,17.4225,3.7048740419434876,4,c2c12,c2c12_090303_exp1_F0007_Data
30cde549d6e9b72b7864a93aa67bbdbaccb72e11717491ad0150c5336947c5a3,0.25,3.2375,2.196305610185735,4,c2c12,c2c12_090303_exp1_F0016_Data
30cde549d6e9b72b7864a93aa67bbdbaccb72e11717491ad0150c5336947c5a3,0.5,8.14,0.7616210781396912,4,c2c12,c2c12_090303_exp1_F0016_Data
3100e888a6da5083d5e8dcebc97449c686ed61707f96ad66a2f46642a01418d5,0.25,4.045,1.6961623349982353,4,c2c12,c2c12_090303_exp1_F0001_Data
3100e888a6da5083d5e8dcebc97449c686ed61707f96ad66a2f46642a01418d5,0.5,5.445,0.6236184731067543,4,c2c12,c2c12_090303_exp1_F0001_Data
3147abd3f79c0237a59bcbfcda20ddef6e655226cb675d2a555eb844362c4fd9,0.25,18.175,14.533037076491159,4,c2c12,c2c12_090303_exp1_F0012_Data
3147abd3f79c0237a59bcbfcda20ddef6e655226cb675d2a555eb844362c4fd9,0.5,15.790000000000001,6.733513198917784,4,c2c12,c2c12_090303_exp1_F0012_Data
317851c4c4848177c6ec28ae5434444b6911acbcd1073dc773daf6a2eb6eabbc,0.25,38.1675,12.36356576127346,4,c2c12,c2c12_090318_exp1_F0013_Data
317851c4c4848177c6ec28ae5434444b6911acbcd1073dc773daf6a2eb6eabbc,0.5,49.004999999999995,4.471617902579184,4,c2c12,c2c12_090318_exp1_F0013_Data
31a8cbaae108a466c351a67c34edd797d3110d2ff89d47d1c7b51691153bb8c9,0.25,7.625,1.974850205289842,4,c2c12,c2c12_090303_exp1_F0005_Data
31a8cbaae108a466c351a67c34edd797d3110d2ff89d47d1c7b51691153bb8c9,0.5,13.045,1.1636293797138901,4,c2c12,c2c12_090303_exp1_F0005_Data
31aa938f48fe22bacc93df4900f9dcb4da604b8524fe65b87338f2aaa6814c98,0.25,14.965,5.46084547788466,4,c2c12,c2c12_090318_exp1_F0001_Data
31aa938f48fe22bacc93df4900f9dcb4da604b8524fe65b87338f2aaa6814c98,0.5,16.675,2.798445997334949,4,c2c12,c2c12_090318_exp1_F0001_Data
31be5c3a3deddc318289167c890e28921f332deaca615f56a310a52a8998aef0,0.25,9.2775,7.762200611510458,4,c2c12,c2c12_090325_exp1_F0005_Data
31be5c3a3deddc318289167c890e28921f332deaca615f56a310a52a8998aef0,0.5,8.57,1.3086889113409141,4,c2c12,c2c12_090325_exp1_F0005_Data
31fff4be1cda7c97275d222e8cc38c45492ffacf26ced1662bf3bd38910ac644,0.25,21.565,10.608139956341704,4,c2c12,c2c12_090318_exp1_F0001_Data
31fff4be1cda7c97275d222e8cc38c45492ffacf26ced1662bf3bd38910ac644,0.5,24.877499999999998,6.491365418769768,4,c2c12,c2c12_090318_exp1_F0001_Data
3213aa5aa902b57fbbbf2e7ab3a8eb7e3e082030485edcbb48f604914f61961d,0.25,4.66,2.644894452840542,4,c2c12,c2c12_090325_exp1_F0003_Data
3213aa5aa902b57fbbbf2e7ab3a8eb7e3e082030485edcbb48f604914f61961d,0.5,3.4699999999999998,1.0644560426183256,4,c2c12,c2c12_090325_exp1_F0003_Data
3222ae917e2d5993a91ccc8328cc59fadb5ce5d2b4fe34645fad06ba9fa00fd6,0.25,34.8125,10.752163735732447,4,c2c12,c2c12_090325_exp1_F0016_Data
3222ae917e2d5993a91ccc8328cc59fadb5ce5d2b4fe34645fad06ba9fa00fd6,0.5,31.1575,2.9983370390935025,4,c2c12,c2c12_090325_exp1_F0016_Data
32452bdf26fc63bcc9e33954dde350bd89f7f5bc163b115cb3e1b870cf5f01e0,0.25,38.557500000000005,6.576054414819474,4,c2c12,c2c12_090325_exp1_F0011_Data
32452bdf26fc63bcc9e33954dde350bd89f7f5bc163b115cb3e1b870cf5f01e0,0.5,41.245000000000005,5.360562781400226,4,c2c12,c2c12_090325_exp1_F0011_Data
32715f1ebf571a2f2e271531f11734f500c5b31450c8c3842f4fdff88250b842,0.25,28.965,5.873269958038706,4,c2c12,c2c12_090303_exp1_F0007_Data
32715f1ebf571a2f2e271531f11734f500c5b31450c8c3842f4fdff88250b842,0.5,23.8525,2.956680289333517,4,c2c12,c2c12_090303_exp1_F0007_Data
328d295f199f8a7cbe82e9c271b62ab89056f1f5c065d1f554e237b79ae973a9,0.25,11.5825,4.007446194273854,4,c2c12,c2c12_090325_exp1_F0016_Data
328d295f199f8a7cbe82e9c271b62ab89056f1f5c065d1f554e237b79ae973a9,0.5,8.935,1.0877959367454912,4,c2c12,c2c12_090325_exp1_F0016_Data
329ec663be9bc749a5a55aa473b26dacfce8389271521f10468d1ac37214998b,0.25,3.9274999999999998,4.187532089429286,4,c2c12,c2c12_090318_exp1_F0016_Data
329ec663be9bc749a5a55aa473b26dacfce8389271521f10468d1ac37214998b,0.5,8.26,0.9899494936611668,4,c2c12,c2c12_090318_exp1_F0016_Data
32add498f57f4f55606106f6f768f72106c63fb427949318763995e2fefe8f0d,0.25,17.9375,9.875155273040857,4,c2c12,c2c12_090318_exp1_F0007_Data
32add498f57f4f55606106f6f768f72106c63fb427949318763995e2fefe8f0d,0.5,22.2375,3.951804440168229,4,c2c12,c2c12_090318_exp1_F0007_Data
32c994ef3cf7a78ffc01e8223c68b6cf02c0c4f61cf676cdd1afa784bf131659,0.25,26.805,8.087045195867274,4,c2c12,c2c12_090325_exp1_F0016_Data
32c994ef3cf7a78ffc01e8223c68b6cf02c0c4f61cf676cdd1afa784bf131659,0.5,25.1075,2.733439530457308,4,c2c12,c2c12_090325_exp1_F0016_Data
3308d718b891c7ae82db55b4344a5016c267088ea5290612ae7929d4284dd2ac,0.25,40.6175,8.522262512580404,4,c2c12,c2c12_090303_exp1_F0003_Data
3308d718b891c7ae82db55b4344a5016c267088ea5290612ae7929d4284dd2ac,0.5,32.965,2.6566708490138558,4,c2c12,c2c12_090303_exp1_F0003_Data
331e16fa1c92246e0f79d1840f22f497ddf7635f4b0cb3b4b38a39478e35a674,0.25,7.845,3.407839002456934,4,c2c12,c2c12_090303_exp1_F0012_Data
331e16fa1c92246e0f79d1840f22f497ddf7635f4b0cb3b4b38a39478e35a674,0.5,12.18,3.6713031292262785,4,c2c12,c2c12_090303_exp1_F0012_Data
332da97744c29b0967612ffa7375e70cfdd326895df455f2a4da2d833febf99d,0.25,50.68,10.538927839206412,4,c2c12,c2c12_090325_exp1_F0001_Data
332da97744c29b0967612ffa7375e70cfdd326895df455f2a4da2d833febf99d,0.5,59.765,4.641037958618021,4,c2c12,c2c12_090325_exp1_F0001_Data
33346eb52c53d91804fa81e4d0d40a6e0b70998c68a4b2ee15b970022d1feb97,0.25,13.912500000000001,2.1633827677967674,4,c2c12,c2c12_090325_exp1_F0011_Data
33346eb52c53d91804fa81e4d0d40a6e0b70998c68a4b2ee15b970022d1feb97,0.5,25.6325,2.549789206973783,4,c2c12,c2c12_090325_exp1_F0011_Data
3354a3f8e5af39f614ae54425402714d80d9d17c587f005cb34a03ffe4a388ca,0.25,20.895,10.734587400858342,4,c2c12,c2c12_090303_exp1_F0001_Data
3354a3f8e5af39f614ae54425402714d80d9d17c587f005cb34a03ffe4a388ca,0.5,26.5425,3.209645619067627,4,c2c12,c2c12_090303_exp1_F0001_Data
337ea1bc3579ee76c7a108e6cd74e17ea53d3ce8678bad4a342b48251d38befe,0.25,31.125,7.229543554056508,4,c2c12,c2c12_090318_exp1_F0018_Data
337ea1bc3579ee76c7a108e6cd74e17ea53d3ce8678bad4a342b48251d38befe,0.5,28.6675,2.4567101986192847,4,c2c12,c2c12_090318_exp1_F0018_Data
33ade06b8464814aba439b9265f266eb63287961ec6e9380be17436f7fd40b6b,0.25,36.415,16.916283082679048,4,c2c12,c2c12_090318_exp1_F0011_Data
33ade06b8464814aba439b9265f266eb63287961ec6e9380be17436f7fd40b6b,0.5,47.62,4.1903301381474325,4,c2c12,c2c12_090318_exp1_F0011_Data
33dfaf2c94c138971ba8b008362c4f85af33b16dbcd4a26a92330d97d3ee773d,0.25,19.009999999999998,6.093789187908182,4,c2c12,c2c12_090303_exp1_F0007_Data
33dfaf2c94c138971ba8b008362c4f85af33b16dbcd4a26a92330d97d3ee773d,0.5,17.715,4.310131475179537,4,c2c12,c2c12_090303_exp1_F0007_Data
33e95aa13bdb10ca53f207a47e5d4cf9b5ae9fa7b70cce02d8bfebfb22ab432e,0.25,4.2925,3.439431881381963,4,c2c12,c2c12_090318_exp1_F0007_Data
33e95aa13bdb10ca53f207a47e5d4cf9b5ae9fa7b70cce02d8bfebfb22ab432e,0.5,6.24,1.441920016274597,4,c2c12,c2c12_090318_exp1_F0007_Data
342e24ba0b20e91724a65cd09f148cb95995c0aa926e6bc856f7e333214fd7de,0.25,8.9875,4.496401338848657,4,c2c12,c2c12_090325_exp1_F0016_Data
342e24ba0b20e91724a65cd09f148cb95995c0aa926e6bc856f7e333214fd7de,0.5,10.9225,2.51256011536706,4,c2c12,c2c12_090325_exp1_F0016_Data
3448eda8060115fc0fd8621e7b12749d6f5a67e8a6caacfa12c639ea75369d43,0.25,8.317499999999999,1.0771374099900168,4,c2c12,c2c12_090325_exp1_F0003_Data
3448eda8060115fc0fd8621e7b12749d6f5a67e8a6caacfa12c639ea75369d43,0.5,12.5875,1.2966463151787642,4,c2c12,c2c12_090325_exp1_F0003_Data
34678fb6bb6b0a6ab114f137e9fd3d3837e6c6d5b162df6d145447be9bc249ee,0.25,6.0325,2.236565447287425,4,c2c12,c2c12_090325_exp1_F0005_Data
34678fb6bb6b0a6ab114f137e9fd3d3837e6c6d5b162df6d145447be9bc249ee,0.5,7.7275,2.556369495984491,4,c2c12,c2c12_090325_exp1_F0005_Data
347e84e2e3363dd0520ceb282c2ed4005c9fbdca712c137088b4dc93e2449f22,0.25,8.8775,1.254362387828972,4,c2c12,c2c12_090303_exp1_F0012_Data
347e84e2e3363dd0520ceb282c2ed4005c9fbdca712c137088b4dc93e2449f22,0.5,6.335,1.953193965449071,4,c2c12,c2c12_090303_exp1_F0012_Data
349d36bac58d733203dc19c0611f8fd2ea98c8f495bf13d20746e3b5a550c3f2,0.25,3.8275,2.8141591402524955,4,c2c12,c2c12_090318_exp1_F0003_Data
349d36bac58d733203dc19c0611f8fd2ea98c8f495bf13d20746e3b5a550c3f2,0.5,11.1325,0.8466551836491637,4,c2c12,c2c12_090318_exp1_F0003_Data
34c1d09d4aedc955cafd8e64b9d55a197e2cac151fada71fe41d89e61f47aef6,0.25,44.75,6.959717427214027,4,c2c12,c2c12_090303_exp1_F0012_Data
34c1d09d4aedc955cafd8e64b9d55a197e2cac151fada71fe41d89e61f47aef6,0.5,46.3425,2.4674734041119892,4,c2c12,c2c12_090303_exp1_F0012_Data
35460d431508dda94ea81360af67e9b5a19f19a6bf3318ae21112bf68460dad9,0.25,9.4975,6.74848316290409,4,c2c12,c2c12_090303_exp1_F0010_Data
35460d431508dda94ea81360af67e9b5a19f19a6bf3318ae21112bf68460dad9,0.5,9.88,1.333591641645473,4,c2c12,c2c12_090303_exp1_F0010_Data
354b1c48251e862a704d2ea5f4566c2b6b38e04ef3a09b13fefd4b869812eb77,0.25,10.2475,5.662068968142299,4,c2c12,c2c12_090318_exp1_F0011_Data
354b1c48251e862a704d2ea5f4566c2b6b38e04ef3a09b13fefd4b869812eb77,0.5,11.77,5.593073096846372,4,c2c12,c2c12_090318_exp1_F0011_Data
355670613e5190d0cd44d6ed091879bc548622e159c3eb7e8c302eb8905e775b,0.25,9.9275,5.798300756830976,4,c2c12,c2c12_090318_exp1_F0007_Data
355670613e5190d0cd44d6ed091879bc548622e159c3eb7e8c302eb8905e775b,0.5,12.5975,1.9770579994864421,4,c2c12,c2c12_090318_exp1_F0007_Data
3558761851138c8d88e6cb04bdf106218d0b5b0997e53942964fb8e2d7883c10,0.25,24.9875,8.705164654770561,4,c2c12,c2c12_090303_exp1_F0010_Data
3558761851138c8d88e6cb04bdf106218d0b5b0997e53942964fb8e2d7883c10,0.5,24.8625,0.9716437961859612,4,c2c12,c2c12_090303_exp1_F0010_Data
358b73a098da48818ed3f665bb7e9f2b50106f1d6d1b18959c49e2040da3dcbd,0.25,2.9875,2.304869844481462,4,c2c12,c2c12_090325_exp1_F0016_Data
358b73a098da48818ed3f665bb7e9f2b50106f1d6d1b18959c49e2040da3dcbd,0.5,3.13,1.5996874694764598,4,c2c12,c2c12_090325_exp1_F0016_Data
358f4fb83a6daa7ac5a161b7784cf6bebf63e338a447f01285e02aee19a3ca0c,0.25,20.4775,6.340170213277663,4,c2c12,c2c12_090303_exp1_F0007_Data
358f4fb83a6daa7ac5a161b7784cf6bebf63e338a447f01285e02aee19a3ca0c,0.5,21.814999999999998,1.4521363572337131,4,c2c12,c2c12_090303_exp1_F0007_Data
359943aa470822dd43864ea0de1bf78801da6b22f490fd8ddf1d4d0763d406bd,0.25,22.0175,10.345657301496122,4,c2c12,c2c12_090318_exp1_F0007_Data
359943aa470822dd43864ea0de1bf78801da6b22f490fd8ddf1d4d0763d406bd,0.5,29.365000000000002,5.057143462469699,4,c2c12,c2c12_090318_exp1_F0007_Data
35c28f71bda64d88ce71015325261ecd8f26d0a780aa2496bd350b28c3d62f22,0.25,9.245,8.972838644115548,4,c2c12,c2c12_090303_exp1_F0003_Data
35c28f71bda64d88ce71015325261ecd8f26d0a780aa2496bd350b28c3d62f22,0.5,9.307500000000001,2.757757240947796,4,c2c12,c2c12_090303_exp1_F0003_Data
35c678b976e2cfb9c6c2aeb70948bbff927835de97f13b385953a77f8c0550ef,0.25,5.35,2.672639145114806,4,c2c12,c2c12_090318_exp1_F0018_Data
35c678b976e2cfb9c6c2aeb70948bbff927835de97f13b385953a77f8c0550ef,0.5,19.4725,3.156288696132426,4,c2c12,c2c12_090318_exp1_F0018_Data
35d1db490ac43620dafbd02e892d39bd494b31af539688445ee047dabb5f1baa,0.25,5.1274999999999995,8.686723106749364,4,c2c12,c2c12_090318_exp1_F0016_Data
35d1db490ac43620dafbd02e892d39bd494b31af539688445ee047dabb5f1baa,0.5,6.2925,1.7303829056021094,4,c2c12,c2c12_090318_exp1_F0016_Data
35d466eb11aad0759843dd4f58173d424821b4b68d6619994c10e84f7f95abb6,0.25,6.85,1.5535121499363953,4,c2c12,c2c12_090325_exp1_F0003_Data
35d466eb11aad0759843dd4f58173d424821b4b68d6619994c10e84f7f95abb6,0.5,7.895,1.0889291375781371,4,c2c12,c2c12_090325_exp1_F0003_Data
3608f70d6cb927b598da7262e24932bd6c8e3cdb314085ec4acc023b29130f6a,0.25,2.175,2.536197941801862,4,c2c12,c2c12_090318_exp1_F0005_Data
3608f70d6cb927b598da7262e24932bd6c8e3cdb314085ec4acc023b29130f6a,0.5,3.0475,1.2684997700696152,4,c2c12,c2c12_090318_exp1_F0005_Data
360c8861d2400f0742974a993ce3bb044d93865f804d0ab29afaf14dcd4c3a71,0.25,36.75,10.866416152531615,4,c2c12,c2c12_090325_exp1_F0013_Data
360c8861d2400f0742974a993ce3bb044d93865f804d0ab29afaf14dcd4c3a71,0.5,36.0175,5.604119764363832,4,c2c12,c2c12_090325_exp1_F0013_Data
362cdcaea1bf84f5f0d785001e5b397dcb3d6b16806770d9624882ea9ba6420c,0.25,30.247500000000002,10.245458750099969,4,c2c12,c2c12_090325_exp1_F0013_Data
362cdcaea1bf84f5f0d785001e5b397dcb3d6b16806770d9624882ea9ba6420c,0.5,36.87,3.16780681229143,4,c2c12,c2c12_090325_exp1_F0013_Data
366e26c05f395144d42c878544db0ac1d2fb89b75038383ad3230fb8e133d09d,0.25,13.7725,7.934340447279367,4,c2c12,c2c12_090318_exp1_F0005_Data
366e26c05f395144d42c878544db0ac1d2fb89b75038383ad3230fb8e133d09d,0.5,15.602500000000001,1.9827653248262471,4,c2c12,c2c12_090318_exp1_F0005_Data
367ab7c9e08f302ed19cc3ed417ac9f894990b63bf63a9623127628dadc6928a,0.25,21.075,6.811859755847395,4,c2c12,c2c12_090318_exp1_F0018_Data
367ab7c9e08f302ed19cc3ed417ac9f894990b63bf63a9623127628dadc6928a,0.5,27.765,3.94539816326143,4,c2c12,c2c12_090318_exp1_F0018_Data
369f02b7b4619c3c482d2d9a049044e4236d2b67581ceded993c50118755efe1,0.25,2.825,2.755606406340838,4,c2c12,c2c12_090318_exp1_F0003_Data
369f02b7b4619c3c482d2d9a049044e4236d2b67581ceded993c50118755efe1,0.5,3.425,0.8136543082497216,4,c2c12,c2c12_090318_exp1_F0003_Data
369f471984a4f2aec5cc8c1a9d8e196bac26e7e3b56a66ac6e03a18b07e3c865,0.25,49.3375,21.563628907646006,4,c2c12,c2c12_090318_exp1_F0013_Data
369f471984a4f2aec5cc8c1a9d8e196bac26e7e3b56a66ac6e03a18b07e3c865,0.5,56.667500000000004,6.9987016653090715,4,c2c12,c2c12_090318_exp1_F0013_Data
36b58f4e2a7b52e2304dc31d3fa26b1ad15769ff5324092cd2d09a4abefb4a8a,0.25,21.494999999999997,5.986509834619835,4,c2c12,c2c12_090318_exp1_F0005_Data
36b58f4e2a7b52e2304dc31d3fa26b1ad15769ff5324092cd2d09a4abefb4a8a,0.5,28.197499999999998,3.2478544199722585,4,c2c12,c2c12_090318_exp1_F0005_Data
36ce0988cbb8d121a250a698ad6f7f656873c94400723e9f44addf66daede8c3,0.25,32.83,11.740508222957528,4,c2c12,c2c12_090303_exp1_F0010_Data
36ce0988cbb8d121a250a698ad6f7f656873c94400723e9f44addf66daede8c3,0.5,30.7525,2.115441246328216,4,c2c12,c2c12_090303_exp1_F0010_Data
36eb0d4b4276ef608fe093577018789bba9b9dc236b04e07177f6b7e17dd53cb,0.25,15.6475,4.520983484449668,4,c2c12,c2c12_090318_exp1_F0011_Data
36eb0d4b4276ef608fe093577018789bba9b9dc236b04e07177f6b7e17dd53cb,0.5,22.1725,6.2518710532661075,4,c2c12,c2c12_090318_exp1_F0011_Data
36f44de70ef0fdb8b68a1dc30f2f0bef6dd22fe904ea81a5bffcdde2eb993b91,0.25,21.8175,8.616489521067535,4,c2c12,c2c12_090325_exp1_F0013_Data
36f44de70ef0fdb8b68a1dc30f2f0bef6dd22fe904ea81a5bffcdde2eb993b91,0.5,31.5675,1.4278976387215803,4,c2c12,c2c12_090325_exp1_F0013_Data
371a1494288f2c676889902d9b18fda030db14a5e0114992233f32a0b030cfa7,0.25,14.16,9.88960059860862,4,c2c12,c2c12_090325_exp1_F0016_Data
371a1494288f2c676889902d9b18fda030db14a5e0114992233f32a0b030cfa7,0.5,18.52,3.174334575938712,4,c2c12,c2c12_090325_exp1_F0016_Data
3721bebb289c40af39246bcc5d8a38772c287394beafe7ba469e0070a803501b,0.25,16.5725,8.371875038882665,4,c2c12,c2c12_090325_exp1_F0016_Data
3721bebb289c40af39246bcc5d8a38772c287394beafe7ba469e0070a803501b,0.5,12.535,1.1234025695775014,4,c2c12,c2c12_090325_exp1_F0016_Data
3723326a88b42e9a563b2c44b6c5f3a637cf895ed29f4da93faaf58b7f1fdbff,0.25,11.5075,10.725982084017605,4,c2c12,c2c12_090318_exp1_F0016_Data
3723326a88b42e9a563b2c44b6c5f3a637cf895ed29f4da93faaf58b7f1fdbff,0.5,18.105,2.6988207301214606,4,c2c12,c2c12_090318_exp1_F0016_Data
37328e4db9da475bbf457345718e1dfad69a780227bbbeab0ba14741159ca106,0.25,9.9525,2.557008343096805,4,c2c12,c2c12_090318_exp1_F0001_Data
37328e4db9da475bbf457345718e1dfad69a780227bbbeab0ba14741159ca106,0.5,10.635,0.9802550688468793,4,c2c12,c2c12_090318_exp1_F0001_Data
3732b41b1faf66e6c95d70b40a722d33ccc2bc6fbb520007b55eaf91005e5439,0.25,1.8024999999999998,2.0945385331061983,4,c2c12,c2c12_090318_exp1_F0007_Data
3732b41b1faf66e6c95d70b40a722d33ccc2bc6fbb520007b55eaf91005e5439,0.5,6.465,1.4460636223901073,4,c2c12,c2c12_090318_exp1_F0007_Data
3734a36e0b448cf035f1453263459df48e91add8ca83f93cd626e092d32968bb,0.25,2.4074999999999998,0.08808140174482537,4,c2c12,c2c12_090303_exp1_F0016_Data
3734a36e0b448cf035f1453263459df48e91add8ca83f93cd626e092d32968bb,0.5,2.0975,0.5427936993002039,4,c2c12,c2c12_090303_exp1_F0016_Data
374f0d82bd3228b032ea812ae9cb6a3d5fb7c5d62b8733aec24333f016088ddc,0.25,12.370000000000001,3.989268938874223,4,c2c12,c2c12_090325_exp1_F0007_Data
374f0d82bd3228b032ea812ae9cb6a3d5fb7c5d62b8733aec24333f016088ddc,0.5,12.6475,2.2299233918081884,4,c2c12,c2c12_090325_exp1_F0007_Data
376e9ac0d19112d4ed32fdf0808aecfde8119e4f5fdd267911ca3a9451484b40,0.25,11.559999999999999,7.121577540592158,4,c2c12,c2c12_090325_exp1_F0001_Data
376e9ac0d19112d4ed32fdf0808aecfde8119e4f5fdd267911ca3a9451484b40,0.5,12.055,2.0536228150920683,4,c2c12,c2c12_090325_exp1_F0001_Data
37bc33b0a160818dd980176ebd03c155514b8b6125a90ac2a357d7e2c551d412,0.25,14.985000000000001,6.816883452135587,4,c2c12,c2c12_090325_exp1_F0011_Data
37bc33b0a160818dd980176ebd03c155514b8b6125a90ac2a357d7e2c551d412,0.5,16.59,1.8762196033513778,4,c2c12,c2c12_090325_exp1_F0011_Data
37d580c8c5dd85d205575150117890d9f39eede885ef2bd35dbbb54c6b33ef98,0.25,5.8825,5.0622088393638345,4,c2c12,c2c12_090318_exp1_F0013_Data
37d580c8c5dd85d205575150117890d9f39eede885ef2bd35dbbb54c6b33ef98,0.5,16.815,6.771063431987622,4,c2c12,c2c12_090318_exp1_F0013_Data
38039dfe7bdf0a946594c0e93038a7796d558fc8cbe40dfbeef97702b21c55a4,0.25,2.1075,1.4126895153099517,4,c2c12,c2c12_090303_exp1_F0014_Data
38039dfe7bdf0a946594c0e93038a7796d558fc8cbe40dfbeef97702b21c55a4,0.5,5.297499999999999,0.8361170173287151,4,c2c12,c2c12_090303_exp1_F0014_Data
38104d141572973959f401af07695743d87605cbda0f1e34429570f7a48818ac,0.25,6.095,1.0428966072115362,4,c2c12,c2c12_090325_exp1_F0003_Data
38104d141572973959f401af07695743d87605cbda0f1e34429570f7a48818ac,0.5,6.29,1.9211107897949735,4,c2c12,c2c12_090325_exp1_F0003_Data
38287d7ec1e8bd8a2bc18cf4285e7ba275cd5f72375f32160e8109efeab6468b,0.25,20.8125,9.683361589172774,4,c2c12,c2c12_090325_exp1_F0016_Data
38287d7ec1e8bd8a2bc18cf4285e7ba275cd5f72375f32160e8109efeab6468b,0.5,17.025,1.0827280360275156,4,c2c12,c2c12_090325_exp1_F0016_Data
3864f6de431bf2354c5aee5d392b6de7b9db6a183c714abfe50b60377076bc48,0.25,18.71,7.616302690063379,4,c2c12,c2c12_090303_exp1_F0001_Data
3864f6de431bf2354c5aee5d392b6de7b9db6a183c714abfe50b60377076bc48,0.5,20.63,1.6942845097562576,4,c2c12,c2c12_090303_exp1_F0001_Data
38b7e32dc16a2872314dc12a89b0b3010c59c71a6803ce853378e86edfdcca3f,0.25,18.1275,3.8413918918364307,4,c2c12,c2c12_090303_exp1_F0007_Data
38b7e32dc16a2872314dc12a89b0b3010c59c71a6803ce853378e86edfdcca3f,0.5,28.34,4.51413336090107,4,c2c12,c2c12_090303_exp1_F0007_Data
38bf593c75363c1af4644b15540e174c423df3ace6da1cb967d5cceaf24ad2f1,0.25,8.272499999999999,6.846451027113731,4,c2c12,c2c12_090325_exp1_F0005_Data
38bf593c75363c1af4644b15540e174c423df3ace6da1cb967d5cceaf24ad2f1,0.5,10.7,4.62446393289716,4,c2c12,c2c12_090325_exp1_F0005_Data
38c6f19366c789f6280ccee13098c5cba2759533f4d02d7c706c9589b5c7b53e,0.25,43.55,14.198227588916398,4,c2c12,c2c12_090325_exp1_F0001_Data
38c6f19366c789f6280ccee13098c5cba2759533f4d02d7c706c9589b5c7b53e,0.5,39.6975,1.3600827180726907,4,c2c12,c2c12_090325_exp1_F0001_Data
38cce6696e364af9314aaf7922e3c0c5a47cf00751360f56c8276ee1f52e962e,0.25,32.052499999999995,5.977877967974921,4,c2c12,c2c12_090318_exp1_F0018_Data
38cce6696e364af9314aaf7922e3c0c5a47cf00751360f56c8276ee1f52e962e,0.5,32.235,1.8238695128764026,4,c2c12,c2c12_090318_exp1_F0018_Data
3904b81b7eb0d63ff839fc1b7a06ebd785b735814137fe52955af22bf8e8c4f0,0.25,17.567500000000003,2.585141840080217,4,c2c12,c2c12_090303_exp1_F0005_Data
3904b81b7eb0d63ff839fc1b7a06ebd785b735814137fe52955af22bf8e8c4f0,0.5,27.4625,4.471311328905648,4,c2c12,c2c12_090303_exp1_F0005_Data
39097a793d952821a1ac1b7dd8f671698ce9da5de4d459627709fc263bab722c,0.25,7.015000000000001,5.304127323760872,4,c2c12,c2c12_090318_exp1_F0016_Data
39097a793d952821a1ac1b7dd8f671698ce9da5de4d459627709fc263bab722c,0.5,12.247499999999999,3.2931279456873006,4,c2c12,c2c12_090318_exp1_F0016_Data
391c6a9efda6e2ebcae49dc29e76dd678e21e94e35799b83057b81736e6f22ae,0.25,13.16,4.042144645275986,4,c2c12,c2c12_090303_exp1_F0005_Data
391c6a9efda6e2ebcae49dc29e76dd678e21e94e35799b83057b81736e6f22ae,0.5,19.185,1.1112905410677552,4,c2c12,c2c12_090303_exp1_F0005_Data
392e1f94776ddb7da606ef643cf04525c93607a8ce2f9cf7265b211a567c0444,0.25,10.245,11.04830152859102,4,c2c12,c2c12_090318_exp1_F0016_Data
392e1f94776ddb7da606ef643cf04525c93607a8ce2f9cf7265b211a567c0444,0.5,8.625,4.378648954491176,4,c2c12,c2c12_090318_exp1_F0016_Data
3940e494f6df46b746297e140f919e626f5f44d25f2dfa83219a34ca73408cca,0.25,5.4725,2.3908349308696883,4,c2c12,c2c12_090318_exp1_F0013_Data
3940e494f6df46b746297e140f919e626f5f44d25f2dfa83219a34ca73408cca,0.5,10.432500000000001,6.212038715268926,4,c2c12,c2c12_090318_exp1_F0013_Data
396230e2c0956de9682037a56e12a46a859072e551ccf861916562ce16421318,0.25,22.045,1.9209459475303658,4,c2c12,c2c12_090325_exp1_F0013_Data
396230e2c0956de9682037a56e12a46a859072e551ccf861916562ce16421318,0.5,28.9175,3.027423271805029,4,c2c12,c2c12_090325_exp1_F0013_Data
396f15d8be747a14d94c3aa0e9d0a9d0a10d391bf0c7b5522e7f4600ff6cf3c6,0.25,13.005,9.178578321287018,4,c2c12,c2c12_090325_exp1_F0018_Data
396f15d8be747a14d94c3aa0e9d0a9d0a10d391bf0c7b5522e7f4600ff6cf3c6,0.5,12.735000000000001,2.728888662685478,4,c2c12,c2c12_090325_exp1_F0018_Data
39b37c09e5ba39b3d6776a6b96e3bb8afe18f1e3c181c558ac82f963de1f58bc,0.25,28.182499999999997,9.033904194754335,4,c2c12,c2c12_090303_exp1_F0014_Data
39b37c09e5ba39b3d6776a6b96e3bb8afe18f1e3c181c558ac82f963de1f58bc,0.5,32.0925,2.7640595145546354,4,c2c12,c2c12_090303_exp1_F0014_Data
39bbd15cef7bd844e9d530dd2f040c5de64f99bbf447f24cdfe07670905eae63,0.25,7.2175,8.105995209308562,4,c2c12,c2c12_090318_exp1_F0018_Data
39bbd15cef7bd844e9d530dd2f040c5de64f99bbf447f24cdfe07670905eae63,0.5,10.635,1.7286314432714303,4,c2c12,c2c12_090318_exp1_F0018_Data
39e9ff7c2f59eb363e9704c6d39fa5ec0923575090a3cfbaec13ffc33109d78d,0.25,16.7875,8.975895034294167,4,c2c12,c2c12_090318_exp1_F0013_Data
39e9ff7c2f59eb363e9704c6d39fa5ec0923575090a3cfbaec13ffc33109d78d,0.5,36.7575,10.280821546290289,4,c2c12,c2c12_090318_exp1_F0013_Data
39ff5dcc615b17d4555ba09b6c336ccfbe50dd403f9ddbc37df281a194bf3eab,0.25,28.2775,4.276598141825658,4,c2c12,c2c12_090303_exp1_F0003_Data
39ff5dcc615b17d4555ba09b6c336ccfbe50dd403f9ddbc37df281a194bf3eab,0.5,24.0,5.673687807179147,4,c2c12,c2c12_090303_exp1_F0003_Data
3a153304da352b7939fc5dbfd2b37d1f6136982075edfc2557fe64bef09d5d49,0.25,38.615,11.764697191173262,4,c2c12,c2c12_090303_exp1_F0012_Data
3a153304da352b7939fc5dbfd2b37d1f6136982075edfc2557fe64bef09d5d49,0.5,43.815,3.5349351714941886,4,c2c12,c2c12_090303_exp1_F0012_Data
3a57a73b107879a60249ec0e839996f90ce0619ec115be14a340ede6dec781ea,0.25,2.805,2.0468268124098827,4,c2c12,c2c12_090303_exp1_F0016_Data
3a57a73b107879a60249ec0e839996f90ce0619ec115be14a340ede6dec781ea,0.5,3.56,0.7579357932349328,4,c2c12,c2c12_090303_exp1_F0016_Data
3a625da1f2b771f1245adc584acd31546bdac5282a2d8142ece2c6e566ebf8f2,0.25,50.1075,6.795529780671996,4,c2c12,c2c12_090303_exp1_F0010_Data
3a625da1f2b771f1245adc584acd31546bdac5282a2d8142ece2c6e566ebf8f2,0.5,48.4175,1.6096868225424041,4,c2c12,c2c12_090303_exp1_F0010_Data
3a6eb4bfe8c5f883170463502bc5ed1596914a35ad951a3ffb446ddd0d8ea710,0.25,3.1224999999999996,3.255163846362678,4,c2c12,c2c12_090318_exp1_F0007_Data
3a6eb4bfe8c5f883170463502bc5ed1596914a35ad951a3ffb446ddd0d8ea710,0.5,6.5625,0.9612275138245543,4,c2c12,c2c12_090318_exp1_F0007_Data
3a77421bdbcdbde68ba95b8463a1bfdce0f38ca10ab1545bdb40467ab859c5ce,0.25,38.5875,0.882359526119219,4,c2c12,c2c12_090325_exp1_F0005_Data
3a77421bdbcdbde68ba95b8463a1bfdce0f38ca10ab1545bdb40467ab859c5ce,0.5,35.1375,4.692187656093904,4,c2c12,c2c12_090325_exp1_F0005_Data
3a915a485a82add8057d5c45f575868c68fdfb38cf35f3436f4f171afdda3c1f,0.25,28.07,5.04846511327948,4,c2c12,c2c12_090318_exp1_F0007_Data
3a915a485a82add8057d5c45f575868c68fdfb38cf35f3436f4f171afdda3c1f,0.5,29.91,4.522801491701058,4,c2c12,c2c12_090318_exp1_F0007_Data
3aaa9c2fd44fea31a684dbcc9eca32ea66b1e8c4ac4179ce2e24d8931b39a2b7,0.25,10.0325,3.6159035293178565,4,c2c12,c2c12_090318_exp1_F0007_Data
3aaa9c2fd44fea31a684dbcc9eca32ea66b1e8c4ac4179ce2e24d8931b39a2b7,0.5,10.0225,2.0566538357244277,4,c2c12,c2c12_090318_exp1_F0007_Data
3b0587d5029f7487304ff46b4e56d159c5e639fa7067f0e8e98b0e9f43397c31,0.25,19.2275,12.870730036274812,4,c2c12,c2c12_090318_exp1_F0018_Data
3b0587d5029f7487304ff46b4e56d159c5e639fa7067f0e8e98b0e9f43397c31,0.5,25.9125,6.721767500690077,4,c2c12,c2c12_090318_exp1_F0018_Data
3b079fc4bf3d6d24c46e14e99cb4a49a2f8446074662cb111bbcdf6648c07ace,0.25,29.302500000000002,3.5456863463463137,4,c2c12,c2c12_090325_exp1_F0016_Data
3b079fc4bf3d6d24c46e14e99cb4a49a2f8446074662cb111bbcdf6648c07ace,0.5,35.894999999999996,9.383469507596855,4,c2c12,c2c12_090325_exp1_F0016_Data
3b0b6d9cc0a761e1f43bf73d901c0b99be1d9305e59754efa090f6a76e536541,0.25,19.884999999999998,3.7255916756044716,4,c2c12,c2c12_090303_exp1_F0005_Data
3b0b6d9cc0a761e1f43bf73d901c0b99be1d9305e59754efa090f6a76e536541,0.5,18.175,1.5876292598294695,4,c2c12,c2c12_090303_exp1_F0005_Data
3b2d9ce5817dc94658d46eb360d7d34f13d89a67f6e078e08dc1fe2ddfcc201a,0.25,12.1775,2.987756962449701,4,c2c12,c2c12_090318_exp1_F0001_Data
3b2d9ce5817dc94658d46eb360d7d34f13d89a67f6e078e08dc1fe2ddfcc201a,0.5,18.735,3.7018779018222636,4,c2c12,c2c12_090318_exp1_F0001_Data
3b337475f84e8b79c28bd9eaa74a3796ddfe70565feabea81ab98c3331818625,0.25,41.515,10.707456903174224,4,c2c12,c2c12_090318_exp1_F0013_Data
3b337475f84e8b79c28bd9eaa74a3796ddfe70565feabea81ab98c3331818625,0.5,54.0175,5.087149660336982,4,c2c12,c2c12_090318_exp1_F0013_Data
3b8f78d622a8257f7037ac0ad3072f1cc190b1e024fc50684aa88b86fa9b3fcc,0.25,43.4825,9.587593980417266,4,c2c12,c2c12_090325_exp1_F0001_Data
3b8f78d622a8257f7037ac0ad3072f1cc190b1e024fc50684aa88b86fa9b3fcc,0.5,46.07,3.695718243228684,4,c2c12,c2c12_090325_exp1_F0001_Data
3c188804eb2b9facaa0b4ef0d0e7d4c7aa45dd5ed81f5e8b46fd344c869c8e12,0.25,8.605,2.7203982551579955,4,c2c12,c2c12_090303_exp1_F0001_Data
3c188804eb2b9facaa0b4ef0d0e7d4c7aa45dd5ed81f5e8b46fd344c869c8e12,0.5,8.31,1.0246625460771626,4,c2c12,c2c12_090303_exp1_F0001_Data
3c2fc8c51697eef80bed16c5429a4546a844280aea0736ef5d97fb7195d03634,0.25,35.03,10.670829396068516,4,c2c12,c2c12_090318_exp1_F0011_Data
3c2fc8c51697eef80bed16c5429a4546a844280aea0736ef5d97fb7195d03634,0.5,34.025,3.724643159641831,4,c2c12,c2c12_090318_exp1_F0011_Data
3c3bd34fef7165987dfaba71c4d81503c075ab0193d08cbcd6b253ddc494ab1c,0.25,51.1925,5.8038859108933805,4,c2c12,c2c12_090325_exp1_F0001_Data
3c3bd34fef7165987dfaba71c4d81503c075ab0193d08cbcd6b253ddc494ab1c,0.5,50.05,5.926646044208591,4,c2c12,c2c12_090325_exp1_F0001_Data
3c6f3954b4b2e06cbd7de50d1412f27355819e8a4b01f9c0a2c4b15b19e0ab63,0.25,32.855000000000004,8.608358341364127,4,c2c12,c2c12_090325_exp1_F0011_Data
3c6f3954b4b2e06cbd7de50d1412f27355819e8a4b01f9c0a2c4b15b19e0ab63,0.5,40.9125,6.312185965786075,4,c2c12,c2c12_090325_exp1_F0011_Data
3c7061875921edb601f65fc274650555ec88c3eaefecdfefa7ab871f2832d761,0.25,18.525000000000002,8.186266955497278,4,c2c12,c2c12_090325_exp1_F0001_Data
3c7061875921edb601f65fc274650555ec88c3eaefecdfefa7ab871f2832d761,0.5,21.9525,3.47207310790926,4,c2c12,c2c12_090325_exp1_F0001_Data
3c835246367e01eea28f8c07f5b0056c68fb9a587e858c77f0d29cfd3c61579c,0.25,3.4475,3.1503267026347177,4,c2c12,c2c12_090318_exp1_F0007_Data
3c835246367e01eea28f8c07f5b0056c68fb9a587e858c77f0d29cfd3c61579c,0.5,5.0525,1.2972117534671561,4,c2c12,c2c12_090318_exp1_F0007_Data
3ca6515d3f04892f4a3c5533a5ff5631743aca250906223b64f65849ec89e78c,0.25,6.2775,1.0150328401912263,4,c2c12,c2c12_090303_exp1_F0016_Data
3ca6515d3f04892f4a3c5533a5ff5631743aca250906223b64f65849ec89e78c,0.5,3.5375,1.4415587628212274,4,c2c12,c2c12_090303_exp1_F0016_Data
3ce70c85e7b067a8b53f0ea1eb985fa26826bf3a90ef99e3d48441fe1061a485,0.25,7.069999999999999,5.834700792100082,4,c2c12,c2c12_090318_exp1_F0013_Data
3ce70c85e7b067a8b53f0ea1eb985fa26826bf3a90ef99e3d48441fe1061a485,0.5,6.885,2.064146312643559,4,c2c12,c2c12_090318_exp1_F0013_Data
3cf1b3a62d5629b8e3ef807c35b52ce58424d1753e838392bb977d0b2f0de8bc,0.25,45.8925,13.952243248548479,4,c2c12,c2c12_090318_exp1_F0011_Data
3cf1b3a62d5629b8e3ef807c35b52ce58424d1753e838392bb977d0b2f0de8bc,0.5,51.775,2.9887957441083195,4,c2c12,c2c12_090318_exp1_F0011_Data
3cf22f978e1b33bbfcba46313ed2499eea459e36fb9fc2ba93c1cfaf2feb6bcb,0.25,15.467500000000001,7.575237620035427,4,c2c12,c2c12_090303_exp1_F0016_Data
3cf22f978e1b33bbfcba46313ed2499eea459e36fb9fc2ba93c1cfaf2feb6bcb,0.5,18.564999999999998,3.4104594020942893,4,c2c12,c2c12_090303_exp1_F0016_Data
3d1e92414ee1ca4ce62929ee58d9af940da1ed31612ee9499066e1c14495a8bb,0.25,19.9225,4.308374596836569,4,c2c12,c2c12_090325_exp1_F0018_Data
3d1e92414ee1ca4ce62929ee58d9af940da1ed31612ee9499066e1c14495a8bb,0.5,15.42,5.100385606337362,4,c2c12,c2c12_090325_exp1_F0018_Data
3d2e152ba3434339e16bfc13da2a600f954bf8717f03510580955bf0181ddbf5,0.25,11.122499999999999,7.230787762523988,4,c2c12,c2c12_090318_exp1_F0001_Data
3d2e152ba3434339e16bfc13da2a600f954bf8717f03510580955bf0181ddbf5,0.5,16.7375,4.55969571353177,4,c2c12,c2c12_090318_exp1_F0001_Data
3d30d042d87ae607620c82f0871ffb5b18c7f6d09b0f54f416a46eaf5c2c8d32,0.25,29.924999999999997,10.569334573819363,4,c2c12,c2c12_090325_exp1_F0016_Data
3d30d042d87ae607620c82f0871ffb5b18c7f6d09b0f54f416a46eaf5c2c8d32,0.5,28.5075,2.237519087441864,4,c2c12,c2c12_090325_exp1_F0016_Data
3d31c12cd0706227661b642a6e1f52150b8c1a764deeffeb7fff33b142af06a2,0.25,10.6075,4.903205584105158,4,c2c12,c2c12_090318_exp1_F0003_Data
3d31c12cd0706227661b642a6e1f52150b8c1a764deeffeb7fff33b142af06a2,0.5,7.59,0.5263712251507163,4,c2c12,c2c12_090318_exp1_F0003_Data
3d3b4d316e0d17831885902420e3df8183c4adc762128e268d4594996654b840,0.25,17.57,8.065882882032609,4,c2c12,c2c12_090318_exp1_F0007_Data
3d3b4d316e0d17831885902420e3df8183c4adc762128e268d4594996654b840,0.5,23.2,6.824319257869852,4,c2c12,c2c12_090318_exp1_F0007_Data
3d67561296538f0e9c43cd6e52a126027755f225592ac2658a2c03ae556f819d,0.25,3.9074999999999998,3.874174105535268,4,c2c12,c2c12_090318_exp1_F0013_Data
3d67561296538f0e9c43cd6e52a126027755f225592ac2658a2c03ae556f819d,0.5,6.685,2.909965635535925,4,c2c12,c2c12_090318_exp1_F0013_Data
3d965bb074945025ce702f4774c8842d4f592d0f43fd9ff812725a494eb8923c,0.25,7.4350000000000005,3.9672702621996065,4,c2c12,c2c12_090303_exp1_F0010_Data
3d965bb074945025ce702f4774c8842d4f592d0f43fd9ff812725a494eb8923c,0.5,11.1225,0.8420758081471447,4,c2c12,c2c12_090303_exp1_F0010_Data
3db93f23fba05d650794ad9942d615a2f927cde9e948196ce0c646f1b1ca23b0,0.25,22.785,2.1985222309542385,4,c2c12,c2c12_090318_exp1_F0007_Data
3db93f23fba05d650794ad9942d615a2f927cde9e948196ce0c646f1b1ca23b0,0.5,30.64,6.87024017047439,4,c2c12,c2c12_090318_exp1_F0007_Data
3dc116784ba3c03cfaca7ae83ca0a3c47b2c82079b8c403b16263b7426603607,0.25,3.7125000000000004,3.501612723684141,4,c2c12,c2c12_090325_exp1_F0018_Data
3dc116784ba3c03cfaca7ae83ca0a3c47b2c82079b8c403b16263b7426603607,0.5,11.2575,1.5602216722846363,4,c2c12,c2c12_090325_exp1_F0018_Data
3dcfa05f14a5b1be23af3c14973c19d310ba755048e4383ca60ac4dbd67e3f48,0.25,22.1275,8.18343194102165,4,c2c12,c2c12_090325_exp1_F0005_Data
3dcfa05f14a5b1be23af3c14973c19d310ba755048e4383ca60ac4dbd67e3f48,0.5,23.915,5.123081754829477,4,c2c12,c2c12_090325_exp1_F0005_Data
3e1d94ce347722ea4bc78fc35d19bc99b9ebef82189f18bd1e49934269590318,0.25,36.2275,5.780648031723319,4,c2c12,c2c12_090303_exp1_F0010_Data
3e1d94ce347722ea4bc78fc35d19bc99b9ebef82189f18bd1e49934269590318,0.5,37.915,4.303653486670754,4,c2c12,c2c12_090303_exp1_F0010_Data
3e314de1be759b27c9683bd6fb2e9f3a526a974a405c1d2cbb44f82fde5b012a,0.25,12.080000000000002,16.569552397897375,4,c2c12,c2c12_090318_exp1_F0018_Data
3e314de1be759b27c9683bd6fb2e9f3a526a974a405c1d2cbb44f82fde5b012a,0.5,12.685,2.366129046917489,4,c2c12,c2c12_090318_exp1_F0018_Data
3e4c5abe8404735b3bbd6144c26a7743e819f762e30c95fd178b0fc80d69c0c6,0.25,8.5475,3.5879183844303557,4,c2c12,c2c12_090303_exp1_F0016_Data
3e4c5abe8404735b3bbd6144c26a7743e819f762e30c95fd178b0fc80d69c0c6,0.5,12.91,0.7853237124481429,4,c2c12,c2c12_090303_exp1_F0016_Data
3e562393667162aefd264f241fd5f5dca6cea6347f0358666121819d278df3cb,0.25,24.8875,6.418698596029156,4,c2c12,c2c12_090325_exp1_F0005_Data
3e562393667162aefd264f241fd5f5dca6cea6347f0358666121819d278df3cb,0.5,23.0175,3.5986328422518086,4,c2c12,c2c12_090325_exp1_F0005_Data
3e8dc9dfc5ef97a874917da803b1dc917110fdff4a0ab97d17fea7a9e1b4380a,0.25,8.532499999999999,2.789018644613191,4,c2c12,c2c12_090325_exp1_F0013_Data
3e8dc9dfc5ef97a874917da803b1dc917110fdff4a0ab97d17fea7a9e1b4380a,0.5,10.715,2.4460921214595874,4,c2c12,c2c12_090325_exp1_F0013_Data
3eb5c11a226f65d305fc34b6ad6c960edfd4b429debac5dd41dcd706ad82721d,0.25,21.6375,7.518782592060145,4,c2c12,c2c12_090325_exp1_F0001_Data
3eb5c11a226f65d305fc34b6ad6c960edfd4b429debac5dd41dcd706ad82721d,0.5,26.735,0.754961367665039,4,c2c12,c2c12_090325_exp1_F0001_Data
3ebd01efd77610b59cc43c8c7bd4f5f24617a221728659d4c05b7244ad71fab0,0.25,5.175000000000001,3.054051953279992,4,c2c12,c2c12_090303_exp1_F0005_Data
3ebd01efd77610b59cc43c8c7bd4f5f24617a221728659d4c05b7244ad71fab0,0.5,6.5075,1.4530284466130272,4,c2c12,c2c12_090303_exp1_F0005_Data
3ec53b037847df7618a18299bf0814098c735d8bb609d48d67d1c2ec208914ee,0.25,1.9275,1.620192889751094,4,c2c12,c2c12_090303_exp1_F0001_Data
3ec53b037847df7618a18299bf0814098c735d8bb609d48d67d1c2ec208914ee,0.5,2.435,0.5813490059049441,4,c2c12,c2c12_090303_exp1_F0001_Data
3f01d53119a2d7d931e69e5c4fc6d4ff7c4a4ba434514984d3c1180be17395db,0.25,40.1075,26.651804660597872,4,c2c12,c2c12_090318_exp1_F0018_Data
3f01d53119a2d7d931e69e5c4fc6d4ff7c4a4ba434514984d3c1180be17395db,0.5,45.3675,5.242520863096302,4,c2c12,c2c12_090318_exp1_F0018_Data
3f09e48a7652df08b05d577f644b17807f0815e1f4f0780aefa9313bae0f3552,0.25,4.795,2.796026943122449,4,c2c12,c2c12_090318_exp1_F0011_Data
3f09e48a7652df08b05d577f644b17807f0815e1f4f0780aefa9313bae0f3552,0.5,5.7125,1.3917944053151918,4,c2c12,c2c12_090318_exp1_F0011_Data
3f16e16cb3d229204e6323e27d9a135be8f871acd64026990a1e7191e76ef623,0.25,35.555,10.81157558668794,4,c2c12,c2c12_090325_exp1_F0013_Data
3f16e16cb3d229204e6323e27d9a135be8f871acd64026990a1e7191e76ef623,0.5,35.8775,4.726185036580771,4,c2c12,c2c12_090325_exp1_F0013_Data
3f858dd5e1b0b858b778b6fc8801aad38e8aabcb32555e01f449c7691a8945dc,0.25,8.620000000000001,4.135198503901194,4,c2c12,c2c12_090318_exp1_F0005_Data
3f858dd5e1b0b858b778b6fc8801aad38e8aabcb32555e01f449c7691a8945dc,0.5,9.8375,3.0673916715454963,4,c2c12,c2c12_090318_exp1_F0005_Data
3fc43a557efe9112fabdf73f817073f371d52f85d31747209c8632fe9b12b674,0.25,10.4625,1.4561450248286845,4,c2c12,c2c12_090303_exp1_F0007_Data
3fc43a557efe9112fabdf73f817073f371d52f85d31747209c8632fe9b12b674,0.5,13.24,1.7544419815618484,4,c2c12,c2c12_090303_exp1_F0007_Data
3fd8553211243d74ea5601f2d861e34f7df709ecb5443f4002d9654d483ab7a0,0.25,33.19,11.321180739363424,4,c2c12,c2c12_090303_exp1_F0012_Data
3fd8553211243d74ea5601f2d861e34f7df709ecb5443f4002d9654d483ab7a0,0.5,38.39,6.177253974596372,4,c2c12,c2c12_090303_exp1_F0012_Data
4025929b4d0d2bb978ee2bff512b8d8d8ba0944636f7a28c1bbe667295fcbbc8,0.25,24.6725,7.279227866562039,4,c2c12,c2c12_090318_exp1_F0005_Data
4025929b4d0d2bb978ee2bff512b8d8d8ba0944636f7a28c1bbe667295fcbbc8,0.5,27.825,2.2255111772354703,4,c2c12,c2c12_090318_exp1_F0005_Data
4054194081aca5cb3dff43616eae2f39861af90d60a62d086f1484ecd36bea3a,0.25,7.7125,4.028824270181066,4,c2c12,c2c12_090325_exp1_F0005_Data
4054194081aca5cb3dff43616eae2f39861af90d60a62d086f1484ecd36bea3a,0.5,8.057500000000001,0.5738974937506999,4,c2c12,c2c12_090325_exp1_F0005_Data
4095e82571e09f3b177e7adf4c537d69ef4edcf461c0ad84c3ef4557c44d4ec3,0.25,8.3725,6.709924862967294,4,c2c12,c2c12_090303_exp1_F0007_Data
4095e82571e09f3b177e7adf4c537d69ef4edcf461c0ad84c3ef4557c44d4ec3,0.5,8.08,2.274335067662635,4,c2c12,c2c12_090303_exp1_F0007_Data
40a7b6c487c123694411213de4ef1bd32f877aedde09bb0af4a5244389efdd70,0.25,7.33,5.529080695136701,4,c2c12,c2c12_090303_exp1_F0012_Data
40a7b6c487c123694411213de4ef1bd32f877aedde09bb0af4a5244389efdd70,0.5,12.32,3.5563558127199073,4,c2c12,c2c12_090303_exp1_F0012_Data
40a90e158185d154956092804990cd91b34822072b85c0d925f33d6cb4645f7f,0.25,40.2575,7.133135705985129,4,c2c12,c2c12_090325_exp1_F0011_Data
40a90e158185d154956092804990cd91b34822072b85c0d925f33d6cb4645f7f,0.5,40.010000000000005,3.6991620672795578,4,c2c12,c2c12_090325_exp1_F0011_Data
40ae1899a825974d0f8284c6c869181da8746d5a210bd7625b9fa31f0a5136fc,0.25,29.7775,10.493430881588095,4,c2c12,c2c12_090325_exp1_F0011_Data
40ae1899a825974d0f8284c6c869181da8746d5a210bd7625b9fa31f0a5136fc,0.5,33.8325,2.855572038430597,4,c2c12,c2c12_090325_exp1_F0011_Data
40c853069f7e816882bf182f9fc253c2805464cafd4c1009c9e79a3024a641ac,0.25,16.5475,11.339598390889629,4,c2c12,c2c12_090318_exp1_F0016_Data
40c853069f7e816882bf182f9fc253c2805464cafd4c1009c9e79a3024a641ac,0.5,13.26,3.350502449882206,4,c2c12,c2c12_090318_exp1_F0016_Data
40cf4ff1f4451beb3b19c2761d8dc84f0198509c7f0a9c71e48e3a8d424e04ad,0.25,10.41,6.763830275812664,4,c2c12,c2c12_090325_exp1_F0013_Data
40cf4ff1f4451beb3b19c2761d8dc84f0198509c7f0a9c71e48e3a8d424e04ad,0.5,9.7,2.7085420432402376,4,c2c12,c2c12_090325_exp1_F0013_Data
40df6c0bd0974a9f0a06f6d0781c7dce93d10ace8d08a931d2499f136b6d657a,0.25,8.535,7.537207705775396,4,c2c12,c2c12_090318_exp1_F0001_Data
40df6c0bd0974a9f0a06f6d0781c7dce93d10ace8d08a931d2499f136b6d657a,0.5,5.68,0.4636809247747853,4,c2c12,c2c12_090318_exp1_F0001_Data
40fe4a4b2042a770a1de70a34e11108dd07760d39bbf1367ebed0befb99d1983,0.25,20.325,3.064207347205256,4,c2c12,c2c12_090318_exp1_F0016_Data
40fe4a4b2042a770a1de70a34e11108dd07760d39bbf1367ebed0befb99d1983,0.5,17.955000000000002,3.6052415545517422,4,c2c12,c2c12_090318_exp1_F0016_Data
4107f9a040099d7830069e07e0474cdfe80fc4afe2787b3f950ae2264c5537af,0.25,20.12,6.819213053327097,4,c2c12,c2c12_090325_exp1_F0007_Data
4107f9a040099d7830069e07e0474cdfe80fc4afe2787b3f950ae2264c5537af,0.5,19.5275,1.6388893596986165,4,c2c12,c2c12_090325_exp1_F0007_Data
41184d24a1bee825319b7d456d1d94efe98f3b314df2e9ea7525182b6dae6ed0,0.25,50.635,4.557298176185826,4,c2c12,c2c12_090325_exp1_F0003_Data
41184d24a1bee825319b7d456d1d94efe98f3b314df2e9ea7525182b6dae6ed0,0.5,44.0,1.1613784912766394,4,c2c12,c2c12_090325_exp1_F0003_Data
413555e7ceda9927669a8f4dd04d1a8dfd7cea09c60ba99ce1104f584be2aa8a,0.25,1.55,1.2329639086364208,4,c2c12,c2c12_090303_exp1_F0012_Data
413555e7ceda9927669a8f4dd04d1a8dfd7cea09c60ba99ce1104f584be2aa8a,0.5,2.2275,0.20790622886291793,4,c2c12,c2c12_090303_exp1_F0012_Data
415617b211f681aa578ec085415c6e0b9e1c0138f59e7a07428f996ffc590b18,0.25,5.395,2.4545264309027104,4,c2c12,c2c12_090303_exp1_F0005_Data
415617b211f681aa578ec085415c6e0b9e1c0138f59e7a07428f996ffc590b18,0.5,6.625,0.9007589392654765,4,c2c12,c2c12_090303_exp1_F0005_Data
4157691912175be4bd3417f152a5361759afe2f4fb3eb93eb24144d53b4b658d,0.25,2.7199999999999998,1.4705327832682502,4,c2c12,c2c12_090318_exp1_F0005_Data
4157691912175be4bd3417f152a5361759afe2f4fb3eb93eb24144d53b4b658d,0.5,4.195,2.112463017427761,4,c2c12,c2c12_090318_exp1_F0005_Data
416df36eb0e2beb3ce4a8d0703a813f5214dd48e60141730ff587cccd790b21e,0.25,24.9325,5.192419956051322,4,c2c12,c2c12_090303_exp1_F0001_Data
416df36eb0e2beb3ce4a8d0703a813f5214dd48e60141730ff587cccd790b21e,0.5,31.994999999999997,2.598595774644452,4,c2c12,c2c12_090303_exp1_F0001_Data
41bc2a2e2771600ab5464ba947fc1622f30c82a8d5538843a4747fe668a2ce6d,0.25,6.815,6.933072911775845,4,c2c12,c2c12_090318_exp1_F0001_Data
41bc2a2e2771600ab5464ba947fc1622f30c82a8d5538843a4747fe668a2ce6d,0.5,6.51,0.5802872851728993,4,c2c12,c2c12_090318_exp1_F0001_Data
41e4d8222d700d94670db53df6767bee7e46ec2b419b26e6a92b906e3a037607,0.25,8.51,11.975051844007467,4,c2c12,c2c12_090318_exp1_F0003_Data
41e4d8222d700d94670db53df6767bee7e46ec2b419b26e6a92b906e3a037607,0.5,7.12,0.9258869621431474,4,c2c12,c2c12_090318_exp1_F0003_Data
421a01360c3ff8d4ecd44332e3ea8aac1b3beecae1e3901c8a6acefa2c7978a4,0.25,2.885,2.014853179100982,4,c2c12,c2c12_090303_exp1_F0005_Data
421a01360c3ff8d4ecd44332e3ea8aac1b3beecae1e3901c8a6acefa2c7978a4,0.5,4.53,1.3916177636118334,4,c2c12,c2c12_090303_exp1_F0005_Data
4220cd9d2ed2b2183481ee79e0c6e54fc3c843b0300387b09167a1fae42b4ae7,0.25,9.379999999999999,3.119102434996324,4,c2c12,c2c12_090318_exp1_F0016_Data
4220cd9d2ed2b2183481ee79e0c6e54fc3c843b0300387b09167a1fae42b4ae7,0.5,9.615,2.4150983416830036,4,c2c12,c2c12_090318_exp1_F0016_Data
423edf7b219b23816362c7eb319a0d6bcfb393b1f9b6de6cd1a883101b03d4c8,0.25,9.17,2.930517587958368,4,c2c12,c2c12_090325_exp1_F0011_Data
423edf7b219b23816362c7eb319a0d6bcfb393b1f9b6de6cd1a883101b03d4c8,0.5,12.755,3.8903084710598463,4,c2c12,c2c12_090325_exp1_F0011_Data
4258467bf8d2292940d191576cf7e6d858be39c055bd424b22c23a0b5857c214,0.25,1.1099999999999999,1.2088837826689545,4,c2c12,c2c12_090318_exp1_F0016_Data
4258467bf8d2292940d191576cf7e6d858be39c055bd424b22c23a0b5857c214,0.5,8.405000000000001,4.2847364757551505,4,c2c12,c2c12_090318_exp1_F0016_Data
425d1d343c60c9ef5e4af7f5083ee7634cea61d7cfd7a650c9743affb6b98f76,0.25,8.0925,6.319485079234435,4,c2c12,c2c12_090303_exp1_F0007_Data
425d1d343c60c9ef5e4af7f5083ee7634cea61d7cfd7a650c9743affb6b98f76,0.5,10.3025,1.1485171599356567,4,c2c12,c2c12_090303_exp1_F0007_Data
426ee9435d075f7f8a1387bba1652a02d9f7f9557604070e46b12db92faea4cf,0.25,35.685,12.177590073573668,4,c2c12,c2c12_090325_exp1_F0005_Data
426ee9435d075f7f8a1387bba1652a02d9f7f9557604070e46b12db92faea4cf,0.5,36.47,5.988861884086713,4,c2c12,c2c12_090325_exp1_F0005_Data
427dbc604f34b4a7ed9dfb766b51b52e94d9d2244e25d7fc277afe2edc0455ad,0.25,20.0875,7.3486569067642105,4,c2c12,c2c12_090325_exp1_F0003_Data
427dbc604f34b4a7ed9dfb766b51b52e94d9d2244e25d7fc277afe2edc0455ad,0.5,21.115000000000002,2.9135831319299377,4,c2c12,c2c12_090325_exp1_F0003_Data
42984bb1042be4638f1a95a9df392041e27cd37307db6ba2e4bd82caa8d9db8b,0.25,13.75,17.053957507472177,4,c2c12,c2c12_090318_exp1_F0016_Data
42984bb1042be4638f1a95a9df392041e27cd37307db6ba2e4bd82caa8d9db8b,0.5,8.9075,2.1674774124159475,4,c2c12,c2c12_090318_exp1_F0016_Data
42bb15a60fb98937dd0d02bb4da40d3e1b288dbbc597fbdd5153144912e1c18f,0.25,4.702500000000001,3.6039735015674017,4,c2c12,c2c12_090303_exp1_F0005_Data
42bb15a60fb98937dd0d02bb4da40d3e1b288dbbc597fbdd5153144912e1c18f,0.5,5.5025,1.7441019656736434,4,c2c12,c2c12_090303_exp1_F0005_Data
42eab7e47ca5d8e1e21f6d8e63d55af6d523663954d8096c2747beff299b39f9,0.25,35.4,10.308355833982448,4,c2c12,c2c12_090318_exp1_F0013_Data
42eab7e47ca5d8e1e21f6d8e63d55af6d523663954d8096c2747beff299b39f9,0.5,27.490000000000002,9.748155381062274,4,c2c12,c2c12_090318_exp1_F0013_Data
43482402787e20e90b0f7442e1c49d6a804e2749a01e111e1e742e9e2b109a85,0.25,10.07,6.740143420828175,4,c2c12,c2c12_090325_exp1_F0007_Data
43482402787e20e90b0f7442e1c49d6a804e2749a01e111e1e742e9e2b109a85,0.5,6.8075,1.0879453111255182,4,c2c12,c2c12_090325_exp1_F0007_Data
434f022b1a7d840e43f0f98eb6235aaa68ee6ed6d6e1362a6a99a37e6b6c1935,0.25,11.692499999999999,0.7878398737476209,4,c2c12,c2c12_090303_exp1_F0007_Data
434f022b1a7d840e43f0f98eb6235aaa68ee6ed6d6e1362a6a99a37e6b6c1935,0.5,8.4925,2.2789087300723563,4,c2c12,c2c12_090303_exp1_F0007_Data
43517a66a615131f9b3b349eb50d4027f09bce5fe401b8fc837a946981ab3025,0.25,38.405,21.501368173521733,4,c2c12,c2c12_090325_exp1_F0011_Data
43517a66a615131f9b3b349eb50d4027f09bce5fe401b8fc837a946981ab3025,0.5,34.125,2.9234283526936893,4,c2c12,c2c12_090325_exp1_F0011_Data
4388d5748445599205ce723e0d3f0e240fef8fdf4265cff0203d7fe89079d774,0.25,19.4125,14.212188137885969,4,c2c12,c2c12_090318_exp1_F0007_Data
4388d5748445599205ce723e0d3f0e240fef8fdf4265cff0203d7fe89079d774,0.5,17.91,4.081184468590788,4,c2c12,c2c12_090318_exp1_F0007_Data
43adf70587aebfe6f40bc2e6d8e51d69101fbccb7d6445e8d5e06df558159168,0.25,6.2875,3.294514379995935,4,c2c12,c2c12_090303_exp1_F0016_Data
43adf70587aebfe6f40bc2e6d8e51d69101fbccb7d6445e8d5e06df558159168,0.5,6.5625,0.893023889191474,4,c2c12,c2c12_090303_exp1_F0016_Data
441551d6ad3b0f7cd24b99e3a95ec1bc33a0a7035bfb61b0227ac2c683ae0962,0.25,3.4425,4.003651458356484,4,c2c12,c2c12_090325_exp1_F0013_Data
441551d6ad3b0f7cd24b99e3a95ec1bc33a0a7035bfb61b0227ac2c683ae0962,0.5,7.67,1.302280051806574,4,c2c12,c2c12_090325_exp1_F0013_Data
443f2d33331aa8ad798ba1c222eca70bcf8d8f8a1e2fe480d438516dfda603d3,0.25,4.8925,4.356752422007322,4,c2c12,c2c12_090325_exp1_F0001_Data
443f2d33331aa8ad798ba1c222eca70bcf8d8f8a1e2fe480d438516dfda603d3,0.5,7.65,0.8383714371724903,4,c2c12,c2c12_090325_exp1_F0001_Data
44437a178167d33610bf050b17a5034a81719848683fba1207bfaac56fc41d37,0.25,34.4275,9.92648099781589,4,c2c12,c2c12_090325_exp1_F0003_Data
44437a178167d33610bf050b17a5034a81719848683fba1207bfaac56fc41d37,0.5,36.1625,3.3057059256181107,4,c2c12,c2c12_090325_exp1_F0003_Data
44438b07dd57f0922d1baf5de6e10cc30f1a76d5ac8dc61a2e81c4863b6a32a6,0.25,40.715,13.94411823434287,4,c2c12,c2c12_090325_exp1_F0011_Data
44438b07dd57f0922d1baf5de6e10cc30f1a76d5ac8dc61a2e81c4863b6a32a6,0.5,38.2475,3.2460578655758217,4,c2c12,c2c12_090325_exp1_F0011_Data
44441b76e1db53add310312ceea9f89ef58df6c8bb0e883354105e239d47ee85,0.25,11.5025,3.912061477022058,4,c2c12,c2c12_090325_exp1_F0013_Data
44441b76e1db53add310312ceea9f89ef58df6c8bb0e883354105e239d47ee85,0.5,8.635,3.1442911230779296,4,c2c12,c2c12_090325_exp1_F0013_Data
44dbe0d2718263a8e24544e5b3ec5204005434542b7ccf13dfb832906f0b4258,0.25,57.18,2.927968579066377,4,c2c12,c2c12_090325_exp1_F0001_Data
44dbe0d2718263a8e24544e5b3ec5204005434542b7ccf13dfb832906f0b4258,0.5,59.0075,1.7594956663771602,4,c2c12,c2c12_090325_exp1_F0001_Data
452b3c3029571e3b3962cdd0bd2347e4ea168a74b76465132ada32e92e65a518,0.25,17.66,9.10967617426657,4,c2c12,c2c12_090318_exp1_F0011_Data
452b3c3029571e3b3962cdd0bd2347e4ea168a74b76465132ada32e92e65a518,0.5,28.354999999999997,5.958772244906384,4,c2c12,c2c12_090318_exp1_F0011_Data
452b3e85a85cf02b0b6e1910ca9fbb064d6d149cdcddf87de3197b5bff0ac76d,0.25,9.375,1.5988016345584168,4,c2c12,c2c12_090325_exp1_F0016_Data
452b3e85a85cf02b0b6e1910ca9fbb064d6d149cdcddf87de3197b5bff0ac76d,0.5,10.9025,1.6912791017451854,4,c2c12,c2c12_090325_exp1_F0016_Data
4541dc02c1662c51feca7fce3624445a5793f26cf6273c5518a185c07f1c5419,0.25,21.02,1.1181532393490026,4,c2c12,c2c12_090318_exp1_F0007_Data
4541dc02c1662c51feca7fce3624445a5793f26cf6273c5518a185c07f1c5419,0.5,21.48,6.167014404609954,4,c2c12,c2c12_090318_exp1_F0007_Data
455bf68ccd3b71ba436edea743e6c2d5d9d6d939ed910759c44d3268019a5d5d,0.25,9.717500000000001,3.6658457414353918,4,c2c12,c2c12_090325_exp1_F0011_Data
455bf68ccd3b71ba436edea743e6c2d5d9d6d939ed910759c44d3268019a5d5d,0.5,19.9325,3.4315630549357534,4,c2c12,c2c12_090325_exp1_F0011_Data
45741b191ff43f556f3bd49b7f9cea9b108a47c9162010d56778b9ab77c6e6cf,0.25,2.6799999999999997,1.9622436138257653,4,c2c12,c2c12_090318_exp1_F0016_Data
45741b191ff43f556f3bd49b7f9cea9b108a47c9162010d56778b9ab77c6e6cf,0.5,3.985,0.8767553820764376,4,c2c12,c2c12_090318_exp1_F0016_Data
45a154b7341b9d82cdfc731e0bd69ed0e348e1864e5f0fa90fa7cec02cbf0a9d,0.25,14.575000000000001,3.207797790800827,4,c2c12,c2c12_090303_exp1_F0007_Data
45a154b7341b9d82cdfc731e0bd69ed0e348e1864e5f0fa90fa7cec02cbf0a9d,0.5,14.0775,2.66059360544472,4,c2c12,c2c12_090303_exp1_F0007_Data
45a2308fe2d217a7dee4477103f1f2badcca8a577ef066aa36c72934e910a203,0.25,20.23,11.150363222783373,4,c2c12,c2c12_090325_exp1_F0007_Data
45a2308fe2d217a7dee4477103f1f2badcca8a577ef066aa36c72934e910a203,0.5,19.244999999999997,4.4256713238407865,4,c2c12,c2c12_090325_exp1_F0007_Data
45d33dae2446235e15882e3b6dbe0fb66b229f7b1c5967e5cbeebb40757d33fa,0.25,3.8575,3.897147461071153,4,c2c12,c2c12_090318_exp1_F0001_Data
45d33dae2446235e15882e3b6dbe0fb66b229f7b1c5967e5cbeebb40757d33fa,0.5,2.4875,1.3547047648842163,4,c2c12,c2c12_090318_exp1_F0001_Data
46240c52396e28819643fb91b1f009b05eeae6060d5692f99eb0b546ad8b6234,0.25,9.524999999999999,2.763071961905203,4,c2c12,c2c12_090318_exp1_F0003_Data
46240c52396e28819643fb91b1f009b05eeae6060d5692f99eb0b546ad8b6234,0.5,7.5975,1.8224045471116816,4,c2c12,c2c12_090318_exp1_F0003_Data
4660387dd48d4d68d03102d367d4c003bd334bc39b7ad34c1d0ae1802ee19332,0.25,15.2775,3.5465229450829736,4,c2c12,c2c12_090325_exp1_F0005_Data
4660387dd48d4d68d03102d367d4c003bd334bc39b7ad34c1d0ae1802ee19332,0.5,15.2775,0.5596055158174674,4,c2c12,c2c12_090325_exp1_F0005_Data
46ce44cf8e08a1e7ad45ac44c847b1fc50962f9c982dd0329d7d66f8284d2453,0.25,8.8925,8.073204134666732,4,c2c12,c2c12_090325_exp1_F0003_Data
46ce44cf8e08a1e7ad45ac44c847b1fc50962f9c982dd0329d7d66f8284d2453,0.5,5.6125,1.195111570802771,4,c2c12,c2c12_090325_exp1_F0003_Data
4707b2408319c0590c54c5851cffc31d380376b9e8435aa996dbca6d4ccf2c4f,0.25,42.055,13.847352334170845,4,c2c12,c2c12_090318_exp1_F0013_Data
4707b2408319c0590c54c5851cffc31d380376b9e8435aa996dbca6d4ccf2c4f,0.5,49.9875,5.059093298210659,4,c2c12,c2c12_090318_exp1_F0013_Data
471aca01a930d2905dabbd100717cbedffdead2b2252e2f282b99905f249cd6a,0.25,2.7475,2.2349552568228295,4,c2c12,c2c12_090303_exp1_F0016_Data
471aca01a930d2905dabbd100717cbedffdead2b2252e2f282b99905f249cd6a,0.5,4.93,0.5939696961967003,4,c2c12,c2c12_090303_exp1_F0016_Data
4748aa46694791b976f1c1be7b9bbb39eaf0f377a18856ef184cc51c558897a2,0.25,49.5875,7.511157811327534,4,c2c12,c2c12_090325_exp1_F0013_Data
4748aa46694791b976f1c1be7b9bbb39eaf0f377a18856ef184cc51c558897a2,0.5,46.255,5.504625327849297,4,c2c12,c2c12_090325_exp1_F0013_Data
475bdd8b4795f84d86d600c00ccfa219105300e605dfd2e358b6ba9ad0649c8a,0.25,13.115,5.398434958393033,4,c2c12,c2c12_090303_exp1_F0001_Data
475bdd8b4795f84d86d600c00ccfa219105300e605dfd2e358b6ba9ad0649c8a,0.5,21.38,1.1193152668782227,4,c2c12,c2c12_090303_exp1_F0001_Data
4771903b030d18e67b32ed96284429067581679e4de1f47eb1b17c6a66f9af21,0.25,9.3525,6.905048274028696,4,c2c12,c2c12_090325_exp1_F0003_Data
4771903b030d18e67b32ed96284429067581679e4de1f47eb1b17c6a66f9af21,0.5,7.01,0.6424432530063128,4,c2c12,c2c12_090325_exp1_F0003_Data
4771f92acf0cc055031cf38841d7f10a1a5698be80da64e10793ff4e97503d8b,0.25,11.395000000000001,7.182332490215139,4,c2c12,c2c12_090318_exp1_F0018_Data
4771f92acf0cc055031cf38841d7f10a1a5698be80da64e10793ff4e97503d8b,0.5,12.18,0.7625833287800972,4,c2c12,c2c12_090318_exp1_F0018_Data
4779f2ac678072a31fad00f8c5ec2c6acefa827f629ef910d1e69d4983ea99e3,0.25,8.63,8.922387572841702,4,c2c12,c2c12_090318_exp1_F0018_Data
4779f2ac678072a31fad00f8c5ec2c6acefa827f629ef910d1e69d4983ea99e3,0.5,5.6225,1.2911848563754662,4,c2c12,c2c12_090318_exp1_F0018_Data
47b86af2e18f42885ae6c9e9aa3b72e699b187f6b05097e3bce9cfc649e23420,0.25,6.3125,5.2167510642800154,4,c2c12,c2c12_090303_exp1_F0007_Data
47b86af2e18f42885ae6c9e9aa3b72e699b187f6b05097e3bce9cfc649e23420,0.5,14.3925,1.9952004911787695,4,c2c12,c2c12_090303_exp1_F0007_Data
47cc7fdda9e6649b204dfb03fe3f0a60815bfa251b19d1cb796099f9dfe45121,0.25,9.532499999999999,10.653466963075134,4,c2c12,c2c12_090318_exp1_F0005_Data
47cc7fdda9e6649b204dfb03fe3f0a60815bfa251b19d1cb796099f9dfe45121,0.5,5.5825,0.8255250854254318,4,c2c12,c2c12_090318_exp1_F0005_Data
47d6f9a191acf8e4faf78dd3f4c08d388205ede0ba1565ee929296496a352290,0.25,11.504999999999999,2.650918079961481,4,c2c12,c2c12_090303_exp1_F0005_Data
47d6f9a191acf8e4faf78dd3f4c08d388205ede0ba1565ee929296496a352290,0.5,12.29,2.089928228432737,4,c2c12,c2c12_090303_exp1_F0005_Data
480d73e6a51faead0afb63686445aed096bd038bb3bd76266106288877e298c8,0.25,15.405,4.031554704246653,4,c2c12,c2c12_090325_exp1_F0001_Data
480d73e6a51faead0afb63686445aed096bd038bb3bd76266106288877e298c8,0.5,13.4275,2.1838555355151112,4,c2c12,c2c12_090325_exp1_F0001_Data
481da4f037a8a5ed4693b65f1bc82573ee161e21abe715a3887138168460faef,0.25,17.085,4.442495544923672,4,c2c12,c2c12_090318_exp1_F0018_Data
481da4f037a8a5ed4693b65f1bc82573ee161e21abe715a3887138168460faef,0.5,22.685,5.5416814536143555,4,c2c12,c2c12_090318_exp1_F0018_Data
481dbd77a0d024fec6765deab350cf4706c530ff4ab39a2604e1aa6c7d3eb8ce,0.25,9.280000000000001,4.289180185847485,4,c2c12,c2c12_090325_exp1_F0018_Data
481dbd77a0d024fec6765deab350cf4706c530ff4ab39a2604e1aa6c7d3eb8ce,0.5,4.3225,1.2307281042808222,4,c2c12,c2c12_090325_exp1_F0018_Data
48884334510939883cbb2315b519ab30274206514565af3e3112d21d8b93c4dc,0.25,27.2675,4.687226436461832,4,c2c12,c2c12_090325_exp1_F0011_Data
48884334510939883cbb2315b519ab30274206514565af3e3112d21d8b93c4dc,0.5,33.9825,1.959802285946214,4,c2c12,c2c12_090325_exp1_F0011_Data
48a0d36c87084a0eba8f99c1a9ef286aaad93ed7b73f41fd758d8de3d42e8c08,0.25,22.32,9.79013449005341,4,c2c12,c2c12_090325_exp1_F0016_Data
48a0d36c87084a0eba8f99c1a9ef286aaad93ed7b73f41fd758d8de3d42e8c08,0.5,24.115,1.3126436429333497,4,c2c12,c2c12_090325_exp1_F0016_Data
48a31bdcff2edb863092f6a219b729fce6641a65979fef769ca6dfe293a82ee3,0.25,50.795,9.909986545567724,4,c2c12,c2c12_090318_exp1_F0013_Data
48a31bdcff2edb863092f6a219b729fce6641a65979fef769ca6dfe293a82ee3,0.5,55.03,4.564252403187184,4,c2c12,c2c12_090318_exp1_F0013_Data
48dad93e9a9b036f080cb3507f29d63842ae4d64ff5afd23dc5bc46482bca259,0.25,0.5700000000000001,0.8038656604184558,4,c2c12,c2c12_090303_exp1_F0016_Data
48dad93e9a9b036f080cb3507f29d63842ae4d64ff5afd23dc5bc46482bca259,0.5,0.9475,0.15966109941581466,4,c2c12,c2c12_090303_exp1_F0016_Data
490c9c59e490c68bbcea99924004b82a97e796cdaaee7bacacb01ad7c402c52b,0.25,13.49,9.661176601912073,4,c2c12,c2c12_090318_exp1_F0011_Data
490c9c59e490c68bbcea99924004b82a97e796cdaaee7bacacb01ad7c402c52b,0.5,10.885,2.9417965032725606,4,c2c12,c2c12_090318_exp1_F0011_Data
49497947767365fd8f5c7629031770143f5b7fcd567c3b4f61deb8bc69c44ccb,0.25,1.8824999999999998,1.8187243698079525,4,c2c12,c2c12_090303_exp1_F0012_Data
49497947767365fd8f5c7629031770143f5b7fcd567c3b4f61deb8bc69c44ccb,0.5,2.7749999999999995,1.6131645917264608,4,c2c12,c2c12_090303_exp1_F0012_Data
49559b9f843c3bb1c725db7a2c39c1edc3741f0b1b2f7ff616d33204cf4218a2,0.25,19.52,4.753461896344598,4,c2c12,c2c12_090325_exp1_F0003_Data
49559b9f843c3bb1c725db7a2c39c1edc3741f0b1b2f7ff616d33204cf4218a2,0.5,22.294999999999998,1.2298644911804986,4,c2c12,c2c12_090325_exp1_F0003_Data
4971f257cc3f0117897fad1e7a3adbb427448e9235c9c186a1627bd01c20026f,0.25,40.5975,15.53586254444857,4,c2c12,c2c12_090318_exp1_F0003_Data
4971f257cc3f0117897fad1e7a3adbb427448e9235c9c186a1627bd01c20026f,0.5,40.5675,0.9790939689325002,4,c2c12,c2c12_090318_exp1_F0003_Data
49aa7b45360f9c5ded1c769fe0a3a6e85b785d686ba6cc2ae85c4734583eaa07,0.25,33.625,11.352275836442077,4,c2c12,c2c12_090325_exp1_F0003_Data
49aa7b45360f9c5ded1c769fe0a3a6e85b785d686ba6cc2ae85c4734583eaa07,0.5,39.54,2.1633153568847363,4,c2c12,c2c12_090325_exp1_F0003_Data
4a12dfb4e14df19f3da1253bde62278e58ae70e20aa71c91caef95188149c6bc,0.25,18.3,10.668792496498062,4,c2c12,c2c12_090325_exp1_F0007_Data
4a12dfb4e14df19f3da1253bde62278e58ae70e20aa71c91caef95188149c6bc,0.5,24.4375,6.704960228567107,4,c2c12,c2c12_090325_exp1_F0007_Data
4a18429ade70a621e2c1af80e9de0a651e54f7ad76266749350635dffaf280cc,0.25,44.865,7.077996420833605,4,c2c12,c2c12_090303_exp1_F0012_Data
4a18429ade70a621e2c1af80e9de0a651e54f7ad76266749350635dffaf280cc,0.5,40.9725,2.7324027887557127,4,c2c12,c2c12_090303_exp1_F0012_Data
4a5cfed473620de6c3944ef6e539c16e6b99af20ca62d3ab5f5da8731a0ebd4c,0.25,1.6425,1.1719606079841876,4,c2c12,c2c12_090325_exp1_F0005_Data
4a5cfed473620de6c3944ef6e539c16e6b99af20ca62d3ab5f5da8731a0ebd4c,0.5,3.0725,0.6184591067052589,4,c2c12,c2c12_090325_exp1_F0005_Data
4a7a9bf51e3cdab044786d57d07e0147ccb7ea7a50bcee311d6d0e883ab554c5,0.25,21.6525,1.7210728243356435,4,c2c12,c2c12_090325_exp1_F0018_Data
4a7a9bf51e3cdab044786d57d07e0147ccb7ea7a50bcee311d6d0e883ab554c5,0.5,18.5,3.6867962605311764,4,c2c12,c2c12_090325_exp1_F0018_Data
4a8837bc0e0e06390ffc486271e5709825b7e5f7c351fe3b1ac5a728592f58f0,0.25,3.1225,3.6426398394570936,4,c2c12,c2c12_090303_exp1_F0003_Data
4a8837bc0e0e06390ffc486271e5709825b7e5f7c351fe3b1ac5a728592f58f0,0.5,3.4000000000000004,1.6427010277791472,4,c2c12,c2c12_090303_exp1_F0003_Data
4ac49a44d0ebd73edfe11ef84bc2b09c3f602ba1c71e4579fe8c8a6d80633aeb,0.25,4.1499999999999995,1.594218721924107,4,c2c12,c2c12_090303_exp1_F0014_Data
4ac49a44d0ebd73edfe11ef84bc2b09c3f602ba1c71e4579fe8c8a6d80633aeb,0.5,6.21,0.29382534494718704,4,c2c12,c2c12_090303_exp1_F0014_Data
4b365f1e14fc48ba782f008f8700c7fca21c93d0e6ee545d0b76291503a5bff5,0.25,16.235,2.524288678684221,4,c2c12,c2c12_090318_exp1_F0016_Data
4b365f1e14fc48ba782f008f8700c7fca21c93d0e6ee545d0b76291503a5bff5,0.5,18.5425,7.379640348056719,4,c2c12,c2c12_090318_exp1_F0016_Data
4b5323e8394980e6b793234016574b35ac326f353e674951a108e77b209b17dc,0.25,26.19,10.677868076852546,4,c2c12,c2c12_090325_exp1_F0003_Data
4b5323e8394980e6b793234016574b35ac326f353e674951a108e77b209b17dc,0.5,25.5575,1.697083282183485,4,c2c12,c2c12_090325_exp1_F0003_Data
4b561a6f35b7eb0f051c32a9b5ef4895d867f2176593fd0331d0cfaf713c0fec,0.25,53.325,21.128281993574397,4,c2c12,c2c12_090318_exp1_F0001_Data
4b561a6f35b7eb0f051c32a9b5ef4895d867f2176593fd0331d0cfaf713c0fec,0.5,40.935,3.6151210214873846,4,c2c12,c2c12_090318_exp1_F0001_Data
4b973c6c298cbeccc3ac7da988ab597be6a9ca9a41d86c406d084b07f69ccfb1,0.25,7.66,5.608428181466413,4,c2c12,c2c12_090303_exp1_F0016_Data
4b973c6c298cbeccc3ac7da988ab597be6a9ca9a41d86c406d084b07f69ccfb1,0.5,12.3575,5.231681533375925,4,c2c12,c2c12_090303_exp1_F0016_Data
4bd2bbd9dcf707231bb83ed1bdd290a8aed96d380b200f3f5ceed8a07b6a0f0a,0.25,9.6975,8.54026687717271,4,c2c12,c2c12_090318_exp1_F0013_Data
4bd2bbd9dcf707231bb83ed1bdd290a8aed96d380b200f3f5ceed8a07b6a0f0a,0.5,19.7475,9.035302522144272,4,c2c12,c2c12_090318_exp1_F0013_Data
4c132f02e25a73efce531036411951b07e89a5a3cea674e0dc47dc22236e4640,0.25,17.747500000000002,4.3288672498318395,4,c2c12,c2c12_090303_exp1_F0001_Data
4c132f02e25a73efce531036411951b07e89a5a3cea674e0dc47dc22236e4640,0.5,16.43,1.0805862606320091,4,c2c12,c2c12_090303_exp1_F0001_Data
4c183a1065eaf546b2e798a802ffc46197a416b0dc17e533ae02b1b1d8861f52,0.25,55.2625,2.2578806434353456,4,c2c12,c2c12_090325_exp1_F0001_Data
4c183a1065eaf546b2e798a802ffc46197a416b0dc17e533ae02b1b1d8861f52,0.5,49.4775,4.196573006632912,4,c2c12,c2c12_090325_exp1_F0001_Data
4c66dfe40e78057eda6cec4c686b6668202877724ca43dd469a2d663fd5a430f,0.25,17.657500000000002,5.611009267502594,4,c2c12,c2c12_090318_exp1_F0011_Data
4c66dfe40e78057eda6cec4c686b6668202877724ca43dd469a2d663fd5a430f,0.5,21.7975,2.0812716465340775,4,c2c12,c2c12_090318_exp1_F0011_Data
4cb8e35756e70754884cfa111d50758f8cb4d57ba8aa3725b5055d195d7a1e79,0.25,15.3875,1.1227755786442812,4,c2c12,c2c12_090325_exp1_F0005_Data
4cb8e35756e70754884cfa111d50758f8cb4d57ba8aa3725b5055d195d7a1e79,0.5,14.0375,0.33954626587059844,4,c2c12,c2c12_090325_exp1_F0005_Data
4cd66c2eefb3298672687e60098519879622c24d007a0761b6acad5e31b6d5f4,0.25,5.7375,4.038055431351415,4,c2c12,c2c12_090325_exp1_F0013_Data
4cd66c2eefb3298672687e60098519879622c24d007a0761b6acad5e31b6d5f4,0.5,6.77,3.3168961394653285,4,c2c12,c2c12_090325_exp1_F0013_Data
4d0eb09054800a1bbacf309fc3602b1e5167e17e6315576414de97275bbcd564,0.25,25.5175,17.580342004636886,4,c2c12,c2c12_090318_exp1_F0018_Data
4d0eb09054800a1bbacf309fc3602b1e5167e17e6315576414de97275bbcd564,0.5,29.1725,2.5299588270694593,4,c2c12,c2c12_090318_exp1_F0018_Data
4d599dc02e215368c2302b9ca502a77e27abec95509482bde7404bd31e515cc7,0.25,22.905,6.0348626054506544,4,c2c12,c2c12_090303_exp1_F0003_Data
4d599dc02e215368c2302b9ca502a77e27abec95509482bde7404bd31e515cc7,0.5,11.6175,3.6388127642588772,4,c2c12,c2c12_090303_exp1_F0003_Data
4d5dc8309e285b82301814ebfc03a851737ba0bf9e490e34ec693c0e01162e8e,0.25,1.4,1.4377992442155014,4,c2c12,c2c12_090303_exp1_F0014_Data
4d5dc8309e285b82301814ebfc03a851737ba0bf9e490e34ec693c0e01162e8e,0.5,2.5075,0.5571579668280803,4,c2c12,c2c12_090303_exp1_F0014_Data
4da6a71f4635f0f2affc0158ce2544f842805547ce80c7ce63c34af247eb036b,0.25,14.135,5.570951444771351,4,c2c12,c2c12_090303_exp1_F0010_Data
4da6a71f4635f0f2affc0158ce2544f842805547ce80c7ce63c34af247eb036b,0.5,14.0325,0.9289913885499685,4,c2c12,c2c12_090303_exp1_F0010_Data
4dcb3f1165ac4e743ea7917cc2ac1bf899c30c2de597563c371413fae62b5ea9,0.25,7.322500000000001,5.4484822045532395,4,c2c12,c2c12_090318_exp1_F0001_Data
4dcb3f1165ac4e743ea7917cc2ac1bf899c30c2de597563c371413fae62b5ea9,0.5,6.8225,0.3646345202162477,4,c2c12,c2c12_090318_exp1_F0001_Data
4df35c1d52d9c358a8e29042c4e00fb76cc069d556f48dd2eeab7bb3ecbbfd6e,0.25,6.235,2.1622596205513034,4,c2c12,c2c12_090303_exp1_F0016_Data
4df35c1d52d9c358a8e29042c4e00fb76cc069d556f48dd2eeab7bb3ecbbfd6e,0.5,12.834999999999999,2.2362244967802316,4,c2c12,c2c12_090303_exp1_F0016_Data
4df42b9cef697847871f635ab082dbe53243463c90140e95779bfe04ae92b001,0.25,19.752499999999998,6.096235860485278,4,c2c12,c2c12_090325_exp1_F0007_Data
4df42b9cef697847871f635ab082dbe53243463c90140e95779bfe04ae92b001,0.5,17.015,4.223754254215081,4,c2c12,c2c12_090325_exp1_F0007_Data
4dff4caf8e3917727483f93712861d49a19f2893602718b135c082ee86b862dc,0.25,8.69,3.3265798251858216,4,c2c12,c2c12_090318_exp1_F0018_Data
4dff4caf8e3917727483f93712861d49a19f2893602718b135c082ee86b862dc,0.5,13.530000000000001,4.364943680430864,4,c2c12,c2c12_090318_exp1_F0018_Data
4e02353a559b4c73cc4bbc1db5dad57b565dde0534135db7482eade1725b4eb5,0.25,14.125,5.880116212003524,4,c2c12,c2c12_090303_exp1_F0005_Data
4e02353a559b4c73cc4bbc1db5dad57b565dde0534135db7482eade1725b4eb5,0.5,13.115,1.5920950557886504,4,c2c12,c2c12_090303_exp1_F0005_Data
4e0cf6287dab2ae5c3b58d5c8e571e0fdffd53a503dc076e4b9110ac664b3206,0.25,48.792500000000004,14.294771480043558,4,c2c12,c2c12_090318_exp1_F0013_Data
4e0cf6287dab2ae5c3b58d5c8e571e0fdffd53a503dc076e4b9110ac664b3206,0.5,41.1725,8.583788499258358,4,c2c12,c2c12_090318_exp1_F0013_Data
4e2d2b876f85f55919c5e5be88615a27128fe321d49cb659aef6aa4378136fa2,0.25,12.2425,4.2664534451930916,4,c2c12,c2c12_090325_exp1_F0013_Data
4e2d2b876f85f55919c5e5be88615a27128fe321d49cb659aef6aa4378136fa2,0.5,16.7975,3.5409826790501704,4,c2c12,c2c12_090325_exp1_F0013_Data
4e4083534cbd3f1b3d4dee1836c03936d83bfdb1cda4fc5807107939acf21bb3,0.25,10.8,11.596436234177004,4,c2c12,c2c12_090303_exp1_F0007_Data
4e4083534cbd3f1b3d4dee1836c03936d83bfdb1cda4fc5807107939acf21bb3,0.5,8.8775,2.523270034432833,4,c2c12,c2c12_090303_exp1_F0007_Data
4e760d767da832b9947918ccdadd1a6464d2d54ab8d940a017737e7088fce701,0.25,36.835,10.974812071283951,4,c2c12,c2c12_090325_exp1_F0013_Data
4e760d767da832b9947918ccdadd1a6464d2d54ab8d940a017737e7088fce701,0.5,37.817499999999995,4.57368833656164,4,c2c12,c2c12_090325_exp1_F0013_Data
4e9de4a26e33b5c4f32aaf08753ac655f4f391f3bf5f506de5231add22d8f5f5,0.25,21.509999999999998,4.754261246502972,4,c2c12,c2c12_090303_exp1_F0005_Data
4e9de4a26e33b5c4f32aaf08753ac655f4f391f3bf5f506de5231add22d8f5f5,0.5,23.8675,4.136474948552209,4,c2c12,c2c12_090303_exp1_F0005_Data
4ece1f266361865106e4b67d8c6fa7a55a1321d9d241d4aa508241348cb4afd8,0.25,24.927500000000002,17.393882784856675,4,c2c12,c2c12_090325_exp1_F0013_Data
4ece1f266361865106e4b67d8c6fa7a55a1321d9d241d4aa508241348cb4afd8,0.5,28.0775,3.8484661446694153,4,c2c12,c2c12_090325_exp1_F0013_Data
4ecf35b1c48429b22b496586375bfa0d4a33578c4e3f2cbf4c3829bd37caa00f,0.25,11.265,4.690788846238978,4,c2c12,c2c12_090318_exp1_F0005_Data
4ecf35b1c48429b22b496586375bfa0d4a33578c4e3f2cbf4c3829bd37caa00f,0.5,13.7125,2.433041649184549,4,c2c12,c2c12_090318_exp1_F0005_Data
4eeaa6d7a77cd9e27eaa206bd03de785c576b45444d4872a8b9f0203fc339620,0.25,16.54,8.750714256562146,4,c2c12,c2c12_090318_exp1_F0001_Data
4eeaa6d7a77cd9e27eaa206bd03de785c576b45444d4872a8b9f0203fc339620,0.5,16.3075,1.3077302219239773,4,c2c12,c2c12_090318_exp1_F0001_Data
4ef658fba19ee8afd7b6932eb29ed8800c3f901b20c38188ccc9501292684309,0.25,10.8725,5.377796171915283,4,c2c12,c2c12_090303_exp1_F0001_Data
4ef658fba19ee8afd7b6932eb29ed8800c3f901b20c38188ccc9501292684309,0.5,12.785,0.6434542200757817,4,c2c12,c2c12_090303_exp1_F0001_Data
4ef7c6b350c6674cc1cabd6e70e8918e2343df1c86ac0a37472a5c22ce00c3a2,0.25,11.004999999999999,4.145362871128816,4,c2c12,c2c12_090318_exp1_F0007_Data
4ef7c6b350c6674cc1cabd6e70e8918e2343df1c86ac0a37472a5c22ce00c3a2,0.5,25.52,5.015449464737268,4,c2c12,c2c12_090318_exp1_F0007_Data
4fc0d004159e8369e024603552a9933c823cc8cd95bdcb2eeab7a7204a1ede46,0.25,13.15,3.2156492346025547,4,c2c12,c2c12_090303_exp1_F0016_Data
4fc0d004159e8369e024603552a9933c823cc8cd95bdcb2eeab7a7204a1ede46,0.5,14.055,2.7998154701098903,4,c2c12,c2c12_090303_exp1_F0016_Data
4fc9640e1d81262991d1de4d2ab5ddff52e05387674ea83b1187e04a4c3e1343,0.25,38.705,3.364060047026511,4,c2c12,c2c12_090303_exp1_F0014_Data
4fc9640e1d81262991d1de4d2ab5ddff52e05387674ea83b1187e04a4c3e1343,0.5,40.57,2.931904955258044,4,c2c12,c2c12_090303_exp1_F0014_Data
4fdbd1de65e484c7071aa78d28014a60d73734f4dae5574c189307c892f381b9,0.25,8.3525,1.1134443557418277,4,c2c12,c2c12_090325_exp1_F0007_Data
4fdbd1de65e484c7071aa78d28014a60d73734f4dae5574c189307c892f381b9,0.5,9.0525,0.633317982270097,4,c2c12,c2c12_090325_exp1_F0007_Data
4fe4ae0bc1fd3760dd262ffa270d41350f83aef00fcda04f41b76e5bfd1cf792,0.25,4.175,1.5780473165698592,4,c2c12,c2c12_090303_exp1_F0014_Data
4fe4ae0bc1fd3760dd262ffa270d41350f83aef00fcda04f41b76e5bfd1cf792,0.5,5.6925,1.1265396871245446,4,c2c12,c2c12_090303_exp1_F0014_Data
4fff7cecb27b381844dc4f37923b3bc83d8ccadbcc4cc3d12b5eb69e0268e3c1,0.25,10.345,3.356719628844009,4,c2c12,c2c12_090303_exp1_F0001_Data
4fff7cecb27b381844dc4f37923b3bc83d8ccadbcc4cc3d12b5eb69e0268e3c1,0.5,10.98,2.061536643703752,4,c2c12,c2c12_090303_exp1_F0001_Data
50196382b4192ef36dc2a293b1c44d72814af07422afe1279a609b93707c9600,0.25,26.5175,6.54261606698727,4,c2c12,c2c12_090303_exp1_F0010_Data
50196382b4192ef36dc2a293b1c44d72814af07422afe1279a609b93707c9600,0.5,23.557499999999997,3.5391842280389993,4,c2c12,c2c12_090303_exp1_F0010_Data
501af1c37e65666f33bec44e32bc322e5e33d50dfa52d32969b389e595bcc91f,0.25,14.977500000000001,11.340741818770057,4,c2c12,c2c12_090318_exp1_F0007_Data
501af1c37e65666f33bec44e32bc322e5e33d50dfa52d32969b389e595bcc91f,0.5,18.16,1.9536291016123477,4,c2c12,c2c12_090318_exp1_F0007_Data
506068e0cc44280edbbf604f171c2d7a8bba315637d97d5cfcfcae514d60aec0,0.25,5.4975000000000005,3.8851286979970174,4,c2c12,c2c12_090303_exp1_F0010_Data
506068e0cc44280edbbf604f171c2d7a8bba315637d97d5cfcfcae514d60aec0,0.5,5.47,1.68422088812602,4,c2c12,c2c12_090303_exp1_F0010_Data
5065fc211ef3d5d17e2a08e190beb42c0d2a2a52d27fc8b7e723801cd4bd61ec,0.25,27.8975,11.51568893582432,4,c2c12,c2c12_090318_exp1_F0007_Data
5065fc211ef3d5d17e2a08e190beb42c0d2a2a52d27fc8b7e723801cd4bd61ec,0.5,25.4175,6.478180685964231,4,c2c12,c2c12_090318_exp1_F0007_Data
50d4c22eb1107f0983565b50f8f4eb76917d3bc11960bf7655b0e32ebca4fbe4,0.25,2.505,2.3555537211732895,4,c2c12,c2c12_090318_exp1_F0005_Data
50d4c22eb1107f0983565b50f8f4eb76917d3bc11960bf7655b0e32ebca4fbe4,0.5,2.9625,0.585227875845526,4,c2c12,c2c12_090318_exp1_F0005_Data
514bda879933e4cdb385b10cf41769b63b3fc85e5b992eabc36203587fd901fe,0.25,52.455,5.630284184657114,4,c2c12,c2c12_090325_exp1_F0001_Data
514bda879933e4cdb385b10cf41769b63b3fc85e5b992eabc36203587fd901fe,0.5,49.5125,1.7357107093829547,4,c2c12,c2c12_090325_exp1_F0001_Data
515ecdae713a77a26e75cb66398fd498d28685e14fb7cc25c30a7ff3eb08eae9,0.25,4.1825,4.216589261476626,4,c2c12,c2c12_090325_exp1_F0016_Data
515ecdae713a77a26e75cb66398fd498d28685e14fb7cc25c30a7ff3eb08eae9,0.5,3.32,1.5987703608294304,4,c2c12,c2c12_090325_exp1_F0016_Data
51726e17ebc8b0dba82d5bb7ebbbc594de10fbc9b80be9cf700399fcb6dee650,0.25,39.4375,12.154045622754591,4,c2c12,c2c12_090325_exp1_F0013_Data
51726e17ebc8b0dba82d5bb7ebbbc594de10fbc9b80be9cf700399fcb6dee650,0.5,44.305,3.3480392271696378,4,c2c12,c2c12_090325_exp1_F0013_Data
5175c70dfbef582f7f2d68064cf7189aff2a61b96419a468e5196a3d04471c30,0.25,19.025,7.952800345371014,4,c2c12,c2c12_090325_exp1_F0005_Data
5175c70dfbef582f7f2d68064cf7189aff2a61b96419a468e5196a3d04471c30,0.5,20.6575,2.9368846873288486,4,c2c12,c2c12_090325_exp1_F0005_Data
5186ba56f8096f7fb4c867f219275aa87a7f97be8189de8e48a17a6b62035f7b,0.25,10.995000000000001,6.501592112705934,4,c2c12,c2c12_090325_exp1_F0007_Data
5186ba56f8096f7fb4c867f219275aa87a7f97be8189de8e48a17a6b62035f7b,0.5,12.535,1.3756331875418921,4,c2c12,c2c12_090325_exp1_F0007_Data
51ba5a3e240c02920915ff67e0359d0796dba63bf8751176ff070c6f00bc1841,0.25,4.22,3.054810414193762,4,c2c12,c2c12_090318_exp1_F0005_Data
51ba5a3e240c02920915ff67e0359d0796dba63bf8751176ff070c6f00bc1841,0.5,6.7375,0.6166238723889956,4,c2c12,c2c12_090318_exp1_F0005_Data
5202c75a3df0aaff676c7211ab51284873b71e06aaf0502ec3a9701c293be5fe,0.25,30.96,12.010423250937773,4,c2c12,c2c12_090318_exp1_F0018_Data
5202c75a3df0aaff676c7211ab51284873b71e06aaf0502ec3a9701c293be5fe,0.5,34.625,7.250666636018144,4,c2c12,c2c12_090318_exp1_F0018_Data
5229cc953dd266b86a02ad26fc7d2da5a605d4af7a1a8ba8d467e671d51cef07,0.25,26.432499999999997,10.838841804670214,4,c2c12,c2c12_090325_exp1_F0007_Data
5229cc953dd266b86a02ad26fc7d2da5a605d4af7a1a8ba8d467e671d51cef07,0.5,28.165,3.3348313300675354,4,c2c12,c2c12_090325_exp1_F0007_Data
522a30ac42ec06dcaa57ab842f63f79c44e85fd71d7f118ab3f46acdee07da02,0.25,32.245000000000005,14.060404214199057,4,c2c12,c2c12_090303_exp1_F0001_Data
522a30ac42ec06dcaa57ab842f63f79c44e85fd71d7f118ab3f46acdee07da02,0.5,37.465,4.824800514010917,4,c2c12,c2c12_090303_exp1_F0001_Data
52581592c6635fb5db8c4779477d3b650834618866f7085bf6869aea26564177,0.25,7.1875,5.34045800158251,4,c2c12,c2c12_090303_exp1_F0016_Data
52581592c6635fb5db8c4779477d3b650834618866f7085bf6869aea26564177,0.5,8.5975,2.323121104606187,4,c2c12,c2c12_090303_exp1_F0016_Data
5278eb669c6f7b8785654940dfd32835c2917b6f405e73a1e4ec3568bf3bad36,0.25,0.895,0.633850665903781,4,c2c12,c2c12_090318_exp1_F0003_Data
5278eb669c6f7b8785654940dfd32835c2917b6f405e73a1e4ec3568bf3bad36,0.5,2.88,0.22876479915697975,4,c2c12,c2c12_090318_exp1_F0003_Data
529704b28813ca57fa01add897ae788b6b62cd32bb7330a8e1d6d77772db7fc7,0.25,5.2875,6.104115415029438,4,c2c12,c2c12_090325_exp1_F0016_Data
529704b28813ca57fa01add897ae788b6b62cd32bb7330a8e1d6d77772db7fc7,0.5,5.3625,3.184926739084171,4,c2c12,c2c12_090325_exp1_F0016_Data
529a511e938bf947241f2ab84847e23a76e67bbff419d8b2f3214fa6c0ecf689,0.25,6.22,3.375470337597414,4,c2c12,c2c12_090318_exp1_F0011_Data
529a511e938bf947241f2ab84847e23a76e67bbff419d8b2f3214fa6c0ecf689,0.5,12.53,4.583143026352112,4,c2c12,c2c12_090318_exp1_F0011_Data
529d15e8e80ed5628c9b884109c02cab144e481982e84943bfd143e8d1984339,0.25,44.4275,8.221793701295764,4,c2c12,c2c12_090318_exp1_F0011_Data
529d15e8e80ed5628c9b884109c02cab144e481982e84943bfd143e8d1984339,0.5,47.387499999999996,14.160584674840697,4,c2c12,c2c12_090318_exp1_F0011_Data
52c4302922e265cd70d033372922b18b46cbcbdc89df085a8fc9caed31dce6b7,0.25,12.58,8.77971525734178,4,c2c12,c2c12_090303_exp1_F0016_Data
52c4302922e265cd70d033372922b18b46cbcbdc89df085a8fc9caed31dce6b7,0.5,9.0175,0.38870511530807855,4,c2c12,c2c12_090303_exp1_F0016_Data
5320cdde70e62b4e93c55d40a2813a6d8adf50571689e7018e7ccebe453bf290,0.25,3.085,2.542892054334985,4,c2c12,c2c12_090303_exp1_F0012_Data
5320cdde70e62b4e93c55d40a2813a6d8adf50571689e7018e7ccebe453bf290,0.5,4.045,0.42727820757284907,4,c2c12,c2c12_090303_exp1_F0012_Data
533df773817444daf329b013462ce302727257b85a50decd7389a318c1a8a156,0.25,4.835,3.2805538150338784,4,c2c12,c2c12_090325_exp1_F0003_Data
533df773817444daf329b013462ce302727257b85a50decd7389a318c1a8a156,0.5,5.92,0.7296574538781879,4,c2c12,c2c12_090325_exp1_F0003_Data
5357f6b8282c2a899629be962a3aebf55070e7e18cca3fe1301f1cd311137859,0.25,11.8275,13.548161929452522,4,c2c12,c2c12_090325_exp1_F0018_Data
5357f6b8282c2a899629be962a3aebf55070e7e18cca3fe1301f1cd311137859,0.5,10.74,2.938287483098503,4,c2c12,c2c12_090325_exp1_F0018_Data
535cc3a47d9336a849005a96d0c7f3fa1472d64037bbb8d1e994fa700b697da9,0.25,7.83,4.744484517134958,4,c2c12,c2c12_090325_exp1_F0007_Data
535cc3a47d9336a849005a96d0c7f3fa1472d64037bbb8d1e994fa700b697da9,0.5,9.925,1.8196061844989055,4,c2c12,c2c12_090325_exp1_F0007_Data
535ddb3d4afca54d1b8353e1e6f5bf244b18cc707fa0ea4beb337d10a2b8958b,0.25,14.3525,5.316210272992092,4,c2c12,c2c12_090318_exp1_F0003_Data
535ddb3d4afca54d1b8353e1e6f5bf244b18cc707fa0ea4beb337d10a2b8958b,0.5,14.7975,1.9877017717286798,4,c2c12,c2c12_090318_exp1_F0003_Data
537dec9639c5ecdc80e9f28693397a6f954fff24a283f628dfbefa14d78c9c04,0.25,10.965,9.255450646330878,4,c2c12,c2c12_090318_exp1_F0011_Data
537dec9639c5ecdc80e9f28693397a6f954fff24a283f628dfbefa14d78c9c04,0.5,22.585,3.9184818488797424,4,c2c12,c2c12_090318_exp1_F0011_Data
537fe3fc500e922ae95f7cb6d0db83858656b1c2b9e69d040f2fde8d4ecd12b8,0.25,4.43,3.2402777658713147,4,c2c12,c2c12_090303_exp1_F0003_Data
537fe3fc500e922ae95f7cb6d0db83858656b1c2b9e69d040f2fde8d4ecd12b8,0.5,6.057499999999999,2.046238418822857,4,c2c12,c2c12_090303_exp1_F0003_Data
53cfc37aea4dc3ae5bad76380ec20089b799e9d842eeca0ab707b672bae45c09,0.25,25.4025,4.502875932852989,4,c2c12,c2c12_090318_exp1_F0018_Data
53cfc37aea4dc3ae5bad76380ec20089b799e9d842eeca0ab707b672bae45c09,0.5,23.335,3.0116274670018526,4,c2c12,c2c12_090318_exp1_F0018_Data
53dac0b12e778fa8bdff60142f8f21146e6250e84def41f18507fc50c468f587,0.25,9.3025,2.5730057002139226,4,c2c12,c2c12_090303_exp1_F0005_Data
53dac0b12e778fa8bdff60142f8f21146e6250e84def41f18507fc50c468f587,0.5,6.5975,1.0356439220761804,4,c2c12,c2c12_090303_exp1_F0005_Data
53ea8052878f842ccd642d44afb635a253e3cd92e51dc107f94a5181d66c9120,0.25,3.525,2.670162292196238,4,c2c12,c2c12_090303_exp1_F0016_Data
53ea8052878f842ccd642d44afb635a253e3cd92e51dc107f94a5181d66c9120,0.5,4.3100000000000005,0.9417005893594843,4,c2c12,c2c12_090303_exp1_F0016_Data
53f702ca66637880a7865a5b3f619b7bdb663c3891f041a1bb1164de408012b0,0.25,14.61,8.52185034680458,4,c2c12,c2c12_090303_exp1_F0007_Data
53f702ca66637880a7865a5b3f619b7bdb663c3891f041a1bb1164de408012b0,0.5,10.625,3.882245913557426,4,c2c12,c2c12_090303_exp1_F0007_Data
53ff305b68cc92dd8cc1d93e7abc52a04514a3102bd8deeba79f39a27edddd41,0.25,14.49,8.184509759295299,4,c2c12,c2c12_090325_exp1_F0001_Data
53ff305b68cc92dd8cc1d93e7abc52a04514a3102bd8deeba79f39a27edddd41,0.5,16.0425,2.654171245417297,4,c2c12,c2c12_090325_exp1_F0001_Data
5405f17d6fdded9dccd894c4b5402a34c323ac7030ea0b71705ee871e1941d50,0.25,2.96,2.560364557375896,4,c2c12,c2c12_090318_exp1_F0016_Data
5405f17d6fdded9dccd894c4b5402a34c323ac7030ea0b71705ee871e1941d50,0.5,5.640000000000001,0.551543289325507,4,c2c12,c2c12_090318_exp1_F0016_Data
543442b89e73df1bdd8016b4b9f9d5a98befc6b66d751fa137e38bc7391e45ad,0.25,32.0225,12.946019658566874,4,c2c12,c2c12_090318_exp1_F0001_Data
543442b89e73df1bdd8016b4b9f9d5a98befc6b66d751fa137e38bc7391e45ad,0.5,22.175,4.852549158260359,4,c2c12,c2c12_090318_exp1_F0001_Data
5475aa15cc8fa1c3deece851dc84b7afb8c27471eaf0471e3228a75fb8d733bc,0.25,40.86,6.337859785974021,4,c2c12,c2c12_090303_exp1_F0010_Data
5475aa15cc8fa1c3deece851dc84b7afb8c27471eaf0471e3228a75fb8d733bc,0.5,40.082499999999996,3.194436570038602,4,c2c12,c2c12_090303_exp1_F0010_Data
548a5daca25e06e5542232b070918c11f4c986fa3f95167104032c0590c044c6,0.25,8.2125,3.118507923136747,4,c2c12,c2c12_090303_exp1_F0007_Data
548a5daca25e06e5542232b070918c11f4c986fa3f95167104032c0590c044c6,0.5,10.47,2.0040459076578054,4,c2c12,c2c12_090303_exp1_F0007_Data
54ac075a0b04011832be8503d416572bf09ee4cb0528c231247635d99acebf86,0.25,8.412500000000001,1.911131863582417,4,c2c12,c2c12_090325_exp1_F0005_Data
54ac075a0b04011832be8503d416572bf09ee4cb0528c231247635d99acebf86,0.5,10.91,1.711665855241612,4,c2c12,c2c12_090325_exp1_F0005_Data
54c3d5e96155f4b8e86c5c24a277ab48b060f15195dfbf9657b1b3d7cff57771,0.25,32.9475,14.827212313850504,4,c2c12,c2c12_090303_exp1_F0012_Data
54c3d5e96155f4b8e86c5c24a277ab48b060f15195dfbf9657b1b3d7cff57771,0.5,39.145,4.550271054197393,4,c2c12,c2c12_090303_exp1_F0012_Data
54c959a922bd0b08ca1f23f925889a531edf10309bc94ac26b8bbcd078f37093,0.25,6.0325,4.149589337111164,4,c2c12,c2c12_090303_exp1_F0016_Data
54c959a922bd0b08ca1f23f925889a531edf10309bc94ac26b8bbcd078f37093,0.5,6.0225,0.48835608593184,4,c2c12,c2c12_090303_exp1_F0016_Data
552338daf8d40014452d6cc0de7ff9255ffbad0f7d28cca33ca3d313d7cb25d8,0.25,8.6075,1.597213719784133,4,c2c12,c2c12_090325_exp1_F0018_Data
552338daf8d40014452d6cc0de7ff9255ffbad0f7d28cca33ca3d313d7cb25d8,0.5,5.35,3.3810944973484554,4,c2c12,c2c12_090325_exp1_F0018_Data
5578fdebcaa0b4f8d94f21e2bee32973fff5f47d65f1faed3a5cbe62606cc3cf,0.25,7.495,3.1882022102328036,4,c2c12,c2c12_090325_exp1_F0007_Data
5578fdebcaa0b4f8d94f21e2bee32973fff5f47d65f1faed3a5cbe62606cc3cf,0.5,7.03,1.3976885680770712,4,c2c12,c2c12_090325_exp1_F0007_Data
55bbe9ffb1fe25456c61c45c24620fe45b6eba873f6051fd1ccf5a1eb1819af1,0.25,7.2,4.627130140090436,4,c2c12,c2c12_090318_exp1_F0011_Data
55bbe9ffb1fe25456c61c45c24620fe45b6eba873f6051fd1ccf5a1eb1819af1,0.5,8.195,2.912896611050016,4,c2c12,c2c12_090318_exp1_F0011_Data
55cd08a0b1cef95f7d304e303c8dcb9a4bdb033b2fd0130e675a01a0fb5ed97a,0.25,5.6,5.305852115039268,4,c2c12,c2c12_090325_exp1_F0005_Data
55cd08a0b1cef95f7d304e303c8dcb9a4bdb033b2fd0130e675a01a0fb5ed97a,0.5,8.3525,1.6104321366225482,4,c2c12,c2c12_090325_exp1_F0005_Data
56530076a72da8ed938d768bd11e13aad0996600693a96077d70c1238bbbc700,0.25,45.677499999999995,6.358801642867415,4,c2c12,c2c12_090303_exp1_F0010_Data
56530076a72da8ed938d768bd11e13aad0996600693a96077d70c1238bbbc700,0.5,49.11,3.059923746326585,4,c2c12,c2c12_090303_exp1_F0010_Data
56575cc1589af09597d6df494474ad6f96961e34451726e156abd0c99d05e026,0.25,0.75,0.8798105856755002,4,c2c12,c2c12_090325_exp1_F0018_Data
56575cc1589af09597d6df494474ad6f96961e34451726e156abd0c99d05e026,0.5,6.82,1.7760255253420956,4,c2c12,c2c12_090325_exp1_F0018_Data
569b37ddf7ce668cb24da59337ea818b6eb4e37ce629a1046f9e6824f17a0f63,0.25,32.9375,16.70962871121518,4,c2c12,c2c12_090318_exp1_F0018_Data
569b37ddf7ce668cb24da59337ea818b6eb4e37ce629a1046f9e6824f17a0f63,0.5,36.935,1.7319064639870132,4,c2c12,c2c12_090318_exp1_F0018_Data
56a171ce511371ac21eaec4001f96354dbb1ee989d3c96064c69e79eb8ba00ba,0.25,5.1225000000000005,3.492023052615776,4,c2c12,c2c12_090325_exp1_F0005_Data
56a171ce511371ac21eaec4001f96354dbb1ee989d3c96064c69e79eb8ba00ba,0.5,6.46,1.1525623627379127,4,c2c12,c2c12_090325_exp1_F0005_Data
56b364a478294ae44a5ef40dacc5848cc2f03dc36900f8217d8f69a78e62cb4b,0.25,9.2025,3.26270210101995,4,c2c12,c2c12_090303_exp1_F0010_Data
56b364a478294ae44a5ef40dacc5848cc2f03dc36900f8217d8f69a78e62cb4b,0.5,8.835,2.1979005133687624,4,c2c12,c2c12_090303_exp1_F0010_Data
56d5bae17f7641ea44d0a7789d713576e47c834b9e7b040871ea1d5faa696693,0.25,2.995,3.1577470871915416,4,c2c12,c2c12_090325_exp1_F0013_Data
56d5bae17f7641ea44d0a7789d713576e47c834b9e7b040871ea1d5faa696693,0.5,2.86,1.1074595553186883,4,c2c12,c2c12_090325_exp1_F0013_Data
56f1a2fde989ff9cbdbf795ad3be6622e71763b077a4bac2cba0c362f636fbc1,0.25,15.695,1.9100174519272513,4,c2c12,c2c12_090303_exp1_F0001_Data
56f1a2fde989ff9cbdbf795ad3be6622e71763b077a4bac2cba0c362f636fbc1,0.5,15.5825,0.6670519719881901,4,c2c12,c2c12_090303_exp1_F0001_Data
5713ac09fc65a6cacb45d4e1d63bffb6e9e53913f678b46a32338a70bd93ec21,0.25,24.14,2.1358682855769313,4,c2c12,c2c12_090325_exp1_F0016_Data
5713ac09fc65a6cacb45d4e1d63bffb6e9e53913f678b46a32338a70bd93ec21,0.5,24.525,3.582713124621246,4,c2c12,c2c12_090325_exp1_F0016_Data
571d8529296532cc5277d80d758884bd78a9b029893d8bead0530d29321d23e3,0.25,3.0075,0.977492540465996,4,c2c12,c2c12_090318_exp1_F0018_Data
571d8529296532cc5277d80d758884bd78a9b029893d8bead0530d29321d23e3,0.5,7.4625,2.486756589080108,4,c2c12,c2c12_090318_exp1_F0018_Data
5726f4450a59081f59a08b6c3f47adb1f666209594644a131e5197c3dfaaab82,0.25,1.6425,1.3479212390442799,4,c2c12,c2c12_090325_exp1_F0003_Data
5726f4450a59081f59a08b6c3f47adb1f666209594644a131e5197c3dfaaab82,0.5,4.7975,1.1951952420699583,4,c2c12,c2c12_090325_exp1_F0003_Data
57583f7607a88451231b737562143e3bdcfe7db5c546fbb25052c07e132c3a00,0.25,4.447500000000001,3.9314405756668886,4,c2c12,c2c12_090325_exp1_F0018_Data
57583f7607a88451231b737562143e3bdcfe7db5c546fbb25052c07e132c3a00,0.5,3.665,1.3069685025533964,4,c2c12,c2c12_090325_exp1_F0018_Data
57ad903a9388a829d9646aec9e2fd49b667721bb5ce8dea4c002389e11a4da22,0.25,17.3325,5.646741685845623,4,c2c12,c2c12_090303_exp1_F0007_Data
57ad903a9388a829d9646aec9e2fd49b667721bb5ce8dea4c002389e11a4da22,0.5,11.85,3.6187014245444455,4,c2c12,c2c12_090303_exp1_F0007_Data
57b18ac74970c1f0cd475e40ee51d106f48824a094517a47ea74734336910a05,0.25,40.805,11.083238094828905,4,c2c12,c2c12_090325_exp1_F0013_Data
57b18ac74970c1f0cd475e40ee51d106f48824a094517a47ea74734336910a05,0.5,40.74,2.031830045386015,4,c2c12,c2c12_090325_exp1_F0013_Data
57d6978bfe411c65ab5dcfad7bcfbfb8396ffccf4945feb9e6e0000884250048,0.25,8.07,2.9323142169055942,4,c2c12,c2c12_090303_exp1_F0001_Data
57d6978bfe411c65ab5dcfad7bcfbfb8396ffccf4945feb9e6e0000884250048,0.5,5.949999999999999,1.568587474980808,4,c2c12,c2c12_090303_exp1_F0001_Data
5837d35956ca86c2431c92b1320447783ab0f313c201835482bbe400cc7851ac,0.25,50.8575,20.00564149600474,4,c2c12,c2c12_090318_exp1_F0001_Data
5837d35956ca86c2431c92b1320447783ab0f313c201835482bbe400cc7851ac,0.5,41.480000000000004,9.288577214335179,4,c2c12,c2c12_090318_exp1_F0001_Data
58437099dc7c36cb1f8a850e44fad98d872a0df334f25a601cf25393259ed23a,0.25,4.32,2.7046503162762714,4,c2c12,c2c12_090303_exp1_F0005_Data
58437099dc7c36cb1f8a850e44fad98d872a0df334f25a601cf25393259ed23a,0.5,2.7325,0.5539780380725093,4,c2c12,c2c12_090303_exp1_F0005_Data
589d2ee238f1a737f38c3a1e1c9746c466b3c05ccd8374fa5fe932c89a013ec7,0.25,6.3775,3.693159216714059,4,c2c12,c2c12_090318_exp1_F0007_Data
589d2ee238f1a737f38c3a1e1c9746c466b3c05ccd8374fa5fe932c89a013ec7,0.5,6.3325,1.9264193901294355,4,c2c12,c2c12_090318_exp1_F0007_Data
58c7870427796a62cfe2c2557bc24b508a0905d7b9f4976c22fc34cfa83efcfd,0.25,44.975,16.916635796359355,4,c2c12,c2c12_090303_exp1_F0003_Data
58c7870427796a62cfe2c2557bc24b508a0905d7b9f4976c22fc34cfa83efcfd,0.5,41.3975,2.1117350686106406,4,c2c12,c2c12_090303_exp1_F0003_Data
58d85ef190e5b6d52bc076247fe95fa89ee448bf7b5ecd01a17bf4543b1a92d6,0.25,15.780000000000001,5.233985097418602,4,c2c12,c2c12_090303_exp1_F0005_Data
58d85ef190e5b6d52bc076247fe95fa89ee448bf7b5ecd01a17bf4543b1a92d6,0.5,23.2375,2.641721345385745,4,c2c12,c2c12_090303_exp1_F0005_Data
58dbe5277220c1a79692e6dab59244a184b342f928c3a6f83a9c5b8165a063b8,0.25,21.2675,7.8619012755609345,4,c2c12,c2c12_090318_exp1_F0018_Data
58dbe5277220c1a79692e6dab59244a184b342f928c3a6f83a9c5b8165a063b8,0.5,25.1225,4.5702179014426285,4,c2c12,c2c12_090318_exp1_F0018_Data
58e9fb0f81da98b0337295881ae953af0017297b4e66f36f05036a30bc03562d,0.25,8.809999999999999,3.0360390862657436,4,c2c12,c2c12_090303_exp1_F0001_Data
58e9fb0f81da98b0337295881ae953af0017297b4e66f36f05036a30bc03562d,0.5,8.425,1.8468441551287789,4,c2c12,c2c12_090303_exp1_F0001_Data
592bf2a6f86bf8060b20bd37e4829c9f9904d506720e3b14b151cb1eabe3b2b9,0.25,27.63,2.4808869381735223,4,c2c12,c2c12_090325_exp1_F0018_Data
592bf2a6f86bf8060b20bd37e4829c9f9904d506720e3b14b151cb1eabe3b2b9,0.5,20.2325,5.679456400043932,4,c2c12,c2c12_090325_exp1_F0018_Data
595253439d1f6ff9a4858f88bc353c6493f835f891881d167b634f7addb5ebad,0.25,14.765,8.557719711854709,4,c2c12,c2c12_090318_exp1_F0018_Data
595253439d1f6ff9a4858f88bc353c6493f835f891881d167b634f7addb5ebad,0.5,19.1625,4.648091902419028,4,c2c12,c2c12_090318_exp1_F0018_Data
595b510db396550ed3cfb224872e9af923a9ba57945f6840b0c3895b940462b8,0.25,18.31,12.15375113562338,4,c2c12,c2c12_090318_exp1_F0013_Data
595b510db396550ed3cfb224872e9af923a9ba57945f6840b0c3895b940462b8,0.5,18.7525,5.517870211111047,4,c2c12,c2c12_090318_exp1_F0013_Data
595c8f29ef09b974f88182f87ad1f82d8d7a100f592bac6b780e9d54933b7a41,0.25,1.6625,1.8118199873791732,4,c2c12,c2c12_090303_exp1_F0001_Data
595c8f29ef09b974f88182f87ad1f82d8d7a100f592bac6b780e9d54933b7a41,0.5,3.6375,1.0159519345585861,4,c2c12,c2c12_090303_exp1_F0001_Data
59610f96c6302ef5ea4f7d242ede0237bc960615186c0dd62a5c3e023cb73fa2,0.25,26.745,10.120304672620616,4,c2c12,c2c12_090325_exp1_F0007_Data
59610f96c6302ef5ea4f7d242ede0237bc960615186c0dd62a5c3e023cb73fa2,0.5,27.802500000000002,5.826773692762286,4,c2c12,c2c12_090325_exp1_F0007_Data
5962b09f96ade488748e0342f262d7cf69807e20b03e98401244fd05a0b6cb39,0.25,11.9775,4.049299322104998,4,c2c12,c2c12_090325_exp1_F0005_Data
5962b09f96ade488748e0342f262d7cf69807e20b03e98401244fd05a0b6cb39,0.5,13.145,2.737157893387469,4,c2c12,c2c12_090325_exp1_F0005_Data
596a213d2c105ccdbc3df8118aab5f7670b6523cb2a6adf44afd436cd7f87dd0,0.25,43.325,12.949585578954512,4,c2c12,c2c12_090325_exp1_F0001_Data
596a213d2c105ccdbc3df8118aab5f7670b6523cb2a6adf44afd436cd7f87dd0,0.5,44.3575,1.1571912835251887,4,c2c12,c2c12_090325_exp1_F0001_Data
59cf04245e26b3cabb9945f52f1e8892eaf23de2e1725b7234cd82f43adcfacd,0.25,55.822500000000005,21.384950120743017,4,c2c12,c2c12_090318_exp1_F0011_Data
59cf04245e26b3cabb9945f52f1e8892eaf23de2e1725b7234cd82f43adcfacd,0.5,50.3575,4.050723186461071,4,c2c12,c2c12_090318_exp1_F0011_Data
5a0eb8fbdaddae867262e1fb7276726bed702b4a06f3325146ec76139b9b5678,0.25,25.085,10.591797140554885,4,c2c12,c2c12_090325_exp1_F0003_Data
5a0eb8fbdaddae867262e1fb7276726bed702b4a06f3325146ec76139b9b5678,0.5,24.8175,3.9534910733004907,4,c2c12,c2c12_090325_exp1_F0003_Data
5a3f92d3eba0c8d1ca173869349711933dceef9f1984cb67aef47799c331feac,0.25,10.657499999999999,2.004850368481398,4,c2c12,c2c12_090325_exp1_F0016_Data
5a3f92d3eba0c8d1ca173869349711933dceef9f1984cb67aef47799c331feac,0.5,11.629999999999999,2.5295190583719003,4,c2c12,c2c12_090325_exp1_F0016_Data
5a4139a2b5c34d659fabda024b1f4ac21143101cc40378f8b706657fed0021aa,0.25,50.8725,19.913224039985757,4,c2c12,c2c12_090318_exp1_F0013_Data
5a4139a2b5c34d659fabda024b1f4ac21143101cc40378f8b706657fed0021aa,0.5,54.7825,4.657756076338333,4,c2c12,c2c12_090318_exp1_F0013_Data
5a5ae960ef11df0da796bd918e6ffbe6aebbd37062b8b1dc0000fe09dc1b3d50,0.25,9.54,1.270905189225381,4,c2c12,c2c12_090325_exp1_F0013_Data
5a5ae960ef11df0da796bd918e6ffbe6aebbd37062b8b1dc0000fe09dc1b3d50,0.5,13.2325,0.4182802091102727,4,c2c12,c2c12_090325_exp1_F0013_Data
5a8a8797bad474d8f2b5515412a1ef1422f58c410880f269b0700687b61cb62e,0.25,3.2875,2.551174566090425,4,c2c12,c2c12_090303_exp1_F0003_Data
5a8a8797bad474d8f2b5515412a1ef1422f58c410880f269b0700687b61cb62e,0.5,2.7975,0.8181432229954199,4,c2c12,c2c12_090303_exp1_F0003_Data
5a9b7f449777ac39e3d4940a3b07dc688a7bd57a1cda699c1f5bf349bb169a83,0.25,1.44,1.5335144820531257,4,c2c12,c2c12_090303_exp1_F0003_Data
5a9b7f449777ac39e3d4940a3b07dc688a7bd57a1cda699c1f5bf349bb169a83,0.5,3.9125,1.7661894009420391,4,c2c12,c2c12_090303_exp1_F0003_Data
5a9e70b92d57a8b99f4d508c620cf21db6d98ec7d7bcb77b1fc7a50050bc63c7,0.25,5.9725,1.701398934210708,4,c2c12,c2c12_090303_exp1_F0010_Data
5a9e70b92d57a8b99f4d508c620cf21db6d98ec7d7bcb77b1fc7a50050bc63c7,0.5,7.7125,2.1897849970564085,4,c2c12,c2c12_090303_exp1_F0010_Data
5abcd8542c98db34ef980b9b8411ef57a5140c6c1493fc1c7c84c6eb406430cf,0.25,31.35,18.797771144473483,4,c2c12,c2c12_090303_exp1_F0012_Data
5abcd8542c98db34ef980b9b8411ef57a5140c6c1493fc1c7c84c6eb406430cf,0.5,34.16,4.499222154995239,4,c2c12,c2c12_090303_exp1_F0012_Data
5acd3d1b3990c4675039c1e81da90738b0ea557bfed7f629dadb2b44d9cab1fb,0.25,33.905,7.0482456446031065,4,c2c12,c2c12_090303_exp1_F0014_Data
5acd3d1b3990c4675039c1e81da90738b0ea557bfed7f629dadb2b44d9cab1fb,0.5,33.9925,3.736623921848883,4,c2c12,c2c12_090303_exp1_F0014_Data
5af1add348e8539261e66d41e949eef06d37c63d19d9c1a02dad1d6ffa9490e1,0.25,10.5175,7.955389682473135,4,c2c12,c2c12_090318_exp1_F0018_Data
5af1add348e8539261e66d41e949eef06d37c63d19d9c1a02dad1d6ffa9490e1,0.5,8.705,1.668981725484135,4,c2c12,c2c12_090318_exp1_F0018_Data
5b1e919e4a630b5dabd847738b88922370825d8a913073248082ecf8522a5378,0.25,35.505,12.680416659821027,4,c2c12,c2c12_090325_exp1_F0011_Data
5b1e919e4a630b5dabd847738b88922370825d8a913073248082ecf8522a5378,0.5,40.707499999999996,3.479524632283364,4,c2c12,c2c12_090325_exp1_F0011_Data
5b354287386205d631061f04bbeefe5bbe68c1e97678ef7e55f3855394e06801,0.25,15.7125,8.297619638587122,4,c2c12,c2c12_090325_exp1_F0016_Data
5b354287386205d631061f04bbeefe5bbe68c1e97678ef7e55f3855394e06801,0.5,16.2225,4.315756982654762,4,c2c12,c2c12_090325_exp1_F0016_Data
5b58f395365672e3ddbf48ca72f43f1852e76a6cf9d906211bd16c60e2f1fbe6,0.25,20.07,9.589810564691394,4,c2c12,c2c12_090325_exp1_F0018_Data
5b58f395365672e3ddbf48ca72f43f1852e76a6cf9d906211bd16c60e2f1fbe6,0.5,20.2075,6.302461820590427,4,c2c12,c2c12_090325_exp1_F0018_Data
5b6df2de350525c49773f66f9e5db1c060f53f6c5bee054e9bd7407209f5e890,0.25,10.967500000000001,6.115359760471988,4,c2c12,c2c12_090325_exp1_F0018_Data
5b6df2de350525c49773f66f9e5db1c060f53f6c5bee054e9bd7407209f5e890,0.5,8.9125,3.6110144004143767,4,c2c12,c2c12_090325_exp1_F0018_Data
5b977755f6883de5625c2ec7ac7e0537bc1037886364a444437ee47e0d430ee6,0.25,4.2425,2.6696113949412186,4,c2c12,c2c12_090318_exp1_F0005_Data
5b977755f6883de5625c2ec7ac7e0537bc1037886364a444437ee47e0d430ee6,0.5,4.1975,1.02141650009517,4,c2c12,c2c12_090318_exp1_F0005_Data
5be43fd68d393a45b859f0b5e5d460fdea2658ed1b3939d0dae8cd620a6d52de,0.25,6.9,4.134980854449832,4,c2c12,c2c12_090325_exp1_F0005_Data
5be43fd68d393a45b859f0b5e5d460fdea2658ed1b3939d0dae8cd620a6d52de,0.5,7.4,1.1110055505411907,4,c2c12,c2c12_090325_exp1_F0005_Data
5bf36bc700610874f0a2ad7520f2aad7dfca02bb3c285561425375fa014315c3,0.25,32.2175,15.056744612741937,4,c2c12,c2c12_090303_exp1_F0012_Data
5bf36bc700610874f0a2ad7520f2aad7dfca02bb3c285561425375fa014315c3,0.5,45.36,6.935094327644958,4,c2c12,c2c12_090303_exp1_F0012_Data
5c15b838b61d1eaa6cc3f3db3f5ef5189eb03f01aef86367b0e95e23b75fc1a9,0.25,41.82,20.936413255378778,4,c2c12,c2c12_090325_exp1_F0003_Data
5c15b838b61d1eaa6cc3f3db3f5ef5189eb03f01aef86367b0e95e23b75fc1a9,0.5,32.9675,3.520230816295998,4,c2c12,c2c12_090325_exp1_F0003_Data
5c30417f6e6506653032ac061238f5b376e78b10d00becef1b6300cbe8e64c19,0.25,3.9225,2.9794672342551443,4,c2c12,c2c12_090318_exp1_F0016_Data
5c30417f6e6506653032ac061238f5b376e78b10d00becef1b6300cbe8e64c19,0.5,4.0075,0.9326440907441592,4,c2c12,c2c12_090318_exp1_F0016_Data
5c3eb2e7078f6b25bb4ad254888705ea033b429f483f19f6d3dd0658b16174a6,0.25,38.2325,8.830958328516786,4,c2c12,c2c12_090325_exp1_F0011_Data
5c3eb2e7078f6b25bb4ad254888705ea033b429f483f19f6d3dd0658b16174a6,0.5,40.0625,3.0029471634823466,4,c2c12,c2c12_090325_exp1_F0011_Data
5c5620a9c3280446c72f84313348303c64f8b25ccc259a33c892764c739824ac,0.25,12.889999999999999,8.694032436102363,4,c2c12,c2c12_090318_exp1_F0007_Data
5c5620a9c3280446c72f84313348303c64f8b25ccc259a33c892764c739824ac,0.5,13.32,2.288929880970582,4,c2c12,c2c12_090318_exp1_F0007_Data
5c58ca18479a631e78face23298195d38d49d598c0270dafa61206f6b89c6485,0.25,5.3375,4.154630950317168,4,c2c12,c2c12_090325_exp1_F0007_Data
5c58ca18479a631e78face23298195d38d49d598c0270dafa61206f6b89c6485,0.5,7.63,3.079967532296404,4,c2c12,c2c12_090325_exp1_F0007_Data
5c7c4d68c062caf7f8dba493bfe26cd21d01494967076b97aa1a852f44c4b60b,0.25,32.915,10.008704544878258,4,c2c12,c2c12_090325_exp1_F0001_Data
5c7c4d68c062caf7f8dba493bfe26cd21d01494967076b97aa1a852f44c4b60b,0.5,44.9725,2.1414072475827663,4,c2c12,c2c12_090325_exp1_F0001_Data
5c94dd98b360d580d10c55fa6d53c3b8389d250652b82e2f90362b69bff09edb,0.25,6.9875,4.888212863613859,4,c2c12,c2c12_090318_exp1_F0001_Data
5c94dd98b360d580d10c55fa6d53c3b8389d250652b82e2f90362b69bff09edb,0.5,11.7075,1.330898819094324,4,c2c12,c2c12_090318_exp1_F0001_Data
5ca98da3ee2b5066332f0cfefaf330447a2edda34f115c3b9ea6203b4e03c7df,0.25,3.2600000000000002,1.0087946603083633,4,c2c12,c2c12_090318_exp1_F0001_Data
5ca98da3ee2b5066332f0cfefaf330447a2edda34f115c3b9ea6203b4e03c7df,0.5,10.0025,1.288057322740982,4,c2c12,c2c12_090318_exp1_F0001_Data
5cc018ff48a152c0ebf6c2d3af6790d5ff01c3cdf9e9fac465ab465aa25d8d75,0.25,29.0175,18.84530954021893,4,c2c12,c2c12_090318_exp1_F0001_Data
5cc018ff48a152c0ebf6c2d3af6790d5ff01c3cdf9e9fac465ab465aa25d8d75,0.5,26.25,3.9291899080259958,4,c2c12,c2c12_090318_exp1_F0001_Data
5cd361c7e1c3af88067119f9008595724b1dc5e19cc9a99f6b3d5aa91bb8b971,0.25,10.05,5.9604250407723995,4,c2c12,c2c12_090303_exp1_F0012_Data
5cd361c7e1c3af88067119f9008595724b1dc5e19cc9a99f6b3d5aa91bb8b971,0.5,10.99,4.222597936499914,4,c2c12,c2c12_090303_exp1_F0012_Data
5cef66c8a66354a5f3b871bc67ba2bba4ef9e7b127b0e39fcffffd79b5e3db01,0.25,16.7675,5.182228446013034,4,c2c12,c2c12_090325_exp1_F0005_Data
5cef66c8a66354a5f3b871bc67ba2bba4ef9e7b127b0e39fcffffd79b5e3db01,0.5,21.4075,1.341277376235057,4,c2c12,c2c12_090325_exp1_F0005_Data
5d64c827da33bbf28e608629de3beddb7c10e7a5e059bf6b2aa4676224e9ce70,0.25,17.4925,6.523349727453423,4,c2c12,c2c12_090325_exp1_F0001_Data
5d64c827da33bbf28e608629de3beddb7c10e7a5e059bf6b2aa4676224e9ce70,0.5,20.735,3.369535081679173,4,c2c12,c2c12_090325_exp1_F0001_Data
5daa6c1164532aba89d1f81e9a89fd29b341ab35df4ab637159dee7fee5c41fe,0.25,35.675,5.907653228369677,4,c2c12,c2c12_090303_exp1_F0007_Data
5daa6c1164532aba89d1f81e9a89fd29b341ab35df4ab637159dee7fee5c41fe,0.5,25.4725,4.5953046688984625,4,c2c12,c2c12_090303_exp1_F0007_Data
5de56db2195ecfe41408d6f6b84d2fac9668901651e9713688e609b2053612d1,0.25,13.3625,5.917924044798142,4,c2c12,c2c12_090325_exp1_F0016_Data
5de56db2195ecfe41408d6f6b84d2fac9668901651e9713688e609b2053612d1,0.5,11.9575,3.8866727415618625,4,c2c12,c2c12_090325_exp1_F0016_Data
5de7318f083d67140e6e1785f33a8106b3cb805becebe330655f6549b6912157,0.25,27.9,5.995292597808162,4,c2c12,c2c12_090303_exp1_F0001_Data
5de7318f083d67140e6e1785f33a8106b3cb805becebe330655f6549b6912157,0.5,35.5675,3.0097881985282626,4,c2c12,c2c12_090303_exp1_F0001_Data
5e64c17afce71ca6b2468bf01271eacf32a9cb9f5e0c6ed54971638496c5741b,0.25,12.690000000000001,8.054903268610161,4,c2c12,c2c12_090303_exp1_F0016_Data
5e64c17afce71ca6b2468bf01271eacf32a9cb9f5e0c6ed54971638496c5741b,0.5,16.73,5.026443407950927,4,c2c12,c2c12_090303_exp1_F0016_Data
5eaf4e340f63288e92b42d6c51bca294d8f8a0274996412c08a753a71054f39e,0.25,34.8925,6.957376780559371,4,c2c12,c2c12_090303_exp1_F0003_Data
5eaf4e340f63288e92b42d6c51bca294d8f8a0274996412c08a753a71054f39e,0.5,40.065,2.957538390846912,4,c2c12,c2c12_090303_exp1_F0003_Data
5eba7efd883791f5126ef95e227afff3fc08bb4d32964a411a47718a1eaed9ae,0.25,28.9025,10.480166585826137,4,c2c12,c2c12_090325_exp1_F0016_Data
5eba7efd883791f5126ef95e227afff3fc08bb4d32964a411a47718a1eaed9ae,0.5,36.625,5.733704445353514,4,c2c12,c2c12_090325_exp1_F0016_Data
5ebc7b3320b6d036c9e1febe59c2482cfcc2005270702b02a247aab19f470a0a,0.25,7.2825,5.118114073237003,4,c2c12,c2c12_090325_exp1_F0007_Data
5ebc7b3320b6d036c9e1febe59c2482cfcc2005270702b02a247aab19f470a0a,0.5,7.005,1.5986348342674552,4,c2c12,c2c12_090325_exp1_F0007_Data
5ebee65b98b44336e2df0e6d022facde7727576d31a1175eaffe37e68647c744,0.25,5.605,6.400450504977494,4,c2c12,c2c12_090318_exp1_F0016_Data
5ebee65b98b44336e2df0e6d022facde7727576d31a1175eaffe37e68647c744,0.5,4.7425,0.7680874516181952,4,c2c12,c2c12_090318_exp1_F0016_Data
5ec5232dc597f8c47d7961ae6e33b944e212b34a3c60571c7f458a889b680754,0.25,37.7975,12.249898979175295,4,c2c12,c2c12_090303_exp1_F0012_Data
5ec5232dc597f8c47d7961ae6e33b944e212b34a3c60571c7f458a889b680754,0.5,37.9225,5.977833358890717,4,c2c12,c2c12_090303_exp1_F0012_Data
5ef9a229d783f12ba1b1c49f08943943ee68b14fa547b2665a4cc75e786777c8,0.25,14.3875,1.608713253918589,4,c2c12,c2c12_090325_exp1_F0005_Data
5ef9a229d783f12ba1b1c49f08943943ee68b14fa547b2665a4cc75e786777c8,0.5,13.4,1.288332255281999,4,c2c12,c2c12_090325_exp1_F0005_Data
5f01da4e95f9cba8dc4023c23bf4449f8508a243a0ecb29b4ef4d5a7910a447c,0.25,27.0275,9.93735838473519,4,c2c12,c2c12_090303_exp1_F0003_Data
5f01da4e95f9cba8dc4023c23bf4449f8508a243a0ecb29b4ef4d5a7910a447c,0.5,21.4725,4.0611113011095865,4,c2c12,c2c12_090303_exp1_F0003_Data
5f0ada5b49f83cc8d5d8522b495179746ca31cbf859e3f4412510ae74836f14a,0.25,28.182499999999997,23.322754804410792,4,c2c12,c2c12_090318_exp1_F0013_Data
5f0ada5b49f83cc8d5d8522b495179746ca31cbf859e3f4412510ae74836f14a,0.5,38.08,7.689295589757666,4,c2c12,c2c12_090318_exp1_F0013_Data
5f18798f37f20cf1033452d3fecda8278a7febf740988fb629f92f5716d2fdd3,0.25,20.0375,9.463045228677712,4,c2c12,c2c12_090325_exp1_F0001_Data
5f18798f37f20cf1033452d3fecda8278a7febf740988fb629f92f5716d2fdd3,0.5,33.839999999999996,2.060825077487169,4,c2c12,c2c12_090325_exp1_F0001_Data
5fa15094b0a4fd7d1e3dc4345ce476422555aea6be7a04137b1cc65d9298a756,0.25,37.135000000000005,22.579472240658475,4,c2c12,c2c12_090318_exp1_F0011_Data
5fa15094b0a4fd7d1e3dc4345ce476422555aea6be7a04137b1cc65d9298a756,0.5,47.7,5.095625574941707,4,c2c12,c2c12_090318_exp1_F0011_Data
5fa1df62ad194b1cff5968efa66aa002cdc65fee8c0508092660cf8eb2e92f92,0.25,14.255,2.1640163277264497,4,c2c12,c2c12_090303_exp1_F0010_Data
5fa1df62ad194b1cff5968efa66aa002cdc65fee8c0508092660cf8eb2e92f92,0.5,7.085,0.8727160668472494,4,c2c12,c2c12_090303_exp1_F0010_Data
5fa7ee24e922eead4c5d7ce5ecbb1306fd0cadabbda709ce276d02458462800d,0.25,13.987499999999999,3.9261887796351997,4,c2c12,c2c12_090325_exp1_F0007_Data
5fa7ee24e922eead4c5d7ce5ecbb1306fd0cadabbda709ce276d02458462800d,0.5,13.635,1.2887332281482209,4,c2c12,c2c12_090325_exp1_F0007_Data
5fa89dd078081107cf6e35ec5146635e63d47df0939b4fb1af03ebe6a83b9b0e,0.25,13.275,6.983516306274368,4,c2c12,c2c12_090318_exp1_F0003_Data
5fa89dd078081107cf6e35ec5146635e63d47df0939b4fb1af03ebe6a83b9b0e,0.5,27.7225,2.9243845506362534,4,c2c12,c2c12_090318_exp1_F0003_Data
5fb4fd7691f82a77d780bf438d4ec1f4608fdb4935d88cedc675819f55e842ab,0.25,44.5925,10.350411827555464,4,c2c12,c2c12_090318_exp1_F0011_Data
5fb4fd7691f82a77d780bf438d4ec1f4608fdb4935d88cedc675819f55e842ab,0.5,48.425,4.290411790648228,4,c2c12,c2c12_090318_exp1_F0011_Data
5ff79a050a2dc0e56e8ca4f592d6a146782fd4e418f0b4f645d25cc9cf56e1a3,0.25,12.3175,5.605517371304812,4,c2c12,c2c12_090325_exp1_F0011_Data
5ff79a050a2dc0e56e8ca4f592d6a146782fd4e418f0b4f645d25cc9cf56e1a3,0.5,12.947500000000002,1.9215683698479222,4,c2c12,c2c12_090325_exp1_F0011_Data
6011a502a3219d917e04678348f731bae9c522907e5b6572a9e8c37703b447ec,0.25,15.4375,4.111766651939285,4,c2c12,c2c12_090318_exp1_F0007_Data
6011a502a3219d917e04678348f731bae9c522907e5b6572a9e8c37703b447ec,0.5,13.587499999999999,1.8401517147597735,4,c2c12,c2c12_090318_exp1_F0007_Data
602c467d2f0eb74b6ceaf5b37ad699482b4ba1d0b4fa8b7cf321882a3b857acf,0.25,8.02,3.203841444266554,4,c2c12,c2c12_090303_exp1_F0010_Data
602c467d2f0eb74b6ceaf5b37ad699482b4ba1d0b4fa8b7cf321882a3b857acf,0.5,7.005,2.319978448175758,4,c2c12,c2c12_090303_exp1_F0010_Data
605ce7e583bd573db64a6e495dd2de588c2a3c701cac08be86f922ab2c2f8e46,0.25,8.525,5.617796127782969,4,c2c12,c2c12_090318_exp1_F0016_Data
605ce7e583bd573db64a6e495dd2de588c2a3c701cac08be86f922ab2c2f8e46,0.5,8.415,1.3107122745540556,4,c2c12,c2c12_090318_exp1_F0016_Data
607b17186da20fa62e5a5dbbcd0d990cbdfc40d2da0108336c1a06f819872b60,0.25,60.26,6.092711492704486,4,c2c12,c2c12_090325_exp1_F0001_Data
607b17186da20fa62e5a5dbbcd0d990cbdfc40d2da0108336c1a06f819872b60,0.5,58.335,3.161270841502413,4,c2c12,c2c12_090325_exp1_F0001_Data
60aed9bb1bf30cdcaa6358ba6cd85c5a1f38ce801c2ea0cc2da1c86910b59da1,0.25,26.5825,10.93955628289679,4,c2c12,c2c12_090303_exp1_F0007_Data
60aed9bb1bf30cdcaa6358ba6cd85c5a1f38ce801c2ea0cc2da1c86910b59da1,0.5,22.56,3.341187413679953,4,c2c12,c2c12_090303_exp1_F0007_Data
60c95ef5bf724d21d8d983f47a04a2a31f703c5c31e919f6fccd8d42758a8169,0.25,16.5375,7.946724167856841,4,c2c12,c2c12_090318_exp1_F0007_Data
60c95ef5bf724d21d8d983f47a04a2a31f703c5c31e919f6fccd8d42758a8169,0.5,17.354999999999997,4.19158283547715,4,c2c12,c2c12_090318_exp1_F0007_Data
60dfa4310be1e09ec48d044a8a4827d8dca897ee8415b6b6944d8a4acefe2745,0.25,3.6125,1.7599692232157547,4,c2c12,c2c12_090325_exp1_F0016_Data
60dfa4310be1e09ec48d044a8a4827d8dca897ee8415b6b6944d8a4acefe2745,0.5,6.6975,2.513740572665896,4,c2c12,c2c12_090325_exp1_F0016_Data
60faeb1c3450a99629cadbcaf899391adbd391ce9fbf46d05d584dfec597b060,0.25,6.225,2.355284837693026,4,c2c12,c2c12_090303_exp1_F0014_Data
60faeb1c3450a99629cadbcaf899391adbd391ce9fbf46d05d584dfec597b060,0.5,8.705,0.6493843238021683,4,c2c12,c2c12_090303_exp1_F0014_Data
6118d9947c2521dd957a661b5fb7f99ac6e1fdd062056dcd679641227d42f80d,0.25,11.1375,8.502358006263126,4,c2c12,c2c12_090318_exp1_F0018_Data
6118d9947c2521dd957a661b5fb7f99ac6e1fdd062056dcd679641227d42f80d,0.5,12.7625,3.1294448389450795,4,c2c12,c2c12_090318_exp1_F0018_Data
6130f9a808f7d30fb114f7c9d2001fd86f7fecedb8b08265f74ad9bc12e5f275,0.25,15.735,8.344313432911463,4,c2c12,c2c12_090318_exp1_F0018_Data
6130f9a808f7d30fb114f7c9d2001fd86f7fecedb8b08265f74ad9bc12e5f275,0.5,17.8675,4.0356277908978,4,c2c12,c2c12_090318_exp1_F0018_Data
6140cbe6bfc9aab61e283785cabb43949f6ab96bbcb0aaec2ca4d4da5d77b0e7,0.25,16.475,7.760234102998011,4,c2c12,c2c12_090318_exp1_F0018_Data
6140cbe6bfc9aab61e283785cabb43949f6ab96bbcb0aaec2ca4d4da5d77b0e7,0.5,15.2575,3.5991329974499875,4,c2c12,c2c12_090318_exp1_F0018_Data
615343b94e039c427398729974aedf30657e54b7e01a2fe2ea0d8425623e4289,0.25,4.3175,2.4775037840536185,4,c2c12,c2c12_090303_exp1_F0012_Data
615343b94e039c427398729974aedf30657e54b7e01a2fe2ea0d8425623e4289,0.5,6.7,1.2421755109484323,4,c2c12,c2c12_090303_exp1_F0012_Data
615e94dcb8891a94a816e901ce0c3f5cb127b292c2b184a5f2c0abe27781e44e,0.25,31.2025,16.217481051836216,4,c2c12,c2c12_090318_exp1_F0001_Data
615e94dcb8891a94a816e901ce0c3f5cb127b292c2b184a5f2c0abe27781e44e,0.5,27.895,4.152802266743105,4,c2c12,c2c12_090318_exp1_F0001_Data
6177d2583ac3b1cf0bf55e21235c5cab76b11c71871ddf71aa3f94ce88806a0d,0.25,25.779999999999998,15.603559422986368,4,c2c12,c2c12_090318_exp1_F0013_Data
6177d2583ac3b1cf0bf55e21235c5cab76b11c71871ddf71aa3f94ce88806a0d,0.5,16.14,8.206875166590509,4,c2c12,c2c12_090318_exp1_F0013_Data
617b89a64d8f3155f1cc1982681bd7424ed2b4031d7fdf99f5e2a8bf25b18fc5,0.25,19.1575,3.9259170903115117,4,c2c12,c2c12_090325_exp1_F0011_Data
617b89a64d8f3155f1cc1982681bd7424ed2b4031d7fdf99f5e2a8bf25b18fc5,0.5,22.815,3.7849394535007646,4,c2c12,c2c12_090325_exp1_F0011_Data
61985a6863705f1e52fe38ce6cb9ea9a6e8c538a0458fba53a9825b05c729521,0.25,17.0,4.379345460986911,4,c2c12,c2c12_090325_exp1_F0018_Data
61985a6863705f1e52fe38ce6cb9ea9a6e8c538a0458fba53a9825b05c729521,0.5,19.3375,4.293051556488304,4,c2c12,c2c12_090325_exp1_F0018_Data
619c5ff22cdae3f5ac0e4654072479db2a7e23f9a3baafef33399bc1ab6cb888,0.25,23.925,1.8966022250329675,4,c2c12,c2c12_090325_exp1_F0005_Data
619c5ff22cdae3f5ac0e4654072479db2a7e23f9a3baafef33399bc1ab6cb888,0.5,18.162499999999998,1.4843489032793682,4,c2c12,c2c12_090325_exp1_F0005_Data
61f253fff9f7e6581ef1fee07ea6aa76e0e39e767eccbd024bcf05ba3479d8f5,0.25,8.125,5.664229868216862,4,c2c12,c2c12_090318_exp1_F0007_Data
61f253fff9f7e6581ef1fee07ea6aa76e0e39e767eccbd024bcf05ba3479d8f5,0.5,9.265,1.2071039723238426,4,c2c12,c2c12_090318_exp1_F0007_Data
61f6cc2902af647693844a8d408ad1ff5f1bbf3c776d4050f7d0636c93ccfe69,0.25,6.1925,0.7348639329835146,4,c2c12,c2c12_090325_exp1_F0005_Data
61f6cc2902af647693844a8d408ad1ff5f1bbf3c776d4050f7d0636c93ccfe69,0.5,6.5775,0.9077949474780448,4,c2c12,c2c12_090325_exp1_F0005_Data
61f79dd097fa723cca7752c19ef9a297ba6e99e036f88eb7a70ce210159dc6c3,0.25,8.8675,8.026582398505605,4,c2c12,c2c12_090318_exp1_F0003_Data
61f79dd097fa723cca7752c19ef9a297ba6e99e036f88eb7a70ce210159dc6c3,0.5,8.95,0.8804165680706686,4,c2c12,c2c12_090318_exp1_F0003_Data
61fe66952509eb21f5befeeafb24fa55fa1409c0050f9d4e23944cb7c9dcc1d5,0.25,23.2575,13.731092151269932,4,c2c12,c2c12_090318_exp1_F0011_Data
61fe66952509eb21f5befeeafb24fa55fa1409c0050f9d4e23944cb7c9dcc1d5,0.5,18.7425,7.5291716011789775,4,c2c12,c2c12_090318_exp1_F0011_Data
621d334a12bb701db9026eb7c26e91463139c2df4c2d3067f395498d354e611e,0.25,17.48,5.325892726419989,4,c2c12,c2c12_090318_exp1_F0011_Data
621d334a12bb701db9026eb7c26e91463139c2df4c2d3067f395498d354e611e,0.5,19.1375,3.353837354434469,4,c2c12,c2c12_090318_exp1_F0011_Data
6260748095efc116a3fe31c1354f0ca8af2017d3f8c5025cd1fd6131a0c65812,0.25,18.265,4.6738741959962935,4,c2c12,c2c12_090318_exp1_F0003_Data
6260748095efc116a3fe31c1354f0ca8af2017d3f8c5025cd1fd6131a0c65812,0.5,17.865,2.1662640651591842,4,c2c12,c2c12_090318_exp1_F0003_Data
6276ab0adfbca440d1a67b8082161e11b515d02d84b9ee2cdbc55a7ba2575b04,0.25,5.78,1.9083675397225421,4,c2c12,c2c12_090318_exp1_F0011_Data
6276ab0adfbca440d1a67b8082161e11b515d02d84b9ee2cdbc55a7ba2575b04,0.5,6.4325,2.6078135797381425,4,c2c12,c2c12_090318_exp1_F0011_Data
63277a05d113d74feb019e20d4b3d46f65a0a097aef3c30087f319aa805b7b42,0.25,16.0425,3.166747805978029,4,c2c12,c2c12_090303_exp1_F0007_Data
63277a05d113d74feb019e20d4b3d46f65a0a097aef3c30087f319aa805b7b42,0.5,22.75,1.8502252115170559,4,c2c12,c2c12_090303_exp1_F0007_Data
6330c502a8ade5382168fef019e725b51930c4d7f8239fc1f807e1119e10df85,0.25,13.4075,1.495757890390911,4,c2c12,c2c12_090303_exp1_F0005_Data
6330c502a8ade5382168fef019e725b51930c4d7f8239fc1f807e1119e10df85,0.5,12.7625,1.8606875969203782,4,c2c12,c2c12_090303_exp1_F0005_Data
63381efa4fa69b1157f0a6150cadfd58d254a86671af957136ffc87aa100c39a,0.25,18.975,6.503791202060532,4,c2c12,c2c12_090325_exp1_F0016_Data
63381efa4fa69b1157f0a6150cadfd58d254a86671af957136ffc87aa100c39a,0.5,23.2825,1.689247860242343,4,c2c12,c2c12_090325_exp1_F0016_Data
635af86782bd4cbdf807b789ffbeb91224b19e72393443f967f319c1cdb5774a,0.25,22.7275,9.754839397276958,4,c2c12,c2c12_090325_exp1_F0007_Data
635af86782bd4cbdf807b789ffbeb91224b19e72393443f967f319c1cdb5774a,0.5,26.2075,8.032605949088587,4,c2c12,c2c12_090325_exp1_F0007_Data
635d677f856a3b46568c37b0e2ed6a1cdaee01c95609546661d88a38402cb03e,0.25,7.0425,4.720433419365924,4,c2c12,c2c12_090303_exp1_F0007_Data
635d677f856a3b46568c37b0e2ed6a1cdaee01c95609546661d88a38402cb03e,0.5,7.2275,3.4758152520907477,4,c2c12,c2c12_090303_exp1_F0007_Data
636b6acf8886ea9afeeaebc299f2cf957d0c1fcdff26974fbd8044edc094a8d3,0.25,30.595,8.617596339273886,4,c2c12,c2c12_090325_exp1_F0005_Data
636b6acf8886ea9afeeaebc299f2cf957d0c1fcdff26974fbd8044edc094a8d3,0.5,25.545,3.624274640071674,4,c2c12,c2c12_090325_exp1_F0005_Data
63a6a969b43b4c784ad8ad10535490605d22bdf4181692650befcef736b2d183,0.25,10.0525,5.879378510239554,4,c2c12,c2c12_090325_exp1_F0018_Data
63a6a969b43b4c784ad8ad10535490605d22bdf4181692650befcef736b2d183,0.5,10.225,5.237432577131662,4,c2c12,c2c12_090325_exp1_F0018_Data
63d30bf7e103eb237d843f620c6bda96fc1b4b149cf6989bd3a70f50bfef5c20,0.25,12.7875,6.117212736750837,4,c2c12,c2c12_090318_exp1_F0005_Data
63d30bf7e103eb237d843f620c6bda96fc1b4b149cf6989bd3a70f50bfef5c20,0.5,17.875,2.2111460075414886,4,c2c12,c2c12_090318_exp1_F0005_Data
63e40fb53209f83f96bbec08d1f90c8ee3d63af8e1d6ba910f635ded2746bc8f,0.25,12.7725,8.515951209348255,4,c2c12,c2c12_090325_exp1_F0011_Data
63e40fb53209f83f96bbec08d1f90c8ee3d63af8e1d6ba910f635ded2746bc8f,0.5,24.845,2.2122763540450054,4,c2c12,c2c12_090325_exp1_F0011_Data
63fd3fc1abf6620afd1bb1c4b836d07d280b035110ce6c4500eec540ee4012f1,0.25,7.0225,4.871682631972927,4,c2c12,c2c12_090318_exp1_F0003_Data
63fd3fc1abf6620afd1bb1c4b836d07d280b035110ce6c4500eec540ee4012f1,0.5,10.24,1.664471888217602,4,c2c12,c2c12_090318_exp1_F0003_Data
6446ede9c07d4f8d85bb8929b6c51bf7b58acbd9547fc7b93f0487ea8dc4c05f,0.25,5.1125,3.4066246735833206,4,c2c12,c2c12_090318_exp1_F0011_Data
6446ede9c07d4f8d85bb8929b6c51bf7b58acbd9547fc7b93f0487ea8dc4c05f,0.5,8.7125,2.39764293977787,4,c2c12,c2c12_090318_exp1_F0011_Data
64750d9aa6b35022a3f37fa2769a3743894065aa83609db4dca5dfd40e8475fa,0.25,40.7375,7.510478790774037,4,c2c12,c2c12_090325_exp1_F0007_Data
64750d9aa6b35022a3f37fa2769a3743894065aa83609db4dca5dfd40e8475fa,0.5,29.490000000000002,3.317961221392841,4,c2c12,c2c12_090325_exp1_F0007_Data
647575fc23c34d90d3edf08a00e00d76024c1a63a5d55a4065110ef7a5960f14,0.25,3.0775,2.629073030556588,4,c2c12,c2c12_090318_exp1_F0003_Data
647575fc23c34d90d3edf08a00e00d76024c1a63a5d55a4065110ef7a5960f14,0.5,10.19,1.4963288408635302,4,c2c12,c2c12_090318_exp1_F0003_Data
647800b7a73555ddf2a8afbf50dadeef3ab8c13da5d2c0a07252c7080a45e2db,0.25,22.947499999999998,7.474513919535727,4,c2c12,c2c12_090303_exp1_F0003_Data
647800b7a73555ddf2a8afbf50dadeef3ab8c13da5d2c0a07252c7080a45e2db,0.5,34.142500000000005,7.267215766715614,4,c2c12,c2c12_090303_exp1_F0003_Data
649a5c5bbc1ccdfce6d5dfc3397aa5cb0c2820b55bd5062031a933565be75f38,0.25,50.15,19.320255346828795,4,c2c12,c2c12_090318_exp1_F0013_Data
649a5c5bbc1ccdfce6d5dfc3397aa5cb0c2820b55bd5062031a933565be75f38,0.5,47.14,10.34875515863301,4,c2c12,c2c12_090318_exp1_F0013_Data
64be580f7b037e8427661bac8ffe2d90f1a8de0f75456f5fd21cbdf2ce142115,0.25,20.060000000000002,3.213513134665341,4,c2c12,c2c12_090325_exp1_F0018_Data
64be580f7b037e8427661bac8ffe2d90f1a8de0f75456f5fd21cbdf2ce142115,0.5,17.83,4.082784997196562,4,c2c12,c2c12_090325_exp1_F0018_Data
64c6d0d6e2b4431e86d4ae2637bd7c485ce5ca0f3847309dad5bd5315f107143,0.25,9.365,3.7362235836023876,4,c2c12,c2c12_090325_exp1_F0007_Data
64c6d0d6e2b4431e86d4ae2637bd7c485ce5ca0f3847309dad5bd5315f107143,0.5,7.755,2.8293992295185206,4,c2c12,c2c12_090325_exp1_F0007_Data
652bfbd2a69441aba9e09248da5181691c285447d6137140fc82dcc66f53e385,0.25,8.7775,3.082654429762333,4,c2c12,c2c12_090325_exp1_F0018_Data
652bfbd2a69441aba9e09248da5181691c285447d6137140fc82dcc66f53e385,0.5,11.0325,0.38612390066747543,4,c2c12,c2c12_090325_exp1_F0018_Data
6554e4395d718728a37f0c3ac1d751b399ccbcd17031bdfc7d97ec29f7d33da2,0.25,19.075000000000003,3.9454319577624624,4,c2c12,c2c12_090303_exp1_F0005_Data
6554e4395d718728a37f0c3ac1d751b399ccbcd17031bdfc7d97ec29f7d33da2,0.5,20.2825,2.14075337206321,4,c2c12,c2c12_090303_exp1_F0005_Data
65598962d08a9040d5acd8830b9a195992cbaa188ad0a0ad04e27a6acc8adeec,0.25,19.1125,10.445331891966541,4,c2c12,c2c12_090325_exp1_F0016_Data
65598962d08a9040d5acd8830b9a195992cbaa188ad0a0ad04e27a6acc8adeec,0.5,15.6675,2.115204875813846,4,c2c12,c2c12_090325_exp1_F0016_Data
6591a13098d393a67f1a1afd06747ebef0daefa545822a9be5224e3b55ae4a2d,0.25,9.5525,3.4881071753411863,4,c2c12,c2c12_090325_exp1_F0005_Data
6591a13098d393a67f1a1afd06747ebef0daefa545822a9be5224e3b55ae4a2d,0.5,10.83,2.4685083215037644,4,c2c12,c2c12_090325_exp1_F0005_Data
65b44cc34cd6e4756a2b931d86eb47bd074c0bcdde19a678f3db7dbad7bc1d02,0.25,11.372499999999999,8.034539501427572,4,c2c12,c2c12_090318_exp1_F0001_Data
65b44cc34cd6e4756a2b931d86eb47bd074c0bcdde19a678f3db7dbad7bc1d02,0.5,13.835,1.9117269679533215,4,c2c12,c2c12_090318_exp1_F0001_Data
6624942191411092210131554df13ae5db9d8ba652a3e57bb020607880376b5d,0.25,12.995000000000001,1.713524632640764,4,c2c12,c2c12_090325_exp1_F0007_Data
6624942191411092210131554df13ae5db9d8ba652a3e57bb020607880376b5d,0.5,7.965,0.9595311355031684,4,c2c12,c2c12_090325_exp1_F0007_Data
6650a335a9052ad6a5dc588fe787c44a5bfef5251e515540f89a3ed6841c10a4,0.25,34.8725,13.291436779621181,4,c2c12,c2c12_090318_exp1_F0011_Data
6650a335a9052ad6a5dc588fe787c44a5bfef5251e515540f89a3ed6841c10a4,0.5,39.4975,9.907961024684475,4,c2c12,c2c12_090318_exp1_F0011_Data
666845a741a3c44d778e77fa01b063dbb7543c8570580a4947c9d7937363ca32,0.25,2.6825,2.3546602727357504,4,c2c12,c2c12_090318_exp1_F0005_Data
666845a741a3c44d778e77fa01b063dbb7543c8570580a4947c9d7937363ca32,0.5,3.6775,0.25263610193319563,4,c2c12,c2c12_090318_exp1_F0005_Data
6694c1d25be2dd9a5b06fecc871d7176b0eac9eb0726e3d92fa2d2b689f2176d,0.25,10.6725,1.7770832844861273,4,c2c12,c2c12_090325_exp1_F0011_Data
6694c1d25be2dd9a5b06fecc871d7176b0eac9eb0726e3d92fa2d2b689f2176d,0.5,13.465,2.951547616646788,4,c2c12,c2c12_090325_exp1_F0011_Data
66a2c85fd80bea4d97c7ca72adfb71cc50eaaed1a37824987bc308613907c31b,0.25,5.035,5.415130038450909,4,c2c12,c2c12_090303_exp1_F0003_Data
66a2c85fd80bea4d97c7ca72adfb71cc50eaaed1a37824987bc308613907c31b,0.5,5.0425,1.8057939158903673,4,c2c12,c2c12_090303_exp1_F0003_Data
66f0a825b9b9e34811eeaffaf395ad6c70876619ea7fffc20970da427e588a0b,0.25,11.87,6.101557178294733,4,c2c12,c2c12_090303_exp1_F0012_Data
66f0a825b9b9e34811eeaffaf395ad6c70876619ea7fffc20970da427e588a0b,0.5,23.2725,3.4814592247121503,4,c2c12,c2c12_090303_exp1_F0012_Data
671c7d7523ed3a96e64c5ad8214825a8e1ab951cd21ca490af14059b6f3ffd40,0.25,14.45,0.7617961232070779,4,c2c12,c2c12_090318_exp1_F0005_Data
671c7d7523ed3a96e64c5ad8214825a8e1ab951cd21ca490af14059b6f3ffd40,0.5,11.96,2.0683004294992227,4,c2c12,c2c12_090318_exp1_F0005_Data
6727f726af598d7144c9277bbd95695ca43069e3f3595b00fe5cec9bb1bea162,0.25,30.805,14.929243115442928,4,c2c12,c2c12_090303_exp1_F0012_Data
6727f726af598d7144c9277bbd95695ca43069e3f3595b00fe5cec9bb1bea162,0.5,28.65,3.759122237969921,4,c2c12,c2c12_090303_exp1_F0012_Data
6742850889a6f1a3ff5891c0166d90ff7d5388c6c215b893aa33c8be399f8142,0.25,38.894999999999996,24.29389566674449,4,c2c12,c2c12_090318_exp1_F0003_Data
6742850889a6f1a3ff5891c0166d90ff7d5388c6c215b893aa33c8be399f8142,0.5,43.7975,6.688529360031244,4,c2c12,c2c12_090318_exp1_F0003_Data
674a2dbb0bd0b2b8c5a09c126ce947c4550438639b70a3c63f6576ba633b9c79,0.25,5.8075,2.907477428975159,4,c2c12,c2c12_090318_exp1_F0016_Data
674a2dbb0bd0b2b8c5a09c126ce947c4550438639b70a3c63f6576ba633b9c79,0.5,6.07,0.24385788210895837,4,c2c12,c2c12_090318_exp1_F0016_Data
67639a5e6b1fa8c760ef7be5c218c087fe28fdcfb2c8f501ad3440cd5e16f506,0.25,6.245,6.5395285253092466,4,c2c12,c2c12_090318_exp1_F0016_Data
67639a5e6b1fa8c760ef7be5c218c087fe28fdcfb2c8f501ad3440cd5e16f506,0.5,6.505,1.657075737556977,4,c2c12,c2c12_090318_exp1_F0016_Data
676cc1dfbdcbe1a85168086ec939e2b67f7272b8a968c4636089410298f4b9f5,0.25,12.985,2.043567142686207,4,c2c12,c2c12_090325_exp1_F0005_Data
676cc1dfbdcbe1a85168086ec939e2b67f7272b8a968c4636089410298f4b9f5,0.5,15.5375,3.2338869800906767,4,c2c12,c2c12_090325_exp1_F0005_Data
67a40257044a527ae7d7466f1b22c9d1d1ff441fa18eedabaae893d2eec0a1d1,0.25,2.9025,1.8878978609377504,4,c2c12,c2c12_090303_exp1_F0001_Data
67a40257044a527ae7d7466f1b22c9d1d1ff441fa18eedabaae893d2eec0a1d1,0.5,3.2575,0.5586516505539626,4,c2c12,c2c12_090303_exp1_F0001_Data
67ded5b1ea12bc8ef51609b25c53f00c447e43595bb09b376b7c3ab0a059ab91,0.25,23.58,10.689929840742643,4,c2c12,c2c12_090303_exp1_F0007_Data
67ded5b1ea12bc8ef51609b25c53f00c447e43595bb09b376b7c3ab0a059ab91,0.5,27.39,4.353090855932138,4,c2c12,c2c12_090303_exp1_F0007_Data
67eb8b6bb0bc9e79c63bbd5730f8ded1c0b89d099e55c072fea3c18d345ec5a2,0.25,7.0775,7.747401177169025,4,c2c12,c2c12_090303_exp1_F0007_Data
67eb8b6bb0bc9e79c63bbd5730f8ded1c0b89d099e55c072fea3c18d345ec5a2,0.5,4.7425,1.5901860478153702,4,c2c12,c2c12_090303_exp1_F0007_Data
67ed7254604f0ed6940963494c5b2206e8f8749a22cc5085c77b77507f45448b,0.25,17.8775,2.2579101694561134,4,c2c12,c2c12_090318_exp1_F0005_Data
67ed7254604f0ed6940963494c5b2206e8f8749a22cc5085c77b77507f45448b,0.5,20.052500000000002,1.8809992911570532,4,c2c12,c2c12_090318_exp1_F0005_Data
67eecf7f9b389a7817e482bce93b5981abb509394ef609b0fb90f32f28fce0e7,0.25,13.2275,6.12461359325359,4,c2c12,c2c12_090303_exp1_F0016_Data
67eecf7f9b389a7817e482bce93b5981abb509394ef609b0fb90f32f28fce0e7,0.5,8.5575,0.7568960738877343,4,c2c12,c2c12_090303_exp1_F0016_Data
6845f15d672b7d26d6f290bc8432100ac827868a9065d428c35abf9fafffdf04,0.25,6.1775,6.480686049074332,4,c2c12,c2c12_090325_exp1_F0003_Data
6845f15d672b7d26d6f290bc8432100ac827868a9065d428c35abf9fafffdf04,0.5,3.665,1.0672862783714594,4,c2c12,c2c12_090325_exp1_F0003_Data
6847d135e52669ab354a466a8dc01c61945f1eef095d657b83c689e5889a8ae5,0.25,39.2875,9.601275522901458,4,c2c12,c2c12_090318_exp1_F0003_Data
6847d135e52669ab354a466a8dc01c61945f1eef095d657b83c689e5889a8ae5,0.5,38.8075,3.462950331725827,4,c2c12,c2c12_090318_exp1_F0003_Data
6866e6f7f70895c0d1f877bae10f96e1f0659578daf6102c29360c56be307bd7,0.25,21.6925,6.852393134275548,4,c2c12,c2c12_090303_exp1_F0010_Data
6866e6f7f70895c0d1f877bae10f96e1f0659578daf6102c29360c56be307bd7,0.5,20.955,4.154712184175135,4,c2c12,c2c12_090303_exp1_F0010_Data
68da01b491d39f52d6fe754c7a39303fda45781c2611622150c919c6e6d0afb0,0.25,1.2325,0.7601918617471951,4,c2c12,c2c12_090325_exp1_F0003_Data
68da01b491d39f52d6fe754c7a39303fda45781c2611622150c919c6e6d0afb0,0.5,2.205,0.8233468284993876,4,c2c12,c2c12_090325_exp1_F0003_Data
68edb6cbfaf23eccf9349a50658afbcf737007a76a8bb60a8bcd78846bada9b9,0.25,8.584999999999999,7.2711782630694275,4,c2c12,c2c12_090325_exp1_F0018_Data
68edb6cbfaf23eccf9349a50658afbcf737007a76a8bb60a8bcd78846bada9b9,0.5,9.0525,1.2861667854520267,4,c2c12,c2c12_090325_exp1_F0018_Data
6901ff911b964d66396ef1373cd7b8716aae76bab4b2feff91d7413d7db52cac,0.25,27.37,11.41239968922692,4,c2c12,c2c12_090325_exp1_F0018_Data
6901ff911b964d66396ef1373cd7b8716aae76bab4b2feff91d7413d7db52cac,0.5,26.3325,4.225173566454599,4,c2c12,c2c12_090325_exp1_F0018_Data
69432b5adca21b424f309f1c990f9bb3cea6dc6d01036e135cfd0386f72725d7,0.25,34.45,10.289288929108107,4,c2c12,c2c12_090325_exp1_F0011_Data
69432b5adca21b424f309f1c990f9bb3cea6dc6d01036e135cfd0386f72725d7,0.5,35.4325,1.5627833076491027,4,c2c12,c2c12_090325_exp1_F0011_Data
6954c0421ecdcc9ac37b606d4d9afa5551890ee3282c0715131ad9b12421967c,0.25,36.3475,7.282812529053137,4,c2c12,c2c12_090325_exp1_F0001_Data
6954c0421ecdcc9ac37b606d4d9afa5551890ee3282c0715131ad9b12421967c,0.5,31.96,5.5469150585408,4,c2c12,c2c12_090325_exp1_F0001_Data
6957ad2c5f66158dc8595137aaf33e59f3e325fdca3590064d7b939e9e7c68a2,0.25,9.217500000000001,6.182789958155353,4,c2c12,c2c12_090318_exp1_F0003_Data
6957ad2c5f66158dc8595137aaf33e59f3e325fdca3590064d7b939e9e7c68a2,0.5,8.942499999999999,1.0533241033350877,4,c2c12,c2c12_090318_exp1_F0003_Data
698387331aa89bffd42d268c6c31e2659ba7de77dcb8b3d541699b333b3b63fb,0.25,49.6825,16.847190418583153,4,c2c12,c2c12_090318_exp1_F0011_Data
698387331aa89bffd42d268c6c31e2659ba7de77dcb8b3d541699b333b3b63fb,0.5,48.167500000000004,2.647733307315272,4,c2c12,c2c12_090318_exp1_F0011_Data
699206aa8dff3f267038893ff1fee695245a23e392633ef3289b6bc46e80f120,0.25,50.2125,7.937700653631798,4,c2c12,c2c12_090318_exp1_F0013_Data
699206aa8dff3f267038893ff1fee695245a23e392633ef3289b6bc46e80f120,0.5,52.3925,11.851631041056475,4,c2c12,c2c12_090318_exp1_F0013_Data
6992864819fb5da6d82a673a5952ee7c852508febd0c1927ddd06b69de44d7f4,0.25,4.495,2.4219069621546847,4,c2c12,c2c12_090318_exp1_F0003_Data
6992864819fb5da6d82a673a5952ee7c852508febd0c1927ddd06b69de44d7f4,0.5,4.995,0.4303099657998484,4,c2c12,c2c12_090318_exp1_F0003_Data
69cdbdb6264c7aa9558f2801ce16db7b86eb397c5cfca4c1b10eaa1b73b17d30,0.25,3.9225,4.041834360782242,4,c2c12,c2c12_090325_exp1_F0007_Data
69cdbdb6264c7aa9558f2801ce16db7b86eb397c5cfca4c1b10eaa1b73b17d30,0.5,6.7175,0.8994211101221349,4,c2c12,c2c12_090325_exp1_F0007_Data
69e1b337a0e1ce5b65279602a8b4f23b6d241c8bda5e5a533a8db6ff29041a79,0.25,53.315,18.654331936577094,4,c2c12,c2c12_090318_exp1_F0013_Data
69e1b337a0e1ce5b65279602a8b4f23b6d241c8bda5e5a533a8db6ff29041a79,0.5,54.26,5.724479597890679,4,c2c12,c2c12_090318_exp1_F0013_Data
69e1efc3c77ee3f2129b1a23525cbc73afe1eb12b73ded83814627b22d020c1b,0.25,4.047499999999999,3.590017409428539,4,c2c12,c2c12_090318_exp1_F0016_Data
69e1efc3c77ee3f2129b1a23525cbc73afe1eb12b73ded83814627b22d020c1b,0.5,5.0425,1.9254501638145127,4,c2c12,c2c12_090318_exp1_F0016_Data
69e44ec075e81671b15b50ef09366a4af5446353a31c04053209449b18b8df4c,0.25,14.18,8.739096063094857,4,c2c12,c2c12_090303_exp1_F0014_Data
69e44ec075e81671b15b50ef09366a4af5446353a31c04053209449b18b8df4c,0.5,17.9325,2.060248771386602,4,c2c12,c2c12_090303_exp1_F0014_Data
69e6539d66e9c6e383642f8c322f0e38f52daabcdb1fc90a79336fd30f172e31,0.25,7.1325,4.237360617176688,4,c2c12,c2c12_090325_exp1_F0005_Data
69e6539d66e9c6e383642f8c322f0e38f52daabcdb1fc90a79336fd30f172e31,0.5,7.6875,0.9690674211150981,4,c2c12,c2c12_090325_exp1_F0005_Data
69e84de09315c914fcac9cad6957b194bf5b7b487cd5399186dd7a5876c27cc6,0.25,14.875,1.1100300296238237,4,c2c12,c2c12_090303_exp1_F0007_Data
69e84de09315c914fcac9cad6957b194bf5b7b487cd5399186dd7a5876c27cc6,0.5,15.8125,3.657662049269541,4,c2c12,c2c12_090303_exp1_F0007_Data
6a3c45fd8c2f77147870b5d997cbf4f8916fe38d441c8ae890ddabddf9daf249,0.25,4.23,1.0132127121192271,4,c2c12,c2c12_090303_exp1_F0016_Data
6a3c45fd8c2f77147870b5d997cbf4f8916fe38d441c8ae890ddabddf9daf249,0.5,3.0125,1.8071593731599878,4,c2c12,c2c12_090303_exp1_F0016_Data
6a4639bfdedaa4865821f9adcc0cfe874e5790aaa7dcbc564546d78cea6f0a6f,0.25,3.3949999999999996,1.5331123029097813,4,c2c12,c2c12_090318_exp1_F0018_Data
6a4639bfdedaa4865821f9adcc0cfe874e5790aaa7dcbc564546d78cea6f0a6f,0.5,5.2625,0.5996874185773784,4,c2c12,c2c12_090318_exp1_F0018_Data
6a49f73319cd8b4f543af1d106f6ad928292d1789cd44cde570430138cc54adb,0.25,6.5,2.1947209389806255,4,c2c12,c2c12_090303_exp1_F0014_Data
6a49f73319cd8b4f543af1d106f6ad928292d1789cd44cde570430138cc54adb,0.5,6.0075,1.3280405365299162,4,c2c12,c2c12_090303_exp1_F0014_Data
6a4ef60387459c09a841c01bbd76d8f6b67f6314e714666c02ea59bc936c6f5f,0.25,4.2125,2.742521649868967,4,c2c12,c2c12_090303_exp1_F0016_Data
6a4ef60387459c09a841c01bbd76d8f6b67f6314e714666c02ea59bc936c6f5f,0.5,4.005,1.3014991356124674,4,c2c12,c2c12_090303_exp1_F0016_Data
6a5f361f129b6c005132dabad57efe95340a53579acd9694fcb7aa3ad225e0c3,0.25,5.215,5.787103478137112,4,c2c12,c2c12_090325_exp1_F0016_Data
6a5f361f129b6c005132dabad57efe95340a53579acd9694fcb7aa3ad225e0c3,0.5,4.8275,2.0939177793472847,4,c2c12,c2c12_090325_exp1_F0016_Data
6a7c980fa0a61c27f61f00990fc56a08083ece41abe665ecbb34cac02d53033e,0.25,2.0625,2.9849441647485913,4,c2c12,c2c12_090303_exp1_F0012_Data
6a7c980fa0a61c27f61f00990fc56a08083ece41abe665ecbb34cac02d53033e,0.5,2.7,1.0474731500138799,4,c2c12,c2c12_090303_exp1_F0012_Data
6a847429fd53b46ec3c199a249eb03fd97aac397673f36a6596e0679bb51f327,0.25,6.025,4.980244304583193,4,c2c12,c2c12_090303_exp1_F0016_Data
6a847429fd53b46ec3c199a249eb03fd97aac397673f36a6596e0679bb51f327,0.5,5.86,2.602857404213044,4,c2c12,c2c12_090303_exp1_F0016_Data
6a99b2d77c99544e7e269a34813fda383e98c97d2e6a1c88c9e614d3e7455c72,0.25,2.915,1.8292530351667222,4,c2c12,c2c12_090303_exp1_F0014_Data
6a99b2d77c99544e7e269a34813fda383e98c97d2e6a1c88c9e614d3e7455c72,0.5,4.265,1.3458702265325087,4,c2c12,c2c12_090303_exp1_F0014_Data
6abadc0a7fdef18000adf55c8979851b4e40b815c2a6947a442a02a28b1de6e6,0.25,7.307499999999999,7.779487450982872,4,c2c12,c2c12_090303_exp1_F0003_Data
6abadc0a7fdef18000adf55c8979851b4e40b815c2a6947a442a02a28b1de6e6,0.5,7.7375,4.893740048946885,4,c2c12,c2c12_090303_exp1_F0003_Data
6abfd9d53dfc20e745219ae6d2fdceee57bd6767954e0057c0cc5393718beade,0.25,10.1625,9.355203097741919,4,c2c12,c2c12_090303_exp1_F0016_Data
6abfd9d53dfc20e745219ae6d2fdceee57bd6767954e0057c0cc5393718beade,0.5,7.235,1.5351981413919615,4,c2c12,c2c12_090303_exp1_F0016_Data
6ae0112bc876fdb48885e077c48abdfd34e037588f4910934aa0de5b9bbc8077,0.25,5.07,3.7110465729584514,4,c2c12,c2c12_090325_exp1_F0018_Data
6ae0112bc876fdb48885e077c48abdfd34e037588f4910934aa0de5b9bbc8077,0.5,9.4375,1.771296606067619,4,c2c12,c2c12_090325_exp1_F0018_Data
6ae34119c4605d13d5059cb328f6ab5c8c087f08d7aa40f41ce2fab1e35cb2c2,0.25,2.3925,1.8293054237423922,4,c2c12,c2c12_090325_exp1_F0001_Data
6ae34119c4605d13d5059cb328f6ab5c8c087f08d7aa40f41ce2fab1e35cb2c2,0.5,5.755,2.0333306010910603,4,c2c12,c2c12_090325_exp1_F0001_Data
6ae833ee0f669d8a32204e93f16e936371217c38eabb1bc86d7b624346386502,0.25,11.0675,5.942268786695309,4,c2c12,c2c12_090325_exp1_F0018_Data
6ae833ee0f669d8a32204e93f16e936371217c38eabb1bc86d7b624346386502,0.5,13.965,1.3266876045248936,4,c2c12,c2c12_090325_exp1_F0018_Data
6b1ce3fdb390ab0614d3cbbee4c164246d4075f97c4104246297fb5501a47846,0.25,9.39,3.032996318274499,4,c2c12,c2c12_090303_exp1_F0003_Data
6b1ce3fdb390ab0614d3cbbee4c164246d4075f97c4104246297fb5501a47846,0.5,3.1475,1.0869337606312541,4,c2c12,c2c12_090303_exp1_F0003_Data
6b3f566575f0dc0abf7ceb9163f48fd4033d9ff4725345fbcd8fe6404c2f868b,0.25,12.17,1.6185384353380885,4,c2c12,c2c12_090325_exp1_F0016_Data
6b3f566575f0dc0abf7ceb9163f48fd4033d9ff4725345fbcd8fe6404c2f868b,0.5,9.2325,1.644452796525336,4,c2c12,c2c12_090325_exp1_F0016_Data
6b6db54d367ac441ff04a6a8fdc366fb60724d255f5fa24676b81aa07174f540,0.25,8.605,1.8612271937264042,4,c2c12,c2c12_090303_exp1_F0014_Data
6b6db54d367ac441ff04a6a8fdc366fb60724d255f5fa24676b81aa07174f540,0.5,7.455,1.2053906697277306,4,c2c12,c2c12_090303_exp1_F0014_Data
6b97ef5837838fb28f2d47a2797c74fb16f2b9cdba3c844efb062ed0fa39f150,0.25,18.442500000000003,5.6494151614717305,4,c2c12,c2c12_090325_exp1_F0011_Data
6b97ef5837838fb28f2d47a2797c74fb16f2b9cdba3c844efb062ed0fa39f150,0.5,23.0625,2.270644181724649,4,c2c12,c2c12_090325_exp1_F0011_Data
6bef9eb42f00df20122d44a6a9bcc41eafa91332a7db2548f9f0e02ebc7fdeb7,0.25,2.7350000000000003,2.579722207267028,4,c2c12,c2c12_090303_exp1_F0016_Data
6bef9eb42f00df20122d44a6a9bcc41eafa91332a7db2548f9f0e02ebc7fdeb7,0.5,3.1425,0.8762562410619397,4,c2c12,c2c12_090303_exp1_F0016_Data
6c058524135cc62d9740d8f9ba41b741cccc1a33d53e35484353dd5f19c4558c,0.25,12.75,8.829601727522405,4,c2c12,c2c12_090325_exp1_F0011_Data
6c058524135cc62d9740d8f9ba41b741cccc1a33d53e35484353dd5f19c4558c,0.5,11.68,1.6577695859195871,4,c2c12,c2c12_090325_exp1_F0011_Data
6c1546833c0d671a06ddf2a74c8d5a4a79a675467e59c9a2270c5c0d57b750fa,0.25,33.7775,14.05529170810766,4,c2c12,c2c12_090318_exp1_F0011_Data
6c1546833c0d671a06ddf2a74c8d5a4a79a675467e59c9a2270c5c0d57b750fa,0.5,43.4475,3.209583306287591,4,c2c12,c2c12_090318_exp1_F0011_Data
6c3ffaf236e3dc4911009d6dc4e236f0e35df6c7d6bc638c2c426c1454701073,0.25,28.4725,7.459233092840935,4,c2c12,c2c12_090325_exp1_F0005_Data
6c3ffaf236e3dc4911009d6dc4e236f0e35df6c7d6bc638c2c426c1454701073,0.5,31.755,5.314191691436558,4,c2c12,c2c12_090325_exp1_F0005_Data
6c6ac798dc6c0c9b6b6854e64f235b568d0f81ad1cbd7045779367c10a9285f6,0.25,50.765,10.624056036498803,4,c2c12,c2c12_090318_exp1_F0013_Data
6c6ac798dc6c0c9b6b6854e64f235b568d0f81ad1cbd7045779367c10a9285f6,0.5,56.167500000000004,8.124725123555464,4,c2c12,c2c12_090318_exp1_F0013_Data
6c717d0f1dbdd5627417bb759f17506fad1d42c3e96ec767b5c040f046683112,0.25,3.955,4.91164941745642,4,c2c12,c2c12_090318_exp1_F0013_Data
6c717d0f1dbdd5627417bb759f17506fad1d42c3e96ec767b5c040f046683112,0.5,6.16,1.9635512046629526,4,c2c12,c2c12_090318_exp1_F0013_Data
6c82cb4be66928c11eff257b31b1a11d66b7d4ca5961470685770da14331784d,0.25,15.4775,2.063223610437479,4,c2c12,c2c12_090303_exp1_F0014_Data
6c82cb4be66928c11eff257b31b1a11d66b7d4ca5961470685770da14331784d,0.5,15.8,2.4713963664293104,4,c2c12,c2c12_090303_exp1_F0014_Data
6c8e4fdba8e16ececd149f87f2cf81b068b4636c4419ba10f4de060719ff07cb,0.25,9.287500000000001,7.8653941414273705,4,c2c12,c2c12_090318_exp1_F0013_Data
6c8e4fdba8e16ececd149f87f2cf81b068b4636c4419ba10f4de060719ff07cb,0.5,10.3725,4.069401061581422,4,c2c12,c2c12_090318_exp1_F0013_Data
6ca116b3b7651e2043fc79f9cb7af51aedf6ef87a2b11e70ef2b05e021121e6e,0.25,8.9,3.685928196081235,4,c2c12,c2c12_090325_exp1_F0005_Data
6ca116b3b7651e2043fc79f9cb7af51aedf6ef87a2b11e70ef2b05e021121e6e,0.5,6.33,0.6672330927044907,4,c2c12,c2c12_090325_exp1_F0005_Data
6ca936baf6a2d2dc4d5f6013d5c91ebf7c1eecf08b29c9cc6eae424a0adb923b,0.25,25.697499999999998,17.495565866813227,4,c2c12,c2c12_090325_exp1_F0003_Data
6ca936baf6a2d2dc4d5f6013d5c91ebf7c1eecf08b29c9cc6eae424a0adb923b,0.5,18.03,3.618314524747676,4,c2c12,c2c12_090325_exp1_F0003_Data
6caff696269b3f89a01df98d1835317df95322e61d63b7adae84a97089b8046c,0.25,26.8575,6.741539759827374,4,c2c12,c2c12_090303_exp1_F0010_Data
6caff696269b3f89a01df98d1835317df95322e61d63b7adae84a97089b8046c,0.5,34.379999999999995,2.8437416666544553,4,c2c12,c2c12_090303_exp1_F0010_Data
6cb35197810243a2105fcc26aaf8befbca8099808294934eac7593f0909f55d6,0.25,18.9725,3.650628941246516,4,c2c12,c2c12_090318_exp1_F0005_Data
6cb35197810243a2105fcc26aaf8befbca8099808294934eac7593f0909f55d6,0.5,15.9725,2.5554696241591293,4,c2c12,c2c12_090318_exp1_F0005_Data
6cb5be1af0344ffe0e497d22d21a32d8a54ea7ae62f61662ca821e82713c90d5,0.25,5.2875000000000005,2.6015812499324333,4,c2c12,c2c12_090303_exp1_F0005_Data
6cb5be1af0344ffe0e497d22d21a32d8a54ea7ae62f61662ca821e82713c90d5,0.5,4.8825,1.0316128149649944,4,c2c12,c2c12_090303_exp1_F0005_Data
6cca8117b47e3bdf0c384590741f964e16ee19f2084f739859e7451f27bdf78a,0.25,1.6575,2.1159139081415073,4,c2c12,c2c12_090303_exp1_F0016_Data
6cca8117b47e3bdf0c384590741f964e16ee19f2084f739859e7451f27bdf78a,0.5,1.9825,0.6777106068718909,4,c2c12,c2c12_090303_exp1_F0016_Data
6cfb3b26cec64b17ac352a1efbb4eb44ddf5cbe83dbe71ce90ec8c00ec73835e,0.25,12.415,6.3468075964745205,4,c2c12,c2c12_090325_exp1_F0011_Data
6cfb3b26cec64b17ac352a1efbb4eb44ddf5cbe83dbe71ce90ec8c00ec73835e,0.5,10.225000000000001,2.2980353928228925,4,c2c12,c2c12_090325_exp1_F0011_Data
6d271d1256a72a27c7b72e84d8a71090b86fab0e55a221019283d18e38b33ff5,0.25,4.3,4.660414859931106,4,c2c12,c2c12_090303_exp1_F0005_Data
6d271d1256a72a27c7b72e84d8a71090b86fab0e55a221019283d18e38b33ff5,0.5,8.83,2.1505503171669034,4,c2c12,c2c12_090303_exp1_F0005_Data
6d2acb436baaae8d5bea3a65bbca9005d59cd4cd40ceea4707bd28a92dcc313f,0.25,7.9925,6.725327129590053,4,c2c12,c2c12_090318_exp1_F0016_Data
6d2acb436baaae8d5bea3a65bbca9005d59cd4cd40ceea4707bd28a92dcc313f,0.5,12.3575,2.4086424253785235,4,c2c12,c2c12_090318_exp1_F0016_Data
6d2dd389266732ad19a89c31724699c28eb936659c47d5e3c481e467087e56c4,0.25,5.195,1.0720851956195767,4,c2c12,c2c12_090325_exp1_F0011_Data
6d2dd389266732ad19a89c31724699c28eb936659c47d5e3c481e467087e56c4,0.5,6.015,2.3528210018330475,4,c2c12,c2c12_090325_exp1_F0011_Data
6d34afd80f992b7944d14b6daef016a387be90ea55dc003d21f19695bcfa9c4a,0.25,42.5025,6.721926187237304,4,c2c12,c2c12_090303_exp1_F0010_Data
6d34afd80f992b7944d14b6daef016a387be90ea55dc003d21f19695bcfa9c4a,0.5,39.9525,2.4361222602050714,4,c2c12,c2c12_090303_exp1_F0010_Data
6d5245a6c19afb56ffd752f69421e66fc1d1697c371fbb4942baf3a64f66b80e,0.25,20.177500000000002,4.808959520173429,4,c2c12,c2c12_090325_exp1_F0001_Data
6d5245a6c19afb56ffd752f69421e66fc1d1697c371fbb4942baf3a64f66b80e,0.5,24.81,1.8605554726120541,4,c2c12,c2c12_090325_exp1_F0001_Data
6d5723d93f4b42fa0d20eb4ce90d6d4dab4b43520a23137f899c5902b7913d3b,0.25,2.745,2.191810514924439,4,c2c12,c2c12_090325_exp1_F0003_Data
6d5723d93f4b42fa0d20eb4ce90d6d4dab4b43520a23137f899c5902b7913d3b,0.5,1.3525,0.6255863915825961,4,c2c12,c2c12_090325_exp1_F0003_Data
6db18d8d123a551fa4ea28db0d6c74ea453a73588b5d72106808cff65843a710,0.25,8.0825,4.004808568042506,4,c2c12,c2c12_090318_exp1_F0011_Data
6db18d8d123a551fa4ea28db0d6c74ea453a73588b5d72106808cff65843a710,0.5,19.9025,6.264207185803058,4,c2c12,c2c12_090318_exp1_F0011_Data
6dc16721a5f8e0cd5915246175992494a520d670036b9998cb09f5d9d33bc598,0.25,36.57,10.617658247780753,4,c2c12,c2c12_090318_exp1_F0003_Data
6dc16721a5f8e0cd5915246175992494a520d670036b9998cb09f5d9d33bc598,0.5,31.715000000000003,1.830528156935407,4,c2c12,c2c12_090318_exp1_F0003_Data
6e196aedf4a646e7bd801e2080d9e2b72cd9b5ec56ee7464e6e5c0d463d89f4d,0.25,3.995,1.9185150507619166,4,c2c12,c2c12_090318_exp1_F0005_Data
6e196aedf4a646e7bd801e2080d9e2b72cd9b5ec56ee7464e6e5c0d463d89f4d,0.5,3.4,0.8857012287824074,4,c2c12,c2c12_090318_exp1_F0005_Data
6e4a0e0ed6e261aa64cb0a8f8e8c2b8d494564a3c87928cb29f817c9155de909,0.25,14.0425,6.660672513593003,4,c2c12,c2c12_090318_exp1_F0001_Data
6e4a0e0ed6e261aa64cb0a8f8e8c2b8d494564a3c87928cb29f817c9155de909,0.5,20.2975,7.4660090856271175,4,c2c12,c2c12_090318_exp1_F0001_Data
6e5e0c161d14e5899c238ee423d05d7c4d361a1c570c5800cf11173014a7ad0c,0.25,32.665,1.9976736470204532,4,c2c12,c2c12_090318_exp1_F0018_Data
6e5e0c161d14e5899c238ee423d05d7c4d361a1c570c5800cf11173014a7ad0c,0.5,35.644999999999996,3.3101611239736766,4,c2c12,c2c12_090318_exp1_F0018_Data
6e5fd609d2d4274a4791c7b0efacacc05b6d11b0609a5ee8aa032cda6384408d,0.25,4.205,4.635604958722576,4,c2c12,c2c12_090303_exp1_F0012_Data
6e5fd609d2d4274a4791c7b0efacacc05b6d11b0609a5ee8aa032cda6384408d,0.5,3.6175,1.780081926953551,4,c2c12,c2c12_090303_exp1_F0012_Data
6e6c656bbce8c9facfe0469a55b9aa2c399ad4a2d69b784a74b0f123039551ac,0.25,4.225,4.473034018799022,4,c2c12,c2c12_090325_exp1_F0011_Data
6e6c656bbce8c9facfe0469a55b9aa2c399ad4a2d69b784a74b0f123039551ac,0.5,4.295,1.7154299752540179,4,c2c12,c2c12_090325_exp1_F0011_Data
6e7b76000f1238ffb90a93ebb7fce0f8780cca9c1a2758e3460c0320fa6b34bf,0.25,14.577499999999999,13.05819378781001,4,c2c12,c2c12_090318_exp1_F0016_Data
6e7b76000f1238ffb90a93ebb7fce0f8780cca9c1a2758e3460c0320fa6b34bf,0.5,20.255,6.6408960238811146,4,c2c12,c2c12_090318_exp1_F0016_Data
6e7f22bcb112c1c98c1afa35445d67470d57bfeb2cf30540d94665b9747e2d79,0.25,13.05,7.416355798728466,4,c2c12,c2c12_090318_exp1_F0016_Data
6e7f22bcb112c1c98c1afa35445d67470d57bfeb2cf30540d94665b9747e2d79,0.5,19.0775,1.845487740409022,4,c2c12,c2c12_090318_exp1_F0016_Data
6e8c3d8d212ff3b84da7c2c8766eac69c1b084d535ba1a647873747150c31cd4,0.25,7.4475,5.797737346011229,4,c2c12,c2c12_090318_exp1_F0001_Data
6e8c3d8d212ff3b84da7c2c8766eac69c1b084d535ba1a647873747150c31cd4,0.5,6.9375,1.158486800385169,4,c2c12,c2c12_090318_exp1_F0001_Data
6eac9de85a4079a6a2e2fc53631567739e51f4f4f24db73c63750f2445cb73f0,0.25,2.2925,1.3225322932415173,4,c2c12,c2c12_090325_exp1_F0003_Data
6eac9de85a4079a6a2e2fc53631567739e51f4f4f24db73c63750f2445cb73f0,0.5,1.7875,0.7672190039356428,4,c2c12,c2c12_090325_exp1_F0003_Data
6ede7d09401f17607151e3bf59b0cc4d0979d90dd9a6f6178c268feeec7ed51f,0.25,52.9575,20.17813234667669,4,c2c12,c2c12_090318_exp1_F0011_Data
6ede7d09401f17607151e3bf59b0cc4d0979d90dd9a6f6178c268feeec7ed51f,0.5,53.275,2.1637698583721887,4,c2c12,c2c12_090318_exp1_F0011_Data
6ee7e1fd3a9b8b48f9edec3ffb2e6188e6a05d2526c28f7dda3b936d33ebdbca,0.25,14.325,4.627976519675382,4,c2c12,c2c12_090325_exp1_F0007_Data
6ee7e1fd3a9b8b48f9edec3ffb2e6188e6a05d2526c28f7dda3b936d33ebdbca,0.5,14.9275,1.5816104661599413,4,c2c12,c2c12_090325_exp1_F0007_Data
6f0a838cf1d956a06d36764f1dbee31a4fb5d6c697958712f9abd9b96a6de908,0.25,34.6825,6.094710138035004,4,c2c12,c2c12_090303_exp1_F0014_Data
6f0a838cf1d956a06d36764f1dbee31a4fb5d6c697958712f9abd9b96a6de908,0.5,36.4975,3.142232486624761,4,c2c12,c2c12_090303_exp1_F0014_Data
6f52358c265377b751181c7afa5b36c2f79db6139d5f3a1b604e9a118fd3c799,0.25,15.805,5.279220270709176,4,c2c12,c2c12_090303_exp1_F0007_Data
6f52358c265377b751181c7afa5b36c2f79db6139d5f3a1b604e9a118fd3c799,0.5,21.767500000000002,2.1661236499024383,4,c2c12,c2c12_090303_exp1_F0007_Data
6f9dc564b46433b8e0f5f1e40addf767d4167f24fbac1678ba1fddc24d338d6e,0.25,50.4525,10.905143664039153,4,c2c12,c2c12_090318_exp1_F0011_Data
6f9dc564b46433b8e0f5f1e40addf767d4167f24fbac1678ba1fddc24d338d6e,0.5,50.22,0.8231241299666362,4,c2c12,c2c12_090318_exp1_F0011_Data
6fdac9abe70f7bad7b491a0a521ec65136a71bc1e366ed3d23d42040c649e60e,0.25,16.2825,9.137090620104411,4,c2c12,c2c12_090325_exp1_F0005_Data
6fdac9abe70f7bad7b491a0a521ec65136a71bc1e366ed3d23d42040c649e60e,0.5,20.5825,2.750483290866051,4,c2c12,c2c12_090325_exp1_F0005_Data
70021df7bf47c7eed40a826af4456bce3df8ba2cd5e6730990be1421c61ed334,0.25,10.6,3.285371617742302,4,c2c12,c2c12_090325_exp1_F0003_Data
70021df7bf47c7eed40a826af4456bce3df8ba2cd5e6730990be1421c61ed334,0.5,12.2525,2.5181127192138697,4,c2c12,c2c12_090325_exp1_F0003_Data
700b08dd2abf828bc8f869e4e5ca30c9ab0284ef9c3dba79d9219346b3fbbf53,0.25,16.19,6.048674785989628,4,c2c12,c2c12_090318_exp1_F0003_Data
700b08dd2abf828bc8f869e4e5ca30c9ab0284ef9c3dba79d9219346b3fbbf53,0.5,17.635,2.225346414980523,4,c2c12,c2c12_090318_exp1_F0003_Data
704032e021b623f441ec53fb7c2762939df7e8aa95a45b832327908eafe6fe0c,0.25,2.3325,1.6416937392014788,4,c2c12,c2c12_090303_exp1_F0001_Data
704032e021b623f441ec53fb7c2762939df7e8aa95a45b832327908eafe6fe0c,0.5,3.37,0.5754418592119742,4,c2c12,c2c12_090303_exp1_F0001_Data
7040d3df2136a3d4db7906ecd4e063bbe40a3529d0deb0256aeb73b0994fe752,0.25,11.65,9.248974717952976,4,c2c12,c2c12_090303_exp1_F0003_Data
7040d3df2136a3d4db7906ecd4e063bbe40a3529d0deb0256aeb73b0994fe752,0.5,10.2525,2.9809995527227664,4,c2c12,c2c12_090303_exp1_F0003_Data
7070fd29c63ff0b2b7fc3ff7398a5c1c1ec5e7c9affe4eab4df1bdd244ea05ae,0.25,10.325,9.268780933866115,4,c2c12,c2c12_090303_exp1_F0003_Data
7070fd29c63ff0b2b7fc3ff7398a5c1c1ec5e7c9affe4eab4df1bdd244ea05ae,0.5,11.025,2.38519740622588,4,c2c12,c2c12_090303_exp1_F0003_Data
70a1552224e99b60442a704b2767f96527a439ec29873b256165009b7126fb2e,0.25,10.03,4.794072729249456,4,c2c12,c2c12_090325_exp1_F0013_Data
70a1552224e99b60442a704b2767f96527a439ec29873b256165009b7126fb2e,0.5,20.075,3.514631322533465,4,c2c12,c2c12_090325_exp1_F0013_Data
70a226254c372a7db14652e979812b569e88aef2f13704f91f533b8e6d8bbb2a,0.25,4.032500000000001,3.07072602707134,4,c2c12,c2c12_090318_exp1_F0016_Data
70a226254c372a7db14652e979812b569e88aef2f13704f91f533b8e6d8bbb2a,0.5,3.1825,1.4072283633677467,4,c2c12,c2c12_090318_exp1_F0016_Data
70a87009f759f999e7a84ec4a54868b290aa3dd1caa18296ea2b8f9828562c3d,0.25,4.92,5.398623281294347,4,c2c12,c2c12_090318_exp1_F0016_Data
70a87009f759f999e7a84ec4a54868b290aa3dd1caa18296ea2b8f9828562c3d,0.5,5.3225,0.5628720991486431,4,c2c12,c2c12_090318_exp1_F0016_Data
713ccef6e3c366dc1b8267101e2dbf0af076d1fa1e9529ba53f38d9bf3f570bd,0.25,39.7525,8.071011398827288,4,c2c12,c2c12_090325_exp1_F0011_Data
713ccef6e3c366dc1b8267101e2dbf0af076d1fa1e9529ba53f38d9bf3f570bd,0.5,38.365,2.1902587366184227,4,c2c12,c2c12_090325_exp1_F0011_Data
714526fe8287aa354c855f9290af9fa2a70ee70c8c05cec9e093b1ef6eb406e7,0.25,4.17,2.879282317985971,4,c2c12,c2c12_090325_exp1_F0011_Data
714526fe8287aa354c855f9290af9fa2a70ee70c8c05cec9e093b1ef6eb406e7,0.5,8.155,1.1233728974239436,4,c2c12,c2c12_090325_exp1_F0011_Data
71546e74c11fbd0d28c071a790b2f0a1f879d3d7b5ef3681fe25473c9f8e5178,0.25,43.26,7.869659035392404,4,c2c12,c2c12_090318_exp1_F0011_Data
71546e74c11fbd0d28c071a790b2f0a1f879d3d7b5ef3681fe25473c9f8e5178,0.5,45.78,5.242524837009992,4,c2c12,c2c12_090318_exp1_F0011_Data
716c16f9b3298ba34f89312b7f0068d2c6e61b22db95b1a9ae71fb4d820bcf81,0.25,5.7275,3.8326872643964394,4,c2c12,c2c12_090318_exp1_F0005_Data
716c16f9b3298ba34f89312b7f0068d2c6e61b22db95b1a9ae71fb4d820bcf81,0.5,8.19,2.024450542739931,4,c2c12,c2c12_090318_exp1_F0005_Data
716d2ef54d6ba1b78366b077ec644dbefc4efaaa0ddf2b240f38aacfdc295a9d,0.25,22.04,5.855561458989223,4,c2c12,c2c12_090303_exp1_F0014_Data
716d2ef54d6ba1b78366b077ec644dbefc4efaaa0ddf2b240f38aacfdc295a9d,0.5,30.9075,7.053927393067401,4,c2c12,c2c12_090303_exp1_F0014_Data
7174bb5f85eff0506cd789aaec20bf881058662067123a34dc81d1c383612f0b,0.25,33.792500000000004,13.378326689089334,4,c2c12,c2c12_090303_exp1_F0012_Data
7174bb5f85eff0506cd789aaec20bf881058662067123a34dc81d1c383612f0b,0.5,30.415,3.2190526556737162,4,c2c12,c2c12_090303_exp1_F0012_Data
71a6bec49a0f5ce935d450f42ff32b92586373b117d10be31f95ee86eb727a54,0.25,12.9225,5.222051799819684,4,c2c12,c2c12_090318_exp1_F0016_Data
71a6bec49a0f5ce935d450f42ff32b92586373b117d10be31f95ee86eb727a54,0.5,18.32,6.77354166346282,4,c2c12,c2c12_090318_exp1_F0016_Data
71acc360aa5997d70174e92e04b0f34886c90bcefa3096ef2477e366ff2a39e1,0.25,1.6724999999999999,0.8978260781836683,4,c2c12,c2c12_090303_exp1_F0012_Data
71acc360aa5997d70174e92e04b0f34886c90bcefa3096ef2477e366ff2a39e1,0.5,5.18,0.47222875812470355,4,c2c12,c2c12_090303_exp1_F0012_Data
71af785247c78ed06925998a7ec9d4cb96f7ee94ce22d2d026e2201a11985afd,0.25,10.6025,6.57596317406558,4,c2c12,c2c12_090318_exp1_F0013_Data
71af785247c78ed06925998a7ec9d4cb96f7ee94ce22d2d026e2201a11985afd,0.5,20.6325,6.535127517246062,4,c2c12,c2c12_090318_exp1_F0013_Data
71d79f7a202ce63771ec5c71f07d7721cee213fd37d8103e37bb0b7890eb1790,0.25,35.38,4.251023406192917,4,c2c12,c2c12_090318_exp1_F0018_Data
71d79f7a202ce63771ec5c71f07d7721cee213fd37d8103e37bb0b7890eb1790,0.5,33.0725,1.2764893262381776,4,c2c12,c2c12_090318_exp1_F0018_Data
71da9683d82fd2e76df123d93eb99110b36b66ce9f4247c08cf658d8e0b983c9,0.25,51.1875,10.643540685943442,4,c2c12,c2c12_090303_exp1_F0001_Data
71da9683d82fd2e76df123d93eb99110b36b66ce9f4247c08cf658d8e0b983c9,0.5,55.27,3.424860094466145,4,c2c12,c2c12_090303_exp1_F0001_Data
71f01c6fb410c264858c8d7778ff4f738290daad82d58b479b877d21520d187f,0.25,40.805,2.1398520198057325,4,c2c12,c2c12_090325_exp1_F0013_Data
71f01c6fb410c264858c8d7778ff4f738290daad82d58b479b877d21520d187f,0.5,35.17,5.823612853432707,4,c2c12,c2c12_090325_exp1_F0013_Data
72045f25f6df7722b8d8cd5a0b448d057c588c20c667cab16f864ad134a534ac,0.25,22.884999999999998,2.4044056784716394,4,c2c12,c2c12_090303_exp1_F0014_Data
72045f25f6df7722b8d8cd5a0b448d057c588c20c667cab16f864ad134a534ac,0.5,22.8875,0.8714881907786644,4,c2c12,c2c12_090303_exp1_F0014_Data
7204d708460b91866692fcadc2c44c2b66dbeb99c70f81dd58bb3b29f660cbec,0.25,2.335,0.7423610981186985,4,c2c12,c2c12_090318_exp1_F0016_Data
7204d708460b91866692fcadc2c44c2b66dbeb99c70f81dd58bb3b29f660cbec,0.5,3.8674999999999997,1.0194565545753613,4,c2c12,c2c12_090318_exp1_F0016_Data
720b14b39e09e278075a01b5e3cb7cfd85ceb39442cab49a4364a3fc688f6dc4,0.25,4.59,3.925081740125506,4,c2c12,c2c12_090325_exp1_F0011_Data
720b14b39e09e278075a01b5e3cb7cfd85ceb39442cab49a4364a3fc688f6dc4,0.5,4.9425,1.7837857681534146,4,c2c12,c2c12_090325_exp1_F0011_Data
720eb598b544ca85189b3985a66399523a1bc6779e4ab92681d90bfc99f515fa,0.25,5.5675,2.8703585722577123,4,c2c12,c2c12_090325_exp1_F0003_Data
720eb598b544ca85189b3985a66399523a1bc6779e4ab92681d90bfc99f515fa,0.5,6.5625,0.5655307241874665,4,c2c12,c2c12_090325_exp1_F0003_Data
72100226b6cfe2920d5f954cbb8430fc55d0eae54cc9e9fb1ed2b8b58b45f18a,0.25,9.055,2.5345413786324342,4,c2c12,c2c12_090318_exp1_F0003_Data
72100226b6cfe2920d5f954cbb8430fc55d0eae54cc9e9fb1ed2b8b58b45f18a,0.5,10.0625,2.266441778059461,4,c2c12,c2c12_090318_exp1_F0003_Data
7213495b2f465f9a47d75e7c033bb96aff81d4bbcb13936ba48ece6b92616c49,0.25,48.55,7.192695368682497,4,c2c12,c2c12_090318_exp1_F0013_Data
7213495b2f465f9a47d75e7c033bb96aff81d4bbcb13936ba48ece6b92616c49,0.5,52.7975,4.817367019441223,4,c2c12,c2c12_090318_exp1_F0013_Data
721c83601f1b499b8f74b0fdb3611b1fe933128325ec6ffabd8870cd72758a06,0.25,37.97,8.682207860523345,4,c2c12,c2c12_090325_exp1_F0013_Data
721c83601f1b499b8f74b0fdb3611b1fe933128325ec6ffabd8870cd72758a06,0.5,31.5675,1.7374190628630728,4,c2c12,c2c12_090325_exp1_F0013_Data
7227f05f32ce4d84846229e6f73b80483a9e885bc23dce058b5524a326fef2dc,0.25,8.4025,9.26925518402998,4,c2c12,c2c12_090303_exp1_F0016_Data
7227f05f32ce4d84846229e6f73b80483a9e885bc23dce058b5524a326fef2dc,0.5,10.9475,2.040594276185248,4,c2c12,c2c12_090303_exp1_F0016_Data
7296cdf3d980ac5ae762895cb016b8056544ecca4c7a6bbf78f906812b30085a,0.25,0.89,1.78,4,c2c12,c2c12_090325_exp1_F0013_Data
7296cdf3d980ac5ae762895cb016b8056544ecca4c7a6bbf78f906812b30085a,0.5,4.827500000000001,2.023139062612026,4,c2c12,c2c12_090325_exp1_F0013_Data
72ade6e48865de373c6056acc593aaaefe0224004b77188f9a16f73a714e596d,0.25,2.775,2.892109956415904,4,c2c12,c2c12_090325_exp1_F0003_Data
72ade6e48865de373c6056acc593aaaefe0224004b77188f9a16f73a714e596d,0.5,2.4,0.8990735972840787,4,c2c12,c2c12_090325_exp1_F0003_Data
72e320bc2a286899387941aa8f84617fea4a2f4c3a16ddf5071dc1e50061ba8f,0.25,9.645,6.363565562376699,4,c2c12,c2c12_090318_exp1_F0018_Data
72e320bc2a286899387941aa8f84617fea4a2f4c3a16ddf5071dc1e50061ba8f,0.5,5.835,1.4304894267347796,4,c2c12,c2c12_090318_exp1_F0018_Data
7307d82fe9d7338e603d21c0250872a735f9cdc6bf365686437e144016c6be70,0.25,2.0075,1.6885570763228586,4,c2c12,c2c12_090303_exp1_F0001_Data
7307d82fe9d7338e603d21c0250872a735f9cdc6bf365686437e144016c6be70,0.5,2.2175000000000002,0.9924842568020914,4,c2c12,c2c12_090303_exp1_F0001_Data
7325f42e25745a052d272b653957a4c7f23d7889dd1a10197e991613e32dc1b3,0.25,30.935,6.23000535045249,4,c2c12,c2c12_090325_exp1_F0011_Data
7325f42e25745a052d272b653957a4c7f23d7889dd1a10197e991613e32dc1b3,0.5,41.295,1.2841209704177683,4,c2c12,c2c12_090325_exp1_F0011_Data
735eb76c536608c5e21e070aa1c053de6716897a274b8f5362c13a02bc6cb10a,0.25,14.4775,7.427212913783114,4,c2c12,c2c12_090318_exp1_F0011_Data
735eb76c536608c5e21e070aa1c053de6716897a274b8f5362c13a02bc6cb10a,0.5,15.712499999999999,3.5209598596594844,4,c2c12,c2c12_090318_exp1_F0011_Data
735f21866bfe0e5d421b10927fb604a9625b944e11904422e1f40f67d8a63339,0.25,9.0,4.575288697630638,4,c2c12,c2c12_090325_exp1_F0016_Data
735f21866bfe0e5d421b10927fb604a9625b944e11904422e1f40f67d8a63339,0.5,9.955,2.511805459558257,4,c2c12,c2c12_090325_exp1_F0016_Data
73604863bc8c18a88f74c37031de19cffa53c6f576ba84a723b9339a6327d7df,0.25,26.9325,11.445812553069356,4,c2c12,c2c12_090325_exp1_F0001_Data
73604863bc8c18a88f74c37031de19cffa53c6f576ba84a723b9339a6327d7df,0.5,29.2625,2.495267186762437,4,c2c12,c2c12_090325_exp1_F0001_Data
739016d306b805cd634d90f17c52fe8c69e41856ea7b9849792a333b4d1aa62c,0.25,25.505000000000003,4.78617801591207,4,c2c12,c2c12_090325_exp1_F0013_Data
739016d306b805cd634d90f17c52fe8c69e41856ea7b9849792a333b4d1aa62c,0.5,28.677500000000002,9.693683080577095,4,c2c12,c2c12_090325_exp1_F0013_Data
73c537832ed954b3a0c24c50aff5833e5042735743028a182202d452853c572b,0.25,14.0875,6.98886912645148,4,c2c12,c2c12_090303_exp1_F0003_Data
73c537832ed954b3a0c24c50aff5833e5042735743028a182202d452853c572b,0.5,10.42,1.3263483705271395,4,c2c12,c2c12_090303_exp1_F0003_Data
73cea2a532d3fd383aae9dcad76573ef35425bd0861d964dff53fd74ed00b26a,0.25,25.065,5.0622623401005225,4,c2c12,c2c12_090318_exp1_F0007_Data
73cea2a532d3fd383aae9dcad76573ef35425bd0861d964dff53fd74ed00b26a,0.5,22.61,6.91480537205013,4,c2c12,c2c12_090318_exp1_F0007_Data
73f415e1c2ffb00e3b856fb5baf04f26015d6df68e718002d0ce28615e8fa4b4,0.25,13.04,2.1215246090174555,4,c2c12,c2c12_090325_exp1_F0007_Data
73f415e1c2ffb00e3b856fb5baf04f26015d6df68e718002d0ce28615e8fa4b4,0.5,11.405,1.3779816157457738,4,c2c12,c2c12_090325_exp1_F0007_Data
744513813f4e0ba963314dcef808749706a95d16a72029daba219c41b887aa46,0.25,11.44,5.098973752955915,4,c2c12,c2c12_090325_exp1_F0003_Data
744513813f4e0ba963314dcef808749706a95d16a72029daba219c41b887aa46,0.5,9.1475,2.070609813557349,4,c2c12,c2c12_090325_exp1_F0003_Data
7489b303fbe7a95a9914358de72939fb08ef54ee72e6328596ba9f4e36d05b7d,0.25,13.785,5.32537635602718,4,c2c12,c2c12_090318_exp1_F0003_Data
7489b303fbe7a95a9914358de72939fb08ef54ee72e6328596ba9f4e36d05b7d,0.5,13.345,1.409314254049347,4,c2c12,c2c12_090318_exp1_F0003_Data
74d1c9e112f5540532ffef918802b770864b932a54189a27668b6518db61039d,0.25,14.1375,3.561725939297783,4,c2c12,c2c12_090303_exp1_F0016_Data
74d1c9e112f5540532ffef918802b770864b932a54189a27668b6518db61039d,0.5,17.8975,3.183052779958259,4,c2c12,c2c12_090303_exp1_F0016_Data
750d796092d98f70eb5597c03ac3b0f1f75cfb7b367dd8d48692683bb264863c,0.25,20.09,9.071085932786659,4,c2c12,c2c12_090318_exp1_F0007_Data
750d796092d98f70eb5597c03ac3b0f1f75cfb7b367dd8d48692683bb264863c,0.5,34.1625,5.83705619297947,4,c2c12,c2c12_090318_exp1_F0007_Data
750dc0f74d652660f03af0210e7fdc964d361c38e74fd4e71b47fd0b1691da94,0.25,9.465,4.72076618075216,4,c2c12,c2c12_090303_exp1_F0001_Data
750dc0f74d652660f03af0210e7fdc964d361c38e74fd4e71b47fd0b1691da94,0.5,8.7925,2.8282783337807,4,c2c12,c2c12_090303_exp1_F0001_Data
7515268d90af87eaaad7a18c7c3c9d11ff1db1ddcac3f67151fe6315a9737420,0.25,32.0625,15.712906319328708,4,c2c12,c2c12_090325_exp1_F0001_Data
7515268d90af87eaaad7a18c7c3c9d11ff1db1ddcac3f67151fe6315a9737420,0.5,29.8475,3.560902273300968,4,c2c12,c2c12_090325_exp1_F0001_Data
75498666a451c0236f7ca7e3c26d251dd4cf6fc0b1a1c1f5a80cb1cc2da389cd,0.25,5.825,3.753509468928157,4,c2c12,c2c12_090303_exp1_F0014_Data
75498666a451c0236f7ca7e3c26d251dd4cf6fc0b1a1c1f5a80cb1cc2da389cd,0.5,6.695,1.6138669916280795,4,c2c12,c2c12_090303_exp1_F0014_Data
7614ed966bbe4c3558b409beac08fc28d70061eecbb893dd69716c01b5bf5000,0.25,24.21,9.06779282221791,4,c2c12,c2c12_090325_exp1_F0018_Data
7614ed966bbe4c3558b409beac08fc28d70061eecbb893dd69716c01b5bf5000,0.5,20.939999999999998,7.731619062869905,4,c2c12,c2c12_090325_exp1_F0018_Data
7626e25abcda1dafbde8f1737460e7898ac2569c2b64ec1de599559cf81a68de,0.25,22.2125,5.281504678277457,4,c2c12,c2c12_090325_exp1_F0003_Data
7626e25abcda1dafbde8f1737460e7898ac2569c2b64ec1de599559cf81a68de,0.5,21.572499999999998,2.8435116200454194,4,c2c12,c2c12_090325_exp1_F0003_Data
76348283e7bcaa5a5938ef1606cf0ca0e4ce16e0d2a539557cb0706bd17e7b2c,0.25,49.305,9.039463479654088,4,c2c12,c2c12_090325_exp1_F0003_Data
76348283e7bcaa5a5938ef1606cf0ca0e4ce16e0d2a539557cb0706bd17e7b2c,0.5,43.83,1.3578168752326896,4,c2c12,c2c12_090325_exp1_F0003_Data
764576ac62168dfa80ac09b58d68fa51d6cb58a5e836c72b0d30e88222061413,0.25,4.1325,2.953442906169002,4,c2c12,c2c12_090325_exp1_F0007_Data
764576ac62168dfa80ac09b58d68fa51d6cb58a5e836c72b0d30e88222061413,0.5,4.15,1.4684912892716344,4,c2c12,c2c12_090325_exp1_F0007_Data
7676629de726ad33b07cb5b37d12a657fdbc602be59d15564dc7ad7d55b3b0fc,0.25,1.8275000000000001,1.57322121775674,4,c2c12,c2c12_090303_exp1_F0003_Data
7676629de726ad33b07cb5b37d12a657fdbc602be59d15564dc7ad7d55b3b0fc,0.5,2.25,0.45643546458763845,4,c2c12,c2c12_090303_exp1_F0003_Data
767bad0fa060e5f7fcd490c4a41577067ebbd33e667b4094de296f41c82ccfcb,0.25,61.64,13.792650216691499,4,c2c12,c2c12_090318_exp1_F0013_Data
767bad0fa060e5f7fcd490c4a41577067ebbd33e667b4094de296f41c82ccfcb,0.5,47.447500000000005,9.20781687842817,4,c2c12,c2c12_090318_exp1_F0013_Data
76b417c0d3e907e910a261700eb2b72306fb607a98d823aaebb78bf6cd822639,0.25,13.4725,13.674712367480836,4,c2c12,c2c12_090325_exp1_F0011_Data
76b417c0d3e907e910a261700eb2b72306fb607a98d823aaebb78bf6cd822639,0.5,15.24,3.415562423184017,4,c2c12,c2c12_090325_exp1_F0011_Data
76bc7f41945c99a370d4f1549979fcf1dab0219a180dfc7bdb99f206dc6f0cd0,0.25,40.0775,16.21399472677847,4,c2c12,c2c12_090318_exp1_F0013_Data
76bc7f41945c99a370d4f1549979fcf1dab0219a180dfc7bdb99f206dc6f0cd0,0.5,54.48,8.681797048998554,4,c2c12,c2c12_090318_exp1_F0013_Data
76d83193866057f3c96df8b86c44ea0586e962f3b6845d82b99b31f06a97395b,0.25,6.0024999999999995,1.9160614986650784,4,c2c12,c2c12_090318_exp1_F0001_Data
76d83193866057f3c96df8b86c44ea0586e962f3b6845d82b99b31f06a97395b,0.5,8.88,0.7389632376963466,4,c2c12,c2c12_090318_exp1_F0001_Data
76e472d2568efcc2c9b0dd60533eac85db3f1ba7219ba77a6db9d3f0af563381,0.25,5.227499999999999,5.282987633274692,4,c2c12,c2c12_090303_exp1_F0016_Data
76e472d2568efcc2c9b0dd60533eac85db3f1ba7219ba77a6db9d3f0af563381,0.5,4.859999999999999,0.9670918605110203,4,c2c12,c2c12_090303_exp1_F0016_Data
7754bfdbee1bf01e41046bfac864a6920b9aa25612061be90d0a7d222befab5c,0.25,41.082499999999996,9.013975722916793,4,c2c12,c2c12_090318_exp1_F0007_Data
7754bfdbee1bf01e41046bfac864a6920b9aa25612061be90d0a7d222befab5c,0.5,28.0425,7.583351831479271,4,c2c12,c2c12_090318_exp1_F0007_Data
77983e948b15d80b140d2f7bcb911d8bee788118c6e00a2f47413a67a2b26efe,0.25,13.23,6.292175034649519,4,c2c12,c2c12_090325_exp1_F0005_Data
77983e948b15d80b140d2f7bcb911d8bee788118c6e00a2f47413a67a2b26efe,0.5,6.4175,1.0459883683228348,4,c2c12,c2c12_090325_exp1_F0005_Data
77b275f9fc994c856a1f5b13760fd162c5e6b7272333f56b582752f3ccf5d521,0.25,30.47,2.3715255287121275,4,c2c12,c2c12_090325_exp1_F0003_Data
77b275f9fc994c856a1f5b13760fd162c5e6b7272333f56b582752f3ccf5d521,0.5,27.372500000000002,2.4077150302032573,4,c2c12,c2c12_090325_exp1_F0003_Data
77c2a6398b50c3af5fb05e5dbf3bd0807f0a6c1a2b99551cb3a7e1254c8efebe,0.25,4.8225,2.2069794592005914,4,c2c12,c2c12_090325_exp1_F0005_Data
77c2a6398b50c3af5fb05e5dbf3bd0807f0a6c1a2b99551cb3a7e1254c8efebe,0.5,12.3525,2.5622434830957546,4,c2c12,c2c12_090325_exp1_F0005_Data
77ccbf552910abce2af1b6c07259f6000f08c9ec7fa7e150416c694f8f8cb08b,0.25,17.7025,5.281245907296244,4,c2c12,c2c12_090325_exp1_F0003_Data
77ccbf552910abce2af1b6c07259f6000f08c9ec7fa7e150416c694f8f8cb08b,0.5,16.9375,2.105949904437425,4,c2c12,c2c12_090325_exp1_F0003_Data
77fae5ce79a0cdf42c834fa8e6db415ea3deb86ee294fbff4b3db7ad2934283e,0.25,18.6875,12.63140101756993,4,c2c12,c2c12_090318_exp1_F0001_Data
77fae5ce79a0cdf42c834fa8e6db415ea3deb86ee294fbff4b3db7ad2934283e,0.5,22.27,4.685445549784995,4,c2c12,c2c12_090318_exp1_F0001_Data
7803f96a4da052ee68d65a3f6ede567029e9f0b5c66cd831ab451165b621f830,0.25,27.73,9.89864300464126,4,c2c12,c2c12_090318_exp1_F0003_Data
7803f96a4da052ee68d65a3f6ede567029e9f0b5c66cd831ab451165b621f830,0.5,24.8875,4.019580201961393,4,c2c12,c2c12_090318_exp1_F0003_Data
787c34ad8e35f679d938f6156314a612a7c8b7d6ee1ea8149f4005238e2ef446,0.25,20.7425,7.120914618221453,4,c2c12,c2c12_090325_exp1_F0005_Data
787c34ad8e35f679d938f6156314a612a7c8b7d6ee1ea8149f4005238e2ef446,0.5,20.925,2.6544742103349463,4,c2c12,c2c12_090325_exp1_F0005_Data
78b85e56674d7475170bd2e9f90927e6e8b6bb93802e24eb6bbef22ccdf5f2c8,0.25,9.49,4.669760878960149,4,c2c12,c2c12_090325_exp1_F0011_Data
78b85e56674d7475170bd2e9f90927e6e8b6bb93802e24eb6bbef22ccdf5f2c8,0.5,10.1325,2.3523800004817814,4,c2c12,c2c12_090325_exp1_F0011_Data
78c6a6a423db18c199770617cf23d0fafec5d726e4c8394361f91b0c3694980b,0.25,26.0375,15.649735620770084,4,c2c12,c2c12_090325_exp1_F0013_Data
78c6a6a423db18c199770617cf23d0fafec5d726e4c8394361f91b0c3694980b,0.5,39.879999999999995,3.802911165585299,4,c2c12,c2c12_090325_exp1_F0013_Data
78e31a4f38d247510b814e7d9e6c13899bd08017d0a92298525d65576d22d30a,0.25,3.98,2.830206117346697,4,c2c12,c2c12_090318_exp1_F0011_Data
78e31a4f38d247510b814e7d9e6c13899bd08017d0a92298525d65576d22d30a,0.5,6.4375,2.9312269899594376,4,c2c12,c2c12_090318_exp1_F0011_Data
7903b53fddfe75cfc2ed2b73cbe9713d9328bfc4ba2b1730cff8ba8930bbd564,0.25,17.262500000000003,10.294624406294124,4,c2c12,c2c12_090325_exp1_F0018_Data
7903b53fddfe75cfc2ed2b73cbe9713d9328bfc4ba2b1730cff8ba8930bbd564,0.5,19.6025,5.884088006366549,4,c2c12,c2c12_090325_exp1_F0018_Data
793f43a4de548315aa388f909120b9d3a5c3ff392e447e06f5500c6318c24abf,0.25,6.04,3.503797939379496,4,c2c12,c2c12_090303_exp1_F0012_Data
793f43a4de548315aa388f909120b9d3a5c3ff392e447e06f5500c6318c24abf,0.5,8.36,4.159174597601469,4,c2c12,c2c12_090303_exp1_F0012_Data
799cec98b006bc449420b3bf9483626b2ca86613e4d3abfe4dd91a748ac3387a,0.25,8.8725,0.8376305868340769,4,c2c12,c2c12_090303_exp1_F0014_Data
799cec98b006bc449420b3bf9483626b2ca86613e4d3abfe4dd91a748ac3387a,0.5,10.665,0.804922356504029,4,c2c12,c2c12_090303_exp1_F0014_Data
79b08fc66c2417b12a5369bfee05e2415dec5632347d68bcf2db6c139249abbb,0.25,49.915,3.8024597302272634,4,c2c12,c2c12_090303_exp1_F0010_Data
79b08fc66c2417b12a5369bfee05e2415dec5632347d68bcf2db6c139249abbb,0.5,45.1275,3.7128818546604307,4,c2c12,c2c12_090303_exp1_F0010_Data
79c717a726b90564079821404d588f8cbf1e6fc5f5219d7ebe677dfabebdf6c5,0.25,14.217500000000001,8.173275047372382,4,c2c12,c2c12_090318_exp1_F0018_Data
79c717a726b90564079821404d588f8cbf1e6fc5f5219d7ebe677dfabebdf6c5,0.5,26.17,3.7082520590344648,4,c2c12,c2c12_090318_exp1_F0018_Data
7a2c0ce6f39438cbf46a7bdf146242c4f594e1927822ce661194c70a846f3c6b,0.25,27.9925,8.239083181195994,4,c2c12,c2c12_090303_exp1_F0007_Data
7a2c0ce6f39438cbf46a7bdf146242c4f594e1927822ce661194c70a846f3c6b,0.5,29.81,4.989522355229338,4,c2c12,c2c12_090303_exp1_F0007_Data
7a2e9fa17c104601b550bde89a43395450e6cfc26a41048b98fe1ff5fa58dee0,0.25,7.265000000000001,5.825675926448364,4,c2c12,c2c12_090318_exp1_F0016_Data
7a2e9fa17c104601b550bde89a43395450e6cfc26a41048b98fe1ff5fa58dee0,0.5,9.677499999999998,1.8685533620067327,4,c2c12,c2c12_090318_exp1_F0016_Data
7a7c43b1f98bf12042552568d58837ed50a84e34434df5db294f38dab18d719c,0.25,31.572499999999998,10.29436213015001,4,c2c12,c2c12_090325_exp1_F0005_Data
7a7c43b1f98bf12042552568d58837ed50a84e34434df5db294f38dab18d719c,0.5,33.055,4.086143250874431,4,c2c12,c2c12_090325_exp1_F0005_Data
7ab22fb7a29368e033d431d500f1afae04711248de0158a61b58aab3642ace1a,0.25,21.457500000000003,17.222660218444773,4,c2c12,c2c12_090318_exp1_F0018_Data
7ab22fb7a29368e033d431d500f1afae04711248de0158a61b58aab3642ace1a,0.5,22.7825,2.3368693445148643,4,c2c12,c2c12_090318_exp1_F0018_Data
7ab6fb445cfbc764fc192ff75260bf1ed5b6a9a48a68f60e72e5852412088de5,0.25,17.775,8.176880008087844,4,c2c12,c2c12_090318_exp1_F0007_Data
7ab6fb445cfbc764fc192ff75260bf1ed5b6a9a48a68f60e72e5852412088de5,0.5,16.445,4.251372327456942,4,c2c12,c2c12_090318_exp1_F0007_Data
7af4913cd58b2ac37f08249b0f74eb974db384cdc19b26149470340d94aa4e8a,0.25,2.6675,1.8020983140032436,4,c2c12,c2c12_090325_exp1_F0018_Data
7af4913cd58b2ac37f08249b0f74eb974db384cdc19b26149470340d94aa4e8a,0.5,4.995,0.6487166818676189,4,c2c12,c2c12_090325_exp1_F0018_Data
7b03fd36446fe639a1e0fd6119c2a9ba6fa0bcd52d71a2ca749d1db20a0fb642,0.25,46.185,13.997629561226905,4,c2c12,c2c12_090303_exp1_F0003_Data
7b03fd36446fe639a1e0fd6119c2a9ba6fa0bcd52d71a2ca749d1db20a0fb642,0.5,47.917500000000004,6.250825945425134,4,c2c12,c2c12_090303_exp1_F0003_Data
7b1b04d71029d2e274ea4e8cbd284a17ed4015709ae2caebbbb842baf8232d30,0.25,6.8925,2.234686778946884,4,c2c12,c2c12_090303_exp1_F0014_Data
7b1b04d71029d2e274ea4e8cbd284a17ed4015709ae2caebbbb842baf8232d30,0.5,6.2225,1.1105966864708359,4,c2c12,c2c12_090303_exp1_F0014_Data
7b341a3584118c10ed11fbbfad0b4acdf4b183f4988e4e3db266854ac6ae5529,0.25,13.3375,3.578150127277131,4,c2c12,c2c12_090325_exp1_F0005_Data
7b341a3584118c10ed11fbbfad0b4acdf4b183f4988e4e3db266854ac6ae5529,0.5,9.21,3.4091152322364615,4,c2c12,c2c12_090325_exp1_F0005_Data
7b37e6779949aa61bdc775e11fc65582bc7b3729b9548ad9d9c36b88913eb4ca,0.25,6.2,2.5075486037163865,4,c2c12,c2c12_090318_exp1_F0007_Data
7b37e6779949aa61bdc775e11fc65582bc7b3729b9548ad9d9c36b88913eb4ca,0.5,9.4975,3.142593143673974,4,c2c12,c2c12_090318_exp1_F0007_Data
7b66cce41867f303c7d74bb481426b439dcc0bad95897d1717893f27f6290c5b,0.25,13.4375,10.913298844376373,4,c2c12,c2c12_090318_exp1_F0018_Data
7b66cce41867f303c7d74bb481426b439dcc0bad95897d1717893f27f6290c5b,0.5,15.2825,4.564313566499715,4,c2c12,c2c12_090318_exp1_F0018_Data
7ba657c8e37072093f995fba112807f3a34f710c0b72cfa39500b351ba88e95a,0.25,29.285,7.333987092071178,4,c2c12,c2c12_090325_exp1_F0003_Data
7ba657c8e37072093f995fba112807f3a34f710c0b72cfa39500b351ba88e95a,0.5,30.445,2.927962886832187,4,c2c12,c2c12_090325_exp1_F0003_Data
7bb4f742bb8d0b22e9dcbae3065ed343145ef9ce9036fb3d37f0c04ded6a7265,0.25,26.3275,17.339247148208788,4,c2c12,c2c12_090318_exp1_F0011_Data
7bb4f742bb8d0b22e9dcbae3065ed343145ef9ce9036fb3d37f0c04ded6a7265,0.5,40.0025,2.9761202372664077,4,c2c12,c2c12_090318_exp1_F0011_Data
7bcdb07e9d252e711584a25f2c65d68a04bf4b6c5c1f96b3b11784ec44aab05d,0.25,10.4575,3.2682755391796454,4,c2c12,c2c12_090303_exp1_F0012_Data
7bcdb07e9d252e711584a25f2c65d68a04bf4b6c5c1f96b3b11784ec44aab05d,0.5,8.204999999999998,0.8862091551471735,4,c2c12,c2c12_090303_exp1_F0012_Data
7c6b00b11920912800f8dabb46f7a8f9455ac57362582c511fe304d09ab14288,0.25,10.8775,4.154646996637219,4,c2c12,c2c12_090318_exp1_F0005_Data
7c6b00b11920912800f8dabb46f7a8f9455ac57362582c511fe304d09ab14288,0.5,7.77,1.2361499369682734,4,c2c12,c2c12_090318_exp1_F0005_Data
7c6c0c761ad7f365481cc5aebca7bf1e53f0de42f740fa231a764a55523da433,0.25,11.385,3.7731021719534708,4,c2c12,c2c12_090318_exp1_F0005_Data
7c6c0c761ad7f365481cc5aebca7bf1e53f0de42f740fa231a764a55523da433,0.5,13.125,2.289242960747796,4,c2c12,c2c12_090318_exp1_F0005_Data
7c71e95b4d9130596796fda9fb6c606e4e421414baef6d78c33249f27cd3cb5d,0.25,10.120000000000001,2.81267369833995,4,c2c12,c2c12_090318_exp1_F0003_Data
7c71e95b4d9130596796fda9fb6c606e4e421414baef6d78c33249f27cd3cb5d,0.5,6.8425,0.8776626155116026,4,c2c12,c2c12_090318_exp1_F0003_Data
7c885e50cec34cb93651fc16b239fbb9146e12e9d5d28ee49047b638f1e01d06,0.25,46.21,6.3525847757691,4,c2c12,c2c12_090318_exp1_F0013_Data
7c885e50cec34cb93651fc16b239fbb9146e12e9d5d28ee49047b638f1e01d06,0.5,31.25,11.73576584633487,4,c2c12,c2c12_090318_exp1_F0013_Data
7ca92f6e7ec2a7d837c7e2db5e6beecab1b61f5bfbf57c56ad481f618e337d44,0.25,8.265,7.69881592627507,4,c2c12,c2c12_090318_exp1_F0001_Data
7ca92f6e7ec2a7d837c7e2db5e6beecab1b61f5bfbf57c56ad481f618e337d44,0.5,8.39,1.3198737313344286,4,c2c12,c2c12_090318_exp1_F0001_Data
7ca9920b195293c8c4bf32e43cae1ad78c93f161075cb3b5cf196bceb6860fb2,0.25,6.535,6.990147828670483,4,c2c12,c2c12_090325_exp1_F0005_Data
7ca9920b195293c8c4bf32e43cae1ad78c93f161075cb3b5cf196bceb6860fb2,0.5,8.085,2.312062571240954,4,c2c12,c2c12_090325_exp1_F0005_Data
7cac734cd63a2ba8f6516ee277dd687820515f7026e3a4c25ab6d853f3faa382,0.25,21.05,2.2319647547993817,4,c2c12,c2c12_090303_exp1_F0014_Data
7cac734cd63a2ba8f6516ee277dd687820515f7026e3a4c25ab6d853f3faa382,0.5,24.02,1.1872938417538712,4,c2c12,c2c12_090303_exp1_F0014_Data
7cb15adfcc619565da2598fbf642f9ea1d5a3d1e7bb0c81295be4a0f658ab6ab,0.25,20.845,3.235227967238165,4,c2c12,c2c12_090325_exp1_F0007_Data
7cb15adfcc619565da2598fbf642f9ea1d5a3d1e7bb0c81295be4a0f658ab6ab,0.5,26.5425,4.249928430769942,4,c2c12,c2c12_090325_exp1_F0007_Data
7cb68bcadc3151a0fbd6178c1cf5126c03ba71fc911197261648e177192edd3f,0.25,1.3800000000000001,2.392167775609952,4,c2c12,c2c12_090303_exp1_F0014_Data
7cb68bcadc3151a0fbd6178c1cf5126c03ba71fc911197261648e177192edd3f,0.5,2.2175000000000002,0.24102212899787176,4,c2c12,c2c12_090303_exp1_F0014_Data
7cf2e0090b7683e2adff0e6ea74cde5608d02462a6e06d5b79a1ddb661252c93,0.25,0.96,0.7980392638627918,4,c2c12,c2c12_090303_exp1_F0007_Data
7cf2e0090b7683e2adff0e6ea74cde5608d02462a6e06d5b79a1ddb661252c93,0.5,2.6550000000000002,1.305130900203756,4,c2c12,c2c12_090303_exp1_F0007_Data
7cffd6839be7cbf37b8424391038956bbcbf1aaf85d0bb15f214cd1931c90e51,0.25,39.2475,4.883027578596433,4,c2c12,c2c12_090303_exp1_F0001_Data
7cffd6839be7cbf37b8424391038956bbcbf1aaf85d0bb15f214cd1931c90e51,0.5,38.045,6.268729270487494,4,c2c12,c2c12_090303_exp1_F0001_Data
7d1d2cd28373f8c59456a3a8d647fc568463a16b65ee0a6afd87e9fefe7038f3,0.25,19.205,8.624733812317533,4,c2c12,c2c12_090303_exp1_F0012_Data
7d1d2cd28373f8c59456a3a8d647fc568463a16b65ee0a6afd87e9fefe7038f3,0.5,22.96,5.563302376586529,4,c2c12,c2c12_090303_exp1_F0012_Data
7d2b1553148840a8b5f176d45bae794021cc16cc5931400b0cd5e009f004a3b2,0.25,12.969999999999999,5.412411662096667,4,c2c12,c2c12_090318_exp1_F0016_Data
7d2b1553148840a8b5f176d45bae794021cc16cc5931400b0cd5e009f004a3b2,0.5,20.0425,2.5854770675190033,4,c2c12,c2c12_090318_exp1_F0016_Data
7d3e4d26f66abcc4637c6061c2d6f76fe676dc3f79f938057acf35217811eeef,0.25,5.8525,3.98601200031644,4,c2c12,c2c12_090325_exp1_F0003_Data
7d3e4d26f66abcc4637c6061c2d6f76fe676dc3f79f938057acf35217811eeef,0.5,5.1875,1.5012966617782997,4,c2c12,c2c12_090325_exp1_F0003_Data
7d4f323f8b306a019b3f8cde3f7a06408a44d35acf3f708cd6d5d776c8a569c4,0.25,17.305,3.244169128349096,4,c2c12,c2c12_090303_exp1_F0014_Data
7d4f323f8b306a019b3f8cde3f7a06408a44d35acf3f708cd6d5d776c8a569c4,0.5,14.775,1.356895967518021,4,c2c12,c2c12_090303_exp1_F0014_Data
7d5a42baff7a1c5ec3839a6156f97f68ee1b3d4bef1a714a746bb8d38efe3864,0.25,42.315,23.515768468554594,4,c2c12,c2c12_090318_exp1_F0001_Data
7d5a42baff7a1c5ec3839a6156f97f68ee1b3d4bef1a714a746bb8d38efe3864,0.5,37.845,7.1083729971538965,4,c2c12,c2c12_090318_exp1_F0001_Data
7d5f74261601edba226a2a96d8155b12ba58f94683d191db3389f9a9557da60d,0.25,20.9825,1.738608159802931,4,c2c12,c2c12_090303_exp1_F0007_Data
7d5f74261601edba226a2a96d8155b12ba58f94683d191db3389f9a9557da60d,0.5,22.605,1.8756243404974948,4,c2c12,c2c12_090303_exp1_F0007_Data
7dd6165449301150caddfe4edfc6eb4afc5de0377e6a10a5a320f05d0760dcc9,0.25,7.5125,1.1079824005822476,4,c2c12,c2c12_090325_exp1_F0016_Data
7dd6165449301150caddfe4edfc6eb4afc5de0377e6a10a5a320f05d0760dcc9,0.5,8.8225,2.3188413054799595,4,c2c12,c2c12_090325_exp1_F0016_Data
7de223cbc866235ee719bf7880e2847ebc36e2d0a4ddfce93ee62a24065eba7f,0.25,1.265,0.8698084080225178,4,c2c12,c2c12_090303_exp1_F0014_Data
7de223cbc866235ee719bf7880e2847ebc36e2d0a4ddfce93ee62a24065eba7f,0.5,0.99,0.3007767721528155,4,c2c12,c2c12_090303_exp1_F0014_Data
7debb5035fefda9af26f9b70c68360d648d0dec2d8962720b3bf3120aee06c83,0.25,15.5375,1.6443311710236477,4,c2c12,c2c12_090303_exp1_F0010_Data
7debb5035fefda9af26f9b70c68360d648d0dec2d8962720b3bf3120aee06c83,0.5,15.9025,1.1104165884928057,4,c2c12,c2c12_090303_exp1_F0010_Data
7df3ae0dae6cf8f7e7db95797306c8709405e98bf8aabb1088bfe4f39e22fee0,0.25,5.6475,3.8350260755306476,4,c2c12,c2c12_090303_exp1_F0005_Data
7df3ae0dae6cf8f7e7db95797306c8709405e98bf8aabb1088bfe4f39e22fee0,0.5,5.827500000000001,0.6215236654115973,4,c2c12,c2c12_090303_exp1_F0005_Data
7e03d9bb3df94dafbb8f85148f8192d0c70d938251b001671c1c7d7d40c46966,0.25,5.6075,1.5779179319597074,4,c2c12,c2c12_090325_exp1_F0018_Data
7e03d9bb3df94dafbb8f85148f8192d0c70d938251b001671c1c7d7d40c46966,0.5,6.6525,3.6908659778792656,4,c2c12,c2c12_090325_exp1_F0018_Data
7e7e553037863ac313af3324cce68696d0bd191b5ec93e8f5cfe8cebf4c3a9cc,0.25,26.625,5.357614518919156,4,c2c12,c2c12_090325_exp1_F0003_Data
7e7e553037863ac313af3324cce68696d0bd191b5ec93e8f5cfe8cebf4c3a9cc,0.5,26.765,1.9047572023751478,4,c2c12,c2c12_090325_exp1_F0003_Data
7e8dbfede2cef9fd7a7d85f6f2631c024a711ed59c06e42cceb6bf6bacdd24a1,0.25,16.815,4.520991779097446,4,c2c12,c2c12_090318_exp1_F0001_Data
7e8dbfede2cef9fd7a7d85f6f2631c024a711ed59c06e42cceb6bf6bacdd24a1,0.5,16.705,2.033724006185041,4,c2c12,c2c12_090318_exp1_F0001_Data
7e9b936850c6d608bd99ec5724c07749272b95b721503856ff90be01762ecc48,0.25,11.17,7.71590997009858,4,c2c12,c2c12_090325_exp1_F0013_Data
7e9b936850c6d608bd99ec5724c07749272b95b721503856ff90be01762ecc48,0.5,11.895,2.614580909693432,4,c2c12,c2c12_090325_exp1_F0013_Data
7eaa593f99048c941f45ae20d9d633810be7a9bfd3edfa3df4c4ad266602816b,0.25,22.48,4.865161867810773,4,c2c12,c2c12_090318_exp1_F0005_Data
7eaa593f99048c941f45ae20d9d633810be7a9bfd3edfa3df4c4ad266602816b,0.5,16.2075,2.6179046965082584,4,c2c12,c2c12_090318_exp1_F0005_Data
7eb4452ec9aa9a64b30261419d446493c94ef0e6fcce0846169fb55b7e54bafe,0.25,49.3875,5.754901534054831,4,c2c12,c2c12_090325_exp1_F0001_Data
7eb4452ec9aa9a64b30261419d446493c94ef0e6fcce0846169fb55b7e54bafe,0.5,52.7275,0.7909646009778157,4,c2c12,c2c12_090325_exp1_F0001_Data
7ebeab3de0e28dd8b3a8521d0882d1a6310ad9b7dee39b95306169d3e996a305,0.25,20.72,6.6310783436783485,4,c2c12,c2c12_090325_exp1_F0013_Data
7ebeab3de0e28dd8b3a8521d0882d1a6310ad9b7dee39b95306169d3e996a305,0.5,36.995,2.428147441981235,4,c2c12,c2c12_090325_exp1_F0013_Data
7ec09ca6ee45fc103476473f24b0b16bb9230d66c22f89625b8ecdeef7e4b327,0.25,8.72,2.7854742265306753,4,c2c12,c2c12_090303_exp1_F0001_Data
7ec09ca6ee45fc103476473f24b0b16bb9230d66c22f89625b8ecdeef7e4b327,0.5,7.890000000000001,0.6918574034197128,4,c2c12,c2c12_090303_exp1_F0001_Data
7ec9c12c7b4e3455129a142d7fe39109032eff2aa8d745751e93293605d58fc3,0.25,7.4125,3.239304194833617,4,c2c12,c2c12_090303_exp1_F0007_Data
7ec9c12c7b4e3455129a142d7fe39109032eff2aa8d745751e93293605d58fc3,0.5,10.235,2.1065057955454733,4,c2c12,c2c12_090303_exp1_F0007_Data
7eccc526edcaaa5789ee5db5d19d5125d7022d99ae0591c4808b629a72ba877e,0.25,44.8725,8.261490482957662,4,c2c12,c2c12_090303_exp1_F0001_Data
7eccc526edcaaa5789ee5db5d19d5125d7022d99ae0591c4808b629a72ba877e,0.5,46.9875,5.543328572858246,4,c2c12,c2c12_090303_exp1_F0001_Data
7edf6135f577f60b70a165be5765428bde314190309d1dc5ec585e7ecb04fe21,0.25,5.1375,1.9578283036739117,4,c2c12,c2c12_090325_exp1_F0007_Data
7edf6135f577f60b70a165be5765428bde314190309d1dc5ec585e7ecb04fe21,0.5,5.9075,0.22066188313042837,4,c2c12,c2c12_090325_exp1_F0007_Data
7ef835a9a8abc92f40194ebcf682c28a34acbd8f5bc348325cc019fb57f3cfa1,0.25,42.7875,9.780809015618289,4,c2c12,c2c12_090318_exp1_F0018_Data
7ef835a9a8abc92f40194ebcf682c28a34acbd8f5bc348325cc019fb57f3cfa1,0.5,31.884999999999998,4.369176123710282,4,c2c12,c2c12_090318_exp1_F0018_Data
7f1a5e4ce372e6ff8385db9f79163126ca9b06f547a2f5a4039542d510490db8,0.25,16.7175,7.98452826826148,4,c2c12,c2c12_090325_exp1_F0011_Data
7f1a5e4ce372e6ff8385db9f79163126ca9b06f547a2f5a4039542d510490db8,0.5,20.5475,4.710161886814508,4,c2c12,c2c12_090325_exp1_F0011_Data
7f248f059234529dd0ca6f50503d0ac4cd072277bfb390c99cbf7a2619992f19,0.25,29.89,7.124577180436742,4,c2c12,c2c12_090325_exp1_F0016_Data
7f248f059234529dd0ca6f50503d0ac4cd072277bfb390c99cbf7a2619992f19,0.5,31.2775,4.763173836844506,4,c2c12,c2c12_090325_exp1_F0016_Data
7f556ff89a8ce34bad59a830ce9bfbd17a296e6855f2f40d32fdbf690306ac90,0.25,2.0825,1.9492968817841303,4,c2c12,c2c12_090325_exp1_F0011_Data
7f556ff89a8ce34bad59a830ce9bfbd17a296e6855f2f40d32fdbf690306ac90,0.5,3.5275,2.4146411051472363,4,c2c12,c2c12_090325_exp1_F0011_Data
7f55a2797097aff5714319b7886172c6da559b50def76362e207406444025ed2,0.25,37.18,5.086033162822801,4,c2c12,c2c12_090303_exp1_F0001_Data
7f55a2797097aff5714319b7886172c6da559b50def76362e207406444025ed2,0.5,40.415,1.278267056082831,4,c2c12,c2c12_090303_exp1_F0001_Data
7f5fc451da656130511fdcaea5a4bbfece8638c33bca8bcece70e4b5367694de,0.25,21.63,8.854467798800785,4,c2c12,c2c12_090303_exp1_F0001_Data
7f5fc451da656130511fdcaea5a4bbfece8638c33bca8bcece70e4b5367694de,0.5,22.435,0.8410112960002388,4,c2c12,c2c12_090303_exp1_F0001_Data
7fb4d6e7f6d40c036959a57ecd0ffe8ee5a4bc8f8fb12b32de5f47862d95d08e,0.25,39.14,12.594080620143206,4,c2c12,c2c12_090325_exp1_F0003_Data
7fb4d6e7f6d40c036959a57ecd0ffe8ee5a4bc8f8fb12b32de5f47862d95d08e,0.5,24.36,2.1655638218871935,4,c2c12,c2c12_090325_exp1_F0003_Data
7fc61fb3779025ae502216aecd064dea3a1506a3a7d246dcc11c272bc73d715a,0.25,13.6875,3.1649789362121616,4,c2c12,c2c12_090318_exp1_F0001_Data
7fc61fb3779025ae502216aecd064dea3a1506a3a7d246dcc11c272bc73d715a,0.5,10.62,1.9534072796014668,4,c2c12,c2c12_090318_exp1_F0001_Data
7fd4f1359b43558676cb7c1491121cddb3b2be267c97e6f88f625dfe0502c9c0,0.25,14.9425,10.003490640771352,4,c2c12,c2c12_090318_exp1_F0005_Data
7fd4f1359b43558676cb7c1491121cddb3b2be267c97e6f88f625dfe0502c9c0,0.5,18.0325,4.273198450809418,4,c2c12,c2c12_090318_exp1_F0005_Data
7fd51859c5d1ec622a3afaab12694493dd3ee2f95d5d5eb319bb662fdae977a8,0.25,12.75,3.190109715981569,4,c2c12,c2c12_090303_exp1_F0010_Data
7fd51859c5d1ec622a3afaab12694493dd3ee2f95d5d5eb319bb662fdae977a8,0.5,14.29,2.098682126160764,4,c2c12,c2c12_090303_exp1_F0010_Data
7fdc96d67ee3d5666af05c8ea990e06f84125373e5ac23856fdd28e4528624ee,0.25,15.355,7.034299301754701,4,c2c12,c2c12_090318_exp1_F0001_Data
7fdc96d67ee3d5666af05c8ea990e06f84125373e5ac23856fdd28e4528624ee,0.5,16.182499999999997,4.9395504181386105,4,c2c12,c2c12_090318_exp1_F0001_Data
7fe9c76adf818c7e72db0efa72f3b86bc2d277fa6b36e88609fbee119dec9789,0.25,17.7175,3.4103702145075094,4,c2c12,c2c12_090303_exp1_F0010_Data
7fe9c76adf818c7e72db0efa72f3b86bc2d277fa6b36e88609fbee119dec9789,0.5,16.4575,2.218503624818615,4,c2c12,c2c12_090303_exp1_F0010_Data
8002d6bfdea562a58870d2e84c1ee15a054e02eba35fe98a78d784230ee8da7e,0.25,7.237500000000001,5.553145505026859,4,c2c12,c2c12_090325_exp1_F0013_Data
8002d6bfdea562a58870d2e84c1ee15a054e02eba35fe98a78d784230ee8da7e,0.5,8.2475,1.8402966246414374,4,c2c12,c2c12_090325_exp1_F0013_Data
8013982135c53a480965d4e0c33537fb34dee6144c430180634e3778d8f99166,0.25,10.605,2.9423856533998616,4,c2c12,c2c12_090303_exp1_F0005_Data
8013982135c53a480965d4e0c33537fb34dee6144c430180634e3778d8f99166,0.5,6.9125,1.5963369527348126,4,c2c12,c2c12_090303_exp1_F0005_Data
804fa9f4fe549d5d6aea00785c16a7a34861a57debc82c954df8c2e94a38f283,0.25,30.95,11.980751228533208,4,c2c12,c2c12_090325_exp1_F0001_Data
804fa9f4fe549d5d6aea00785c16a7a34861a57debc82c954df8c2e94a38f283,0.5,30.802500000000002,0.49405633956732786,4,c2c12,c2c12_090325_exp1_F0001_Data
8059fb0ab188fb8d7ef99fd15c5551ba7186cf5a393c2b48c6a65626678c65d5,0.25,1.185,1.0958558299338468,4,c2c12,c2c12_090303_exp1_F0010_Data
8059fb0ab188fb8d7ef99fd15c5551ba7186cf5a393c2b48c6a65626678c65d5,0.5,3.255,0.8618777948951541,4,c2c12,c2c12_090303_exp1_F0010_Data
807060f34cbfa760446885ed4874ebb3354866811eead4f96e3b1eb430b91a86,0.25,38.5275,8.368342627625458,4,c2c12,c2c12_090303_exp1_F0001_Data
807060f34cbfa760446885ed4874ebb3354866811eead4f96e3b1eb430b91a86,0.5,36.3,4.952137585595405,4,c2c12,c2c12_090303_exp1_F0001_Data
80824f6c029553105f75033da865f4f4b31ddf5dc896fa3dc522dc55864bead9,0.25,8.16,4.562250906442271,4,c2c12,c2c12_090303_exp1_F0010_Data
80824f6c029553105f75033da865f4f4b31ddf5dc896fa3dc522dc55864bead9,0.5,10.932500000000001,1.821544674170798,4,c2c12,c2c12_090303_exp1_F0010_Data
80846bcc9e516c88213f7513e7bc45aff1f3f3f0f2027a1a554fadd7df2854e1,0.25,8.22,4.113595345517917,4,c2c12,c2c12_090325_exp1_F0007_Data
80846bcc9e516c88213f7513e7bc45aff1f3f3f0f2027a1a554fadd7df2854e1,0.5,8.379999999999999,1.5267612779999362,4,c2c12,c2c12_090325_exp1_F0007_Data
808feaa446bdb7e9c781802e0f1cb5656c52e6986c433f67b01e5eaa355c4f6f,0.25,2.5125,2.1324223315281614,4,c2c12,c2c12_090303_exp1_F0001_Data
808feaa446bdb7e9c781802e0f1cb5656c52e6986c433f67b01e5eaa355c4f6f,0.5,4.555,0.3556683848755743,4,c2c12,c2c12_090303_exp1_F0001_Data
8092211f776bc2264b1a665dc6c71de3b4bbed4d631af3fdaea331cf1d23453b,0.25,26.7575,7.806067618632743,4,c2c12,c2c12_090303_exp1_F0001_Data
8092211f776bc2264b1a665dc6c71de3b4bbed4d631af3fdaea331cf1d23453b,0.5,26.5775,1.398102881288308,4,c2c12,c2c12_090303_exp1_F0001_Data
80982273959569a7e6ce1c3b23a0df4794ca927d5b5fc5dab8c79bef1fed69c5,0.25,34.675,6.360972147924143,4,c2c12,c2c12_090325_exp1_F0001_Data
80982273959569a7e6ce1c3b23a0df4794ca927d5b5fc5dab8c79bef1fed69c5,0.5,35.207499999999996,2.0220348661682346,4,c2c12,c2c12_090325_exp1_F0001_Data
80a5da25fc6843f82da037c636086d93c1c538703e02b974ecddd8fea8556543,0.25,9.3325,4.70490081369062,4,c2c12,c2c12_090318_exp1_F0013_Data
80a5da25fc6843f82da037c636086d93c1c538703e02b974ecddd8fea8556543,0.5,23.627499999999998,5.058243272125215,4,c2c12,c2c12_090318_exp1_F0013_Data
80e611b41d34c9724157cd693e48ae5d1b845753e36c3eb3f1c5963aa56eddfd,0.25,8.737499999999999,9.207892900477647,4,c2c12,c2c12_090318_exp1_F0016_Data
80e611b41d34c9724157cd693e48ae5d1b845753e36c3eb3f1c5963aa56eddfd,0.5,18.045,2.748872496133642,4,c2c12,c2c12_090318_exp1_F0016_Data
80e75241d6cab4686f2fdf22193727ed4f98373cd77ac818885b899fcdae072c,0.25,22.4725,2.796335399530369,4,c2c12,c2c12_090325_exp1_F0016_Data
80e75241d6cab4686f2fdf22193727ed4f98373cd77ac818885b899fcdae072c,0.5,24.5325,1.940418769235135,4,c2c12,c2c12_090325_exp1_F0016_Data
80fea8c04863bcb185c6d5cc4ce2731fd4c32440b1192733220896957f6b2c9a,0.25,8.2825,6.097575337787965,4,c2c12,c2c12_090303_exp1_F0016_Data
80fea8c04863bcb185c6d5cc4ce2731fd4c32440b1192733220896957f6b2c9a,0.5,6.6825,1.8376864984721057,4,c2c12,c2c12_090303_exp1_F0016_Data
81230a1824fff0a2070dc80c51752a017e0c4976ec0ea70e28efea1b3412c519,0.25,14.344999999999999,18.390244696577582,4,c2c12,c2c12_090318_exp1_F0013_Data
81230a1824fff0a2070dc80c51752a017e0c4976ec0ea70e28efea1b3412c519,0.5,12.355,7.94745032489456,4,c2c12,c2c12_090318_exp1_F0013_Data
812e170cc616126c7b17dc34545600cf274da02f5ec16927e1e9bbfc0ef7eb9e,0.25,9.185,3.605407975065605,4,c2c12,c2c12_090325_exp1_F0007_Data
812e170cc616126c7b17dc34545600cf274da02f5ec16927e1e9bbfc0ef7eb9e,0.5,9.34,2.213985847591021,4,c2c12,c2c12_090325_exp1_F0007_Data
8134bf40566e26156ce9f1c4ff17b76b583fcfab932b9f00a5d19b6c526080fe,0.25,11.4,7.458225883769768,4,c2c12,c2c12_090303_exp1_F0010_Data
8134bf40566e26156ce9f1c4ff17b76b583fcfab932b9f00a5d19b6c526080fe,0.5,9.92,1.650474679195857,4,c2c12,c2c12_090303_exp1_F0010_Data
81493d99e7b2136dd2d940d4aeb6bed73d39ebc0b8af8338f3984b2a56039c0c,0.25,2.3850000000000002,3.338108246697023,4,c2c12,c2c12_090318_exp1_F0003_Data
81493d99e7b2136dd2d940d4aeb6bed73d39ebc0b8af8338f3984b2a56039c0c,0.5,3.7725,0.3716965608306502,4,c2c12,c2c12_090318_exp1_F0003_Data
81902a31fad598207cb1cd142a81f85b18bf3ce0a70caf906fc6ba4a1efe325b,0.25,3.735,2.599288364148926,4,c2c12,c2c12_090318_exp1_F0005_Data
81902a31fad598207cb1cd142a81f85b18bf3ce0a70caf906fc6ba4a1efe325b,0.5,3.1075,1.1366141239077872,4,c2c12,c2c12_090318_exp1_F0005_Data
81b27759563ea66460e8adf682a6096cfbefa29020418e6e18d9002f7d916ed1,0.25,32.447500000000005,13.172219187871624,4,c2c12,c2c12_090318_exp1_F0018_Data
81b27759563ea66460e8adf682a6096cfbefa29020418e6e18d9002f7d916ed1,0.5,27.3325,1.6946263108229296,4,c2c12,c2c12_090318_exp1_F0018_Data
81e7da8de659877b8f96cccb3775f55aa91044926d1bb51dd7008722128f907a,0.25,13.4725,9.431590092167209,4,c2c12,c2c12_090303_exp1_F0012_Data
81e7da8de659877b8f96cccb3775f55aa91044926d1bb51dd7008722128f907a,0.5,21.3725,8.739089864892492,4,c2c12,c2c12_090303_exp1_F0012_Data
81ece2b10596afcfe3f2c4428aa19ae221e098cd1082e8846f15525c8846f72e,0.25,9.9125,3.7424624246610674,4,c2c12,c2c12_090318_exp1_F0011_Data
81ece2b10596afcfe3f2c4428aa19ae221e098cd1082e8846f15525c8846f72e,0.5,7.2524999999999995,0.7310893698219572,4,c2c12,c2c12_090318_exp1_F0011_Data
81ef67284382ed5b3c58108cdaf4261a3e7c489a31efdbda4663f488d6efcbb3,0.25,9.592500000000001,6.4012882817966155,4,c2c12,c2c12_090325_exp1_F0003_Data
81ef67284382ed5b3c58108cdaf4261a3e7c489a31efdbda4663f488d6efcbb3,0.5,8.55,2.145926373387493,4,c2c12,c2c12_090325_exp1_F0003_Data
821034fd305e907844c4d7a58e995c797a00ca76c6346a22ddb427bb4b2f83bc,0.25,37.0025,5.155045263299506,4,c2c12,c2c12_090318_exp1_F0001_Data
821034fd305e907844c4d7a58e995c797a00ca76c6346a22ddb427bb4b2f83bc,0.5,39.5275,5.184305642995984,4,c2c12,c2c12_090318_exp1_F0001_Data
8212079ccf4ce7eee1723a8a45301cef3f7309b9d85bcd983cc920a91e7472fb,0.25,31.3925,11.207891193262002,4,c2c12,c2c12_090303_exp1_F0014_Data
8212079ccf4ce7eee1723a8a45301cef3f7309b9d85bcd983cc920a91e7472fb,0.5,29.565,0.6630485150675879,4,c2c12,c2c12_090303_exp1_F0014_Data
821823580597f499dbfb8255dbc956102a7d4c36fb31c049b32b1834dff84c38,0.25,0.9575,1.093507354037152,4,c2c12,c2c12_090303_exp1_F0003_Data
821823580597f499dbfb8255dbc956102a7d4c36fb31c049b32b1834dff84c38,0.5,5.9425,2.225044943366313,4,c2c12,c2c12_090303_exp1_F0003_Data
827cd4ce4382ee17b7bbe91ce57538e59f8fdfc345eb0aa31be5677e27d146e7,0.25,10.8925,7.771157678664529,4,c2c12,c2c12_090318_exp1_F0003_Data
827cd4ce4382ee17b7bbe91ce57538e59f8fdfc345eb0aa31be5677e27d146e7,0.5,10.030000000000001,1.9431074768696321,4,c2c12,c2c12_090318_exp1_F0003_Data
828e9900c0f091877539b5aa4313d862711b7e49d75a6b875da0ad436797dffd,0.25,17.4525,11.56565713654006,4,c2c12,c2c12_090303_exp1_F0003_Data
828e9900c0f091877539b5aa4313d862711b7e49d75a6b875da0ad436797dffd,0.5,18.427500000000002,5.5342411403913365,4,c2c12,c2c12_090303_exp1_F0003_Data
82a82aea6afec694fd86851c3f34615e60499750dec9daffb3486d19b7a288ea,0.25,10.11,3.6170429911738675,4,c2c12,c2c12_090325_exp1_F0005_Data
82a82aea6afec694fd86851c3f34615e60499750dec9daffb3486d19b7a288ea,0.5,14.025,4.875711913830293,4,c2c12,c2c12_090325_exp1_F0005_Data
82cd1d16cdb01620e670bff6aa04a1b0dfca19c6cea2c47f5c91d10a411dd38a,0.25,10.6475,4.106623714602219,4,c2c12,c2c12_090325_exp1_F0018_Data
82cd1d16cdb01620e670bff6aa04a1b0dfca19c6cea2c47f5c91d10a411dd38a,0.5,11.095,2.0964334793485184,4,c2c12,c2c12_090325_exp1_F0018_Data
82dc023012e2668ee3d1e4c8e0946038f8ec1811fdd03b0f2949d7f8a9d0d610,0.25,7.4625,4.28860019897713,4,c2c12,c2c12_090318_exp1_F0016_Data
82dc023012e2668ee3d1e4c8e0946038f8ec1811fdd03b0f2949d7f8a9d0d610,0.5,13.625,3.929058411375428,4,c2c12,c2c12_090318_exp1_F0016_Data
82eeeb2852c9d5784e39e27385d94d19532ff9254ee2f976c8a9f895ed7ebe79,0.25,34.545,6.7127565127896585,4,c2c12,c2c12_090325_exp1_F0018_Data
82eeeb2852c9d5784e39e27385d94d19532ff9254ee2f976c8a9f895ed7ebe79,0.5,20.009999999999998,2.801868424224568,4,c2c12,c2c12_090325_exp1_F0018_Data
83257d8b52320658fa266c5e573f207f3822ebc2111668214b5fa8f2237ee79c,0.25,57.522499999999994,10.965653575292873,4,c2c12,c2c12_090325_exp1_F0001_Data
83257d8b52320658fa266c5e573f207f3822ebc2111668214b5fa8f2237ee79c,0.5,56.3425,3.980338134715021,4,c2c12,c2c12_090325_exp1_F0001_Data
8340ab2afe2bf6570adf720c06f69301a0370094746a21db8b5d9d6220e0a2bc,0.25,15.075,1.3164219181807424,4,c2c12,c2c12_090325_exp1_F0011_Data
8340ab2afe2bf6570adf720c06f69301a0370094746a21db8b5d9d6220e0a2bc,0.5,22.2225,3.151479811136347,4,c2c12,c2c12_090325_exp1_F0011_Data
8366983e9aea902f6dbdf8589dd231af3567098d38a395982acebaa9a6ee99a3,0.25,10.752500000000001,5.613687884685669,4,c2c12,c2c12_090318_exp1_F0007_Data
8366983e9aea902f6dbdf8589dd231af3567098d38a395982acebaa9a6ee99a3,0.5,10.165,4.564270660978232,4,c2c12,c2c12_090318_exp1_F0007_Data
837118dc33af0e668e9942c2d1d907aa62511d5809f6989907b261f267fdb394,0.25,49.675,14.958468058817608,4,c2c12,c2c12_090318_exp1_F0013_Data
837118dc33af0e668e9942c2d1d907aa62511d5809f6989907b261f267fdb394,0.5,36.555,9.960617450740695,4,c2c12,c2c12_090318_exp1_F0013_Data
8375e8e95be6ccb6e01c4e12bd7667dd4745215e34ada72125375f1bc1bfad2f,0.25,40.12,17.707990663351197,4,c2c12,c2c12_090318_exp1_F0013_Data
8375e8e95be6ccb6e01c4e12bd7667dd4745215e34ada72125375f1bc1bfad2f,0.5,61.29,2.619732810803421,4,c2c12,c2c12_090318_exp1_F0013_Data
837d41f795d05bd16186ee34a1043b8ac266284c5bd67ad2a95c1b7d7d19ea29,0.25,22.5975,6.655641091084565,4,c2c12,c2c12_090303_exp1_F0007_Data
837d41f795d05bd16186ee34a1043b8ac266284c5bd67ad2a95c1b7d7d19ea29,0.5,20.8925,4.723123084005608,4,c2c12,c2c12_090303_exp1_F0007_Data
8395867ba99b3e8e98c5326e063e6af62f5d418de914a3485141516c9306213b,0.25,16.595,10.027832933058534,4,c2c12,c2c12_090303_exp1_F0012_Data
8395867ba99b3e8e98c5326e063e6af62f5d418de914a3485141516c9306213b,0.5,39.5425,1.2789155562428665,4,c2c12,c2c12_090303_exp1_F0012_Data
8396158a4bcb1b9c14e7eb7da0e5857d982722ec8660786479eccc5b9b538d1c,0.25,32.6475,6.347820492105934,4,c2c12,c2c12_090318_exp1_F0007_Data
8396158a4bcb1b9c14e7eb7da0e5857d982722ec8660786479eccc5b9b538d1c,0.5,34.7025,2.6284516988777464,4,c2c12,c2c12_090318_exp1_F0007_Data
83b792bc9971cc34b1887719e68c0120b38516fd29db2ffc99f12acb83394180,0.25,12.6275,3.4250875901208713,4,c2c12,c2c12_090303_exp1_F0005_Data
83b792bc9971cc34b1887719e68c0120b38516fd29db2ffc99f12acb83394180,0.5,16.31,2.678544380815819,4,c2c12,c2c12_090303_exp1_F0005_Data
83c75354348ebed893091f691455e0bbe51d4b6e06204a1f305672cf2d03d255,0.25,29.505,24.470012259907023,4,c2c12,c2c12_090318_exp1_F0013_Data
83c75354348ebed893091f691455e0bbe51d4b6e06204a1f305672cf2d03d255,0.5,40.08,12.232375076002207,4,c2c12,c2c12_090318_exp1_F0013_Data
83d5c892ed2c48ab64924b62df657c1498a9f39dcfdc696354c933d9202340d9,0.25,3.665,6.461416253423084,4,c2c12,c2c12_090325_exp1_F0018_Data
83d5c892ed2c48ab64924b62df657c1498a9f39dcfdc696354c933d9202340d9,0.5,7.08,2.643041177633574,4,c2c12,c2c12_090325_exp1_F0018_Data
83f8e253fee2d16209064acab9a3a96504f8014ab9593f5baf0cc044cdb63f02,0.25,3.7675,3.309263513230701,4,c2c12,c2c12_090318_exp1_F0005_Data
83f8e253fee2d16209064acab9a3a96504f8014ab9593f5baf0cc044cdb63f02,0.5,5.93,1.8425887586038656,4,c2c12,c2c12_090318_exp1_F0005_Data
8418974b8d9bb505f0a821dd674f960c004d88d08f1584083c303d9bf6f56c3d,0.25,38.545,4.701138160062944,4,c2c12,c2c12_090303_exp1_F0010_Data
8418974b8d9bb505f0a821dd674f960c004d88d08f1584083c303d9bf6f56c3d,0.5,33.7625,2.7092234434735447,4,c2c12,c2c12_090303_exp1_F0010_Data
841ad6db1e7581b322b6048c98fa76cc17d5ffd17b130954e7408aebd2425e7a,0.25,13.8325,11.212815212960571,4,c2c12,c2c12_090318_exp1_F0005_Data
841ad6db1e7581b322b6048c98fa76cc17d5ffd17b130954e7408aebd2425e7a,0.5,15.8875,3.5289505049896435,4,c2c12,c2c12_090318_exp1_F0005_Data
8451ee03ec4085f1078a520051e52a4698bcf8de7d298dc911044fbe4e35a116,0.25,30.0225,2.4083656283878487,4,c2c12,c2c12_090303_exp1_F0014_Data
8451ee03ec4085f1078a520051e52a4698bcf8de7d298dc911044fbe4e35a116,0.5,30.65,2.9490902552030076,4,c2c12,c2c12_090303_exp1_F0014_Data
845714308cd422a4aca3748df3f2babed4b323218fbb2bdf5fb2c448769653a1,0.25,22.3275,9.928703758967398,4,c2c12,c2c12_090303_exp1_F0010_Data
845714308cd422a4aca3748df3f2babed4b323218fbb2bdf5fb2c448769653a1,0.5,24.8475,5.141240933211876,4,c2c12,c2c12_090303_exp1_F0010_Data
84d6acd986ee1da27d5f057cf011042508b83a40169458cc7b6648459714c7bd,0.25,22.777499999999996,17.31864000626685,4,c2c12,c2c12_090303_exp1_F0003_Data
84d6acd986ee1da27d5f057cf011042508b83a40169458cc7b6648459714c7bd,0.5,26.575,4.002220217162801,4,c2c12,c2c12_090303_exp1_F0003_Data
84dfb13fbb954bab6ffd047f3104c815962f29d3cce239f1d4a166ce016363be,0.25,24.6175,4.804583748879813,4,c2c12,c2c12_090325_exp1_F0005_Data
84dfb13fbb954bab6ffd047f3104c815962f29d3cce239f1d4a166ce016363be,0.5,21.939999999999998,1.281509526561027,4,c2c12,c2c12_090325_exp1_F0005_Data
84faa529590f5e2ee4e6be551acd3969350927035902e268d4e0bf61159b333c,0.25,5.355,3.7998289435183787,4,c2c12,c2c12_090303_exp1_F0007_Data
84faa529590f5e2ee4e6be551acd3969350927035902e268d4e0bf61159b333c,0.5,7.7075,1.385312840721065,4,c2c12,c2c12_090303_exp1_F0007_Data
851834e2a12838e21393761b611c3fd3c2dc43658cc881523d4e515f101a5d73,0.25,26.605,14.767645941945748,4,c2c12,c2c12_090303_exp1_F0012_Data
851834e2a12838e21393761b611c3fd3c2dc43658cc881523d4e515f101a5d73,0.5,18.72,5.60785758259486,4,c2c12,c2c12_090303_exp1_F0012_Data
85218688ef5970a4df3a51ad05e048b0136600a521d5e3e168843c5317dce54d,0.25,17.2475,4.06265409964143,4,c2c12,c2c12_090318_exp1_F0001_Data
85218688ef5970a4df3a51ad05e048b0136600a521d5e3e168843c5317dce54d,0.5,14.6375,4.023906683808659,4,c2c12,c2c12_090318_exp1_F0001_Data
852faefd1a247f88bd4c5d95286cd6c34f46f74551a5c81f3e7b51793ca9ad8a,0.25,3.325,2.7182163269320565,4,c2c12,c2c12_090318_exp1_F0007_Data
852faefd1a247f88bd4c5d95286cd6c34f46f74551a5c81f3e7b51793ca9ad8a,0.5,4.16,1.351369675551438,4,c2c12,c2c12_090318_exp1_F0007_Data
85469a709430abc82a4bc14a86ee2cb6235e1f41ec345357416f3acd16c47089,0.25,16.245,3.297842729219612,4,c2c12,c2c12_090318_exp1_F0005_Data
85469a709430abc82a4bc14a86ee2cb6235e1f41ec345357416f3acd16c47089,0.5,15.995000000000001,2.7760223342041037,4,c2c12,c2c12_090318_exp1_F0005_Data
8562a8c2a1ba56e99700e7d053cc38f7fe73751b8358268dab8655ea1b51aff8,0.25,17.6875,7.494835444046343,4,c2c12,c2c12_090325_exp1_F0011_Data
8562a8c2a1ba56e99700e7d053cc38f7fe73751b8358268dab8655ea1b51aff8,0.5,19.0475,1.7320002886835784,4,c2c12,c2c12_090325_exp1_F0011_Data
856a2a16499e8706a3247f698f7c4a729fb4a0df03e85f9e8b213f0dcf632f14,0.25,17.1775,6.942950261476264,4,c2c12,c2c12_090325_exp1_F0011_Data
856a2a16499e8706a3247f698f7c4a729fb4a0df03e85f9e8b213f0dcf632f14,0.5,16.42,2.5631621095826147,4,c2c12,c2c12_090325_exp1_F0011_Data
85721136150b9ad2abf9f859308619ce8e4e2d3a229325d4b005f085e5a22f1f,0.25,8.1775,8.369067550609605,4,c2c12,c2c12_090318_exp1_F0007_Data
85721136150b9ad2abf9f859308619ce8e4e2d3a229325d4b005f085e5a22f1f,0.5,11.11,2.5494443839132215,4,c2c12,c2c12_090318_exp1_F0007_Data
8579e80321616c7007ae988fc81e93d07bcd185d37bccf9c7b14d7f8ab49a34b,0.25,43.64,5.833712368638001,4,c2c12,c2c12_090325_exp1_F0003_Data
8579e80321616c7007ae988fc81e93d07bcd185d37bccf9c7b14d7f8ab49a34b,0.5,43.6625,2.2055592639207555,4,c2c12,c2c12_090325_exp1_F0003_Data
85d2779201bb270d9752aa20b56ba089e5165eab65188d81a44fc6edb37a1afd,0.25,11.2,2.894235650392,4,c2c12,c2c12_090303_exp1_F0014_Data
85d2779201bb270d9752aa20b56ba089e5165eab65188d81a44fc6edb37a1afd,0.5,11.055,2.242223598722185,4,c2c12,c2c12_090303_exp1_F0014_Data
85da3b4bbf1f34518f92d3c9fda271d27829265374590656176004892de0c9c7,0.25,14.3025,1.7406392503904997,4,c2c12,c2c12_090325_exp1_F0018_Data
85da3b4bbf1f34518f92d3c9fda271d27829265374590656176004892de0c9c7,0.5,22.23,7.998941596653065,4,c2c12,c2c12_090325_exp1_F0018_Data
861cfa0bf65373098cafdaa80179d5efd45cd200c8128596e05d17295aa7e717,0.25,2.1925,2.032361106365369,4,c2c12,c2c12_090318_exp1_F0016_Data
861cfa0bf65373098cafdaa80179d5efd45cd200c8128596e05d17295aa7e717,0.5,4.9975,1.6629767486849194,4,c2c12,c2c12_090318_exp1_F0016_Data
865dfdf24a6e9fb8aa3b0fff51af87b2ac2d6a432fb263885f84dd93b402a668,0.25,3.1599999999999997,4.91338986851237,4,c2c12,c2c12_090303_exp1_F0014_Data
865dfdf24a6e9fb8aa3b0fff51af87b2ac2d6a432fb263885f84dd93b402a668,0.5,3.915,0.888500609641509,4,c2c12,c2c12_090303_exp1_F0014_Data
86845843be36bbfda1d353f1c88fe79948068faf6360b54e01305e6b6ec71c73,0.25,1.3225,0.25197552791226907,4,c2c12,c2c12_090325_exp1_F0003_Data
86845843be36bbfda1d353f1c88fe79948068faf6360b54e01305e6b6ec71c73,0.5,1.94,0.49078168941665556,4,c2c12,c2c12_090325_exp1_F0003_Data
86a8dba9f2b2201872c8f123d88c5cb7ee71e2ae21dbd643156157fc27d98f01,0.25,14.775,3.4688855078636793,4,c2c12,c2c12_090318_exp1_F0007_Data
86a8dba9f2b2201872c8f123d88c5cb7ee71e2ae21dbd643156157fc27d98f01,0.5,18.565,3.9050864267004397,4,c2c12,c2c12_090318_exp1_F0007_Data
86da2cc1067dc8247b62f965c84851a905e6553d4b303748cb4b7d6e8250a9f0,0.25,16.895,3.861800098399709,4,c2c12,c2c12_090303_exp1_F0007_Data
86da2cc1067dc8247b62f965c84851a905e6553d4b303748cb4b7d6e8250a9f0,0.5,17.19,2.5750857590897187,4,c2c12,c2c12_090303_exp1_F0007_Data
86eed51f0834c188fd644cbc817fc65aa5c1b4397947dc292c8b61aa610d64c0,0.25,2.2175000000000002,1.5628259659987735,4,c2c12,c2c12_090318_exp1_F0016_Data
86eed51f0834c188fd644cbc817fc65aa5c1b4397947dc292c8b61aa610d64c0,0.5,6.7675,2.153530047774274,4,c2c12,c2c12_090318_exp1_F0016_Data
87044fe0e038485d3f65a5aa287fa8df67baa2118c10854f026afe3ed024a283,0.25,10.8575,8.062813301406235,4,c2c12,c2c12_090325_exp1_F0018_Data
87044fe0e038485d3f65a5aa287fa8df67baa2118c10854f026afe3ed024a283,0.5,11.805,3.8359483833857833,4,c2c12,c2c12_090325_exp1_F0018_Data
8707248710874812945977866d2fc1aa3135c7745578914309b8b8b5da11311f,0.25,14.575,6.1993037243441025,4,c2c12,c2c12_090303_exp1_F0005_Data
8707248710874812945977866d2fc1aa3135c7745578914309b8b8b5da11311f,0.5,12.605,2.1657716099964612,4,c2c12,c2c12_090303_exp1_F0005_Data
87121566a4bcfaacc860e5ced466cd9f86ef8eb309fa33077e32fd04ec066bc4,0.25,12.775,3.4020924933536616,4,c2c12,c2c12_090303_exp1_F0007_Data
87121566a4bcfaacc860e5ced466cd9f86ef8eb309fa33077e32fd04ec066bc4,0.5,12.56,4.6721015970688535,4,c2c12,c2c12_090303_exp1_F0007_Data
8751cd82610961478100eeacb246e1acf8488e5c4964affa33e462871aa02e90,0.25,22.28,14.979508225127642,4,c2c12,c2c12_090318_exp1_F0007_Data
8751cd82610961478100eeacb246e1acf8488e5c4964affa33e462871aa02e90,0.5,20.2575,2.7151227719325446,4,c2c12,c2c12_090318_exp1_F0007_Data
876af5ea7de51c84be9abcd8d0871d50eb947bf3a4d02c688764497aacfd5a9b,0.25,11.504999999999999,11.349433172336552,4,c2c12,c2c12_090318_exp1_F0011_Data
876af5ea7de51c84be9abcd8d0871d50eb947bf3a4d02c688764497aacfd5a9b,0.5,6.0375,1.555878637083668,4,c2c12,c2c12_090318_exp1_F0011_Data
8772265e592fc51f57fcb2a31c0b36adb9058ca49557ff0c2584952a676ae715,0.25,11.4225,2.5263197870947898,4,c2c12,c2c12_090325_exp1_F0003_Data
8772265e592fc51f57fcb2a31c0b36adb9058ca49557ff0c2584952a676ae715,0.5,11.32,1.4043503836293842,4,c2c12,c2c12_090325_exp1_F0003_Data
87749c85be102424e9c49017a1b13f319b0ea97dddca93e7d9ddc34bbaa7aeba,0.25,6.5275,8.448425395697512,4,c2c12,c2c12_090318_exp1_F0018_Data
87749c85be102424e9c49017a1b13f319b0ea97dddca93e7d9ddc34bbaa7aeba,0.5,5.82,1.9253224838106129,4,c2c12,c2c12_090318_exp1_F0018_Data
878a7b169537d629fad8d01a7d35ae7aecfaee7767b26b1223d2943a3e1ad71b,0.25,14.0125,4.606114595477045,4,c2c12,c2c12_090325_exp1_F0007_Data
878a7b169537d629fad8d01a7d35ae7aecfaee7767b26b1223d2943a3e1ad71b,0.5,12.55,3.1261158007981735,4,c2c12,c2c12_090325_exp1_F0007_Data
87c0787b160647987e04a4c177e3fc4b60e8afe28f1461d6e77b919e1677c246,0.25,27.1375,4.225441791497467,4,c2c12,c2c12_090318_exp1_F0005_Data
87c0787b160647987e04a4c177e3fc4b60e8afe28f1461d6e77b919e1677c246,0.5,27.61,2.658006772000402,4,c2c12,c2c12_090318_exp1_F0005_Data
87c1395e20561c0a0d13cd09a738520e81a345697ff8117f86383346f9276936,0.25,9.6025,10.068208629145504,4,c2c12,c2c12_090318_exp1_F0016_Data
87c1395e20561c0a0d13cd09a738520e81a345697ff8117f86383346f9276936,0.5,6.8775,1.9548635928541582,4,c2c12,c2c12_090318_exp1_F0016_Data
87c2367fcf802d82bfae017e9e2449c78ea0b2254e0f437aa585467aac7dbb80,0.25,28.3075,13.297261309507807,4,c2c12,c2c12_090318_exp1_F0001_Data
87c2367fcf802d82bfae017e9e2449c78ea0b2254e0f437aa585467aac7dbb80,0.5,27.355,3.6825398843732846,4,c2c12,c2c12_090318_exp1_F0001_Data
87deb0be57e488ccd38621cf2fdb632dbff5dea972821b49f241f29779eb406f,0.25,21.21,11.41772598491778,4,c2c12,c2c12_090325_exp1_F0013_Data
87deb0be57e488ccd38621cf2fdb632dbff5dea972821b49f241f29779eb406f,0.5,25.275000000000002,9.521909822439333,4,c2c12,c2c12_090325_exp1_F0013_Data
882b6d19059af4bfd1ff4f12a924ab7d7a7dd35e070350a2ebdab0b62bfd28f9,0.25,11.5125,8.599985949600924,4,c2c12,c2c12_090325_exp1_F0016_Data
882b6d19059af4bfd1ff4f12a924ab7d7a7dd35e070350a2ebdab0b62bfd28f9,0.5,17.645,3.547980646320758,4,c2c12,c2c12_090325_exp1_F0016_Data
884560c7590b2500884d92c74cd0ee82fbbd7bacc7a8514c37fc3aba94f53078,0.25,10.1725,5.796196310225066,4,c2c12,c2c12_090318_exp1_F0003_Data
884560c7590b2500884d92c74cd0ee82fbbd7bacc7a8514c37fc3aba94f53078,0.5,5.6025,1.261516944000357,4,c2c12,c2c12_090318_exp1_F0003_Data
885958c4ffdc7b180d581a8e5cd662c72491ba55d50b41b59e15e5ff4e712ec6,0.25,16.0675,8.80050140616999,4,c2c12,c2c12_090318_exp1_F0016_Data
885958c4ffdc7b180d581a8e5cd662c72491ba55d50b41b59e15e5ff4e712ec6,0.5,15.6075,1.2819873894335565,4,c2c12,c2c12_090318_exp1_F0016_Data
88987f29d570dd8ae8c04182dc49f07a42aa0a67fbc3c005c863f40bfe7b8ad1,0.25,45.6425,9.894993262588242,4,c2c12,c2c12_090318_exp1_F0011_Data
88987f29d570dd8ae8c04182dc49f07a42aa0a67fbc3c005c863f40bfe7b8ad1,0.5,52.415,2.5230867338771095,4,c2c12,c2c12_090318_exp1_F0011_Data
889b2dae01b172c241708cf878713148c7e0b8c94b089bf5484a82903f872c8b,0.25,24.5,9.641289678599367,4,c2c12,c2c12_090325_exp1_F0018_Data
889b2dae01b172c241708cf878713148c7e0b8c94b089bf5484a82903f872c8b,0.5,16.0025,7.1977791713833525,4,c2c12,c2c12_090325_exp1_F0018_Data
88c12b15111d75e193ad85506f8577c98af1793ed0e7233b8b6dd314439cf5fd,0.25,1.6725,2.7933656521598937,4,c2c12,c2c12_090318_exp1_F0003_Data
88c12b15111d75e193ad85506f8577c98af1793ed0e7233b8b6dd314439cf5fd,0.5,2.5324999999999998,0.2902154372186289,4,c2c12,c2c12_090318_exp1_F0003_Data
88e2e82ca636c02e0d2114e150ce97924814b589ea5866532e66ca0d5cee83bc,0.25,8.4125,5.1476167624769165,4,c2c12,c2c12_090318_exp1_F0016_Data
88e2e82ca636c02e0d2114e150ce97924814b589ea5866532e66ca0d5cee83bc,0.5,8.36,2.8434134416225865,4,c2c12,c2c12_090318_exp1_F0016_Data
88f148f8230bac181949ca882791c8fa9337803caf51618ef9d463073393d746,0.25,13.857500000000002,19.375481714441754,4,c2c12,c2c12_090325_exp1_F0003_Data
88f148f8230bac181949ca882791c8fa9337803caf51618ef9d463073393d746,0.5,6.029999999999999,1.350604802795153,4,c2c12,c2c12_090325_exp1_F0003_Data
890365447ae46e17c8902eb98066d7574a692c5a243703618e27e51759f75090,0.25,7.8725000000000005,4.1577107082303515,4,c2c12,c2c12_090325_exp1_F0003_Data
890365447ae46e17c8902eb98066d7574a692c5a243703618e27e51759f75090,0.5,8.385,2.7066153525513497,4,c2c12,c2c12_090325_exp1_F0003_Data
896ce1634003e4733897c7be370b9434a92abd1da0e2589d63221b9f9fd61f90,0.25,1.5225,2.2838180750664008,4,c2c12,c2c12_090318_exp1_F0016_Data
896ce1634003e4733897c7be370b9434a92abd1da0e2589d63221b9f9fd61f90,0.5,4.5975,2.1155988119994142,4,c2c12,c2c12_090318_exp1_F0016_Data
8a16ea14ff097c1478a370be2f4432e93ca35ef78900810ef215af040e462503,0.25,29.015,6.229117112400442,4,c2c12,c2c12_090303_exp1_F0001_Data
8a16ea14ff097c1478a370be2f4432e93ca35ef78900810ef215af040e462503,0.5,27.494999999999997,2.63967801066721,4,c2c12,c2c12_090303_exp1_F0001_Data
8a62929bc7aaa0f5421a483ae43f7ef92081b540ab86c49e6cbb32cbb03a8590,0.25,33.105000000000004,7.030184919331781,4,c2c12,c2c12_090303_exp1_F0012_Data
8a62929bc7aaa0f5421a483ae43f7ef92081b540ab86c49e6cbb32cbb03a8590,0.5,38.795,2.3356012787574265,4,c2c12,c2c12_090303_exp1_F0012_Data
8ac6f3fb1cd69d52baed5e4be8ed53801ef1db66ffdb123a8696a55d87c736c6,0.25,26.905,21.839751982718727,4,c2c12,c2c12_090303_exp1_F0012_Data
8ac6f3fb1cd69d52baed5e4be8ed53801ef1db66ffdb123a8696a55d87c736c6,0.5,33.620000000000005,2.9116661896584257,4,c2c12,c2c12_090303_exp1_F0012_Data
8ac97dc9c4a903d695980fb7b8e2fec0c528581d261d9fb865068cdc5365b97b,0.25,22.02,5.131341604947644,4,c2c12,c2c12_090325_exp1_F0005_Data
8ac97dc9c4a903d695980fb7b8e2fec0c528581d261d9fb865068cdc5365b97b,0.5,24.14,2.3750087719136252,4,c2c12,c2c12_090325_exp1_F0005_Data
8adc23ba47d77daa48f73caa3687d8b28b4ad543e9204e6ff61c3ca78038c6e6,0.25,22.942500000000003,12.188900346900319,4,c2c12,c2c12_090325_exp1_F0007_Data
8adc23ba47d77daa48f73caa3687d8b28b4ad543e9204e6ff61c3ca78038c6e6,0.5,31.92,7.707956927746806,4,c2c12,c2c12_090325_exp1_F0007_Data
8af5ceb8247797051169d7a318a2a94b29057e1245c623ad331e6ed2f2dcaf8d,0.25,3.065,2.6048736373702788,4,c2c12,c2c12_090303_exp1_F0010_Data
8af5ceb8247797051169d7a318a2a94b29057e1245c623ad331e6ed2f2dcaf8d,0.5,2.6075,0.6503524685378947,4,c2c12,c2c12_090303_exp1_F0010_Data
8b1079d82889e1366b5195169d6c826a6522a0a3a88fea31d904900168a400a7,0.25,10.785,12.613570734199998,4,c2c12,c2c12_090318_exp1_F0013_Data
8b1079d82889e1366b5195169d6c826a6522a0a3a88fea31d904900168a400a7,0.5,9.1175,5.979963071234915,4,c2c12,c2c12_090318_exp1_F0013_Data
8b3eded41d2bb53c70db9d670da0580b8bbb4b4d68f7b04a49372a16608b3746,0.25,13.4525,2.6696238811238313,4,c2c12,c2c12_090303_exp1_F0014_Data
8b3eded41d2bb53c70db9d670da0580b8bbb4b4d68f7b04a49372a16608b3746,0.5,12.385,0.9542361692299594,4,c2c12,c2c12_090303_exp1_F0014_Data
8b5031a379a3e91642f075bdc493fb60a084971f7d4d08f63215f02c5621fa2f,0.25,34.7875,10.472632190619512,4,c2c12,c2c12_090325_exp1_F0013_Data
8b5031a379a3e91642f075bdc493fb60a084971f7d4d08f63215f02c5621fa2f,0.5,42.7825,3.1504536710342723,4,c2c12,c2c12_090325_exp1_F0013_Data
8b5d523a5eb83479ee10179ad60f04e789ab74db722d20d1137db45826bca7bb,0.25,6.66,5.206406310178514,4,c2c12,c2c12_090303_exp1_F0003_Data
8b5d523a5eb83479ee10179ad60f04e789ab74db722d20d1137db45826bca7bb,0.5,13.7625,3.307056848619328,4,c2c12,c2c12_090303_exp1_F0003_Data
8b79f29da2441f2ab463c1aeb4e803b2c60a2bae17ac623ffec319b40105875c,0.25,19.83,7.420557032101206,4,c2c12,c2c12_090318_exp1_F0003_Data
8b79f29da2441f2ab463c1aeb4e803b2c60a2bae17ac623ffec319b40105875c,0.5,28.8175,1.681395749568396,4,c2c12,c2c12_090318_exp1_F0003_Data
8b8c7abdf0c5c5dde69a8e1b332ea97ae36801013d3d9f805ada9e12510e4164,0.25,21.95,3.1412417926673526,4,c2c12,c2c12_090318_exp1_F0005_Data
8b8c7abdf0c5c5dde69a8e1b332ea97ae36801013d3d9f805ada9e12510e4164,0.5,27.4575,2.6162616459368135,4,c2c12,c2c12_090318_exp1_F0005_Data
8b92ed52db18633fd6b1cb14dd4f61bceb8f3b2b9fe56a151579acda3e574a30,0.25,26.0625,8.926897090628225,4,c2c12,c2c12_090318_exp1_F0007_Data
8b92ed52db18633fd6b1cb14dd4f61bceb8f3b2b9fe56a151579acda3e574a30,0.5,30.505,7.193768136380267,4,c2c12,c2c12_090318_exp1_F0007_Data
8b9b03e061fd85f343daf527f11a90eac1f68e28510a6997eb45e5d479aa4172,0.25,44.3,7.637137334542745,4,c2c12,c2c12_090325_exp1_F0001_Data
8b9b03e061fd85f343daf527f11a90eac1f68e28510a6997eb45e5d479aa4172,0.5,41.1,5.24200979269084,4,c2c12,c2c12_090325_exp1_F0001_Data
8ba0ae71fdd4a33ea3e034a0456076d1ca3564c982a24380a1b8facce5802727,0.25,46.7975,20.60822873676112,4,c2c12,c2c12_090318_exp1_F0018_Data
8ba0ae71fdd4a33ea3e034a0456076d1ca3564c982a24380a1b8facce5802727,0.5,37.199999999999996,5.067787156803911,4,c2c12,c2c12_090318_exp1_F0018_Data
8bab303028baac7f56757cd06c85c664f4e4614904802b2755bc5c796247aaed,0.25,2.6325,2.086725904377477,4,c2c12,c2c12_090318_exp1_F0001_Data
8bab303028baac7f56757cd06c85c664f4e4614904802b2755bc5c796247aaed,0.5,5.7675,1.3513542590058807,4,c2c12,c2c12_090318_exp1_F0001_Data
8bd8d27216a345bc84a52fd093ff4ce584cfe85c6be2611c84fa8d74bbe6df9d,0.25,10.8625,4.143270648493369,4,c2c12,c2c12_090303_exp1_F0016_Data
8bd8d27216a345bc84a52fd093ff4ce584cfe85c6be2611c84fa8d74bbe6df9d,0.5,10.4775,1.0626499894132602,4,c2c12,c2c12_090303_exp1_F0016_Data
8c11b78e2b7babb628d2bd1f957b99a066668374d6d16b69d902678505e29008,0.25,4.035,4.961387574728129,4,c2c12,c2c12_090303_exp1_F0016_Data
8c11b78e2b7babb628d2bd1f957b99a066668374d6d16b69d902678505e29008,0.5,6.1875,4.672967472602394,4,c2c12,c2c12_090303_exp1_F0016_Data
8c264f78a260f037e1a523d06c0ef8825aa796189b75e20808a1e646d124bb97,0.25,30.3075,7.605622372078872,4,c2c12,c2c12_090325_exp1_F0011_Data
8c264f78a260f037e1a523d06c0ef8825aa796189b75e20808a1e646d124bb97,0.5,39.7325,2.6671754722927363,4,c2c12,c2c12_090325_exp1_F0011_Data
8c2db6d7bfdc43154051fdec725540cf6f0c9cab5aa30715a1ead7f35387fabb,0.25,24.5275,7.422283453672908,4,c2c12,c2c12_090318_exp1_F0001_Data
8c2db6d7bfdc43154051fdec725540cf6f0c9cab5aa30715a1ead7f35387fabb,0.5,32.275,5.552720054171647,4,c2c12,c2c12_090318_exp1_F0001_Data
8c572edff8335e178a7416d4073d4f9a9345c95fdd33970d19cf330e7b73a53a,0.25,3.7475000000000005,3.6702622522103248,4,c2c12,c2c12_090325_exp1_F0003_Data
8c572edff8335e178a7416d4073d4f9a9345c95fdd33970d19cf330e7b73a53a,0.5,2.2875,0.7917649061853316,4,c2c12,c2c12_090325_exp1_F0003_Data
8ca6bfddbff5bf2612c8be7c17188038c5256eaa4d215429ec41a270ffeed09b,0.25,12.0775,8.095506469641045,4,c2c12,c2c12_090325_exp1_F0018_Data
8ca6bfddbff5bf2612c8be7c17188038c5256eaa4d215429ec41a270ffeed09b,0.5,10.795,1.1618519699169942,4,c2c12,c2c12_090325_exp1_F0018_Data
8cbad4ad3045e75d9eb1950c7ce7b68081d44c6278794bd905019f4bd42b4544,0.25,3.8,2.926533785897576,4,c2c12,c2c12_090303_exp1_F0010_Data
8cbad4ad3045e75d9eb1950c7ce7b68081d44c6278794bd905019f4bd42b4544,0.5,5.355,1.5836140102099796,4,c2c12,c2c12_090303_exp1_F0010_Data
8d236e24c0fc53219ca2d1d57e615b47415d5a52d309642b92b6dc93fbfb2dab,0.25,5.2825,3.596177368632791,4,c2c12,c2c12_090303_exp1_F0001_Data
8d236e24c0fc53219ca2d1d57e615b47415d5a52d309642b92b6dc93fbfb2dab,0.5,8.7575,2.8742114860717303,4,c2c12,c2c12_090303_exp1_F0001_Data
8d29a7d0408a686fede43144270f0f145c60483e5dd558ad502d0c87c27f4112,0.25,12.1,4.1034538298040255,4,c2c12,c2c12_090303_exp1_F0014_Data
8d29a7d0408a686fede43144270f0f145c60483e5dd558ad502d0c87c27f4112,0.5,12.192499999999999,1.8910909549781048,4,c2c12,c2c12_090303_exp1_F0014_Data
8d2fb8d219f4efd5b99eeb7d3afd1082dd0ee29414da8de428ceddba918132e3,0.25,18.55,10.614386463663362,4,c2c12,c2c12_090325_exp1_F0003_Data
8d2fb8d219f4efd5b99eeb7d3afd1082dd0ee29414da8de428ceddba918132e3,0.5,17.325,5.383484002019508,4,c2c12,c2c12_090325_exp1_F0003_Data
8d5a3e1308689af35ff710be6ff4bb26adc8154a40b690de802829b3615fdf68,0.25,3.9875,3.3310396275037015,4,c2c12,c2c12_090303_exp1_F0005_Data
8d5a3e1308689af35ff710be6ff4bb26adc8154a40b690de802829b3615fdf68,0.5,8.2925,0.6354198087354013,4,c2c12,c2c12_090303_exp1_F0005_Data
8d6422ed36af472538b78710bb419861432a4dcab0685813b5ceb031f59ef266,0.25,21.2025,13.178483410468747,4,c2c12,c2c12_090325_exp1_F0013_Data
8d6422ed36af472538b78710bb419861432a4dcab0685813b5ceb031f59ef266,0.5,25.002499999999998,3.229812946080109,4,c2c12,c2c12_090325_exp1_F0013_Data
8d67e067c2e5f83a6e13803f474b7e22c24c4a7a59701b7f13d6fce7bb3103ab,0.25,12.035,4.951811116483881,4,c2c12,c2c12_090303_exp1_F0016_Data
8d67e067c2e5f83a6e13803f474b7e22c24c4a7a59701b7f13d6fce7bb3103ab,0.5,7.7475000000000005,1.3278146205953103,4,c2c12,c2c12_090303_exp1_F0016_Data
8d8c21316b67b89daed807142d8feb51f6dd61ea96712552b9ebd0df4a68a2bf,0.25,7.0275,3.0271259746939285,4,c2c12,c2c12_090303_exp1_F0010_Data
8d8c21316b67b89daed807142d8feb51f6dd61ea96712552b9ebd0df4a68a2bf,0.5,5.0600000000000005,0.3809636903083199,4,c2c12,c2c12_090303_exp1_F0010_Data
8d9fcc3d3fc8a2d8104cab568e9f3598656e1b94985a6fabe267ecab0f84ffd8,0.25,23.517500000000002,12.59049476126071,4,c2c12,c2c12_090303_exp1_F0012_Data
8d9fcc3d3fc8a2d8104cab568e9f3598656e1b94985a6fabe267ecab0f84ffd8,0.5,25.5925,3.78349375577653,4,c2c12,c2c12_090303_exp1_F0012_Data
8dd0a5f62bddcdf695519519564bd34ab9845b003e8db559b540d6d43f1e03b2,0.25,5.0675,4.339150262436184,4,c2c12,c2c12_090303_exp1_F0005_Data
8dd0a5f62bddcdf695519519564bd34ab9845b003e8db559b540d6d43f1e03b2,0.5,5.0325,0.9209189251322107,4,c2c12,c2c12_090303_exp1_F0005_Data
8e54d740f2d4f0e8ac30d562c7a56755eceafffcfb8a2bf65d80356362adb001,0.25,3.715,3.835209685706028,4,c2c12,c2c12_090318_exp1_F0001_Data
8e54d740f2d4f0e8ac30d562c7a56755eceafffcfb8a2bf65d80356362adb001,0.5,2.78,1.023816389788716,4,c2c12,c2c12_090318_exp1_F0001_Data
8e6d42e8ea32c924c9a0f6125630b35240f5e327352c8f73f59bff182e066b8d,0.25,12.7475,5.1717977209734975,4,c2c12,c2c12_090325_exp1_F0011_Data
8e6d42e8ea32c924c9a0f6125630b35240f5e327352c8f73f59bff182e066b8d,0.5,10.4575,3.106856664433256,4,c2c12,c2c12_090325_exp1_F0011_Data
8e78a655308e44110060ba4803215da23377ae7b87e38c47399ea731faf1cdf2,0.25,8.2425,7.351006166958825,4,c2c12,c2c12_090303_exp1_F0007_Data
8e78a655308e44110060ba4803215da23377ae7b87e38c47399ea731faf1cdf2,0.5,7.2225,2.449766995722927,4,c2c12,c2c12_090303_exp1_F0007_Data
8e7a73a927c6f6eb8e06d7a899b8a58375404b45b179c07c9f418d60fce818a7,0.25,11.344999999999999,4.858432531863199,4,c2c12,c2c12_090303_exp1_F0010_Data
8e7a73a927c6f6eb8e06d7a899b8a58375404b45b179c07c9f418d60fce818a7,0.5,8.1075,0.870684596548409,4,c2c12,c2c12_090303_exp1_F0010_Data
8e9567a281835199d5f2b4155ab4d7f9879a25225b1baabf9a034b89443e96cb,0.25,44.2475,10.929542152655193,4,c2c12,c2c12_090325_exp1_F0001_Data
8e9567a281835199d5f2b4155ab4d7f9879a25225b1baabf9a034b89443e96cb,0.5,50.075,1.9817416582390341,4,c2c12,c2c12_090325_exp1_F0001_Data
8ea46e35e376d357648c1b9b89493c5b344858dac1241ccab07088e9ab141e3f,0.25,6.6425,5.153641916159872,4,c2c12,c2c12_090318_exp1_F0011_Data
8ea46e35e376d357648c1b9b89493c5b344858dac1241ccab07088e9ab141e3f,0.5,4.9575,2.1349375478765964,4,c2c12,c2c12_090318_exp1_F0011_Data
8ebab2ea0fa084a7ae30090b2bf2388a6f1eedccb77c482e299c63df1304b454,0.25,41.29,13.08913544382006,4,c2c12,c2c12_090318_exp1_F0011_Data
8ebab2ea0fa084a7ae30090b2bf2388a6f1eedccb77c482e299c63df1304b454,0.5,45.0325,4.163254936545039,4,c2c12,c2c12_090318_exp1_F0011_Data
8ed2d01827bc3108b342db4ece061c6a5b1850c0547aa1a57c79777d10f58ac2,0.25,6.225,0.9687965042601399,4,c2c12,c2c12_090318_exp1_F0003_Data
8ed2d01827bc3108b342db4ece061c6a5b1850c0547aa1a57c79777d10f58ac2,0.5,5.8774999999999995,1.1587169628515848,4,c2c12,c2c12_090318_exp1_F0003_Data
8f5a8e4cc2487a396f1714e93516c5f2e533c4e83829f2be55634e85e973a3f5,0.25,2.2225,1.533761715521678,4,c2c12,c2c12_090303_exp1_F0003_Data
8f5a8e4cc2487a396f1714e93516c5f2e533c4e83829f2be55634e85e973a3f5,0.5,2.005,0.5236092690801668,4,c2c12,c2c12_090303_exp1_F0003_Data
8f607fb7e8932524f9f6a9cb7b0e07e6d23c3eda97b0e0d15e0d3b2b57e37a2f,0.25,15.9,13.912509958067716,4,c2c12,c2c12_090318_exp1_F0013_Data
8f607fb7e8932524f9f6a9cb7b0e07e6d23c3eda97b0e0d15e0d3b2b57e37a2f,0.5,29.0975,8.731977152970567,4,c2c12,c2c12_090318_exp1_F0013_Data
8f6976073401831c34eb0e001ff50895e354f921ff0d483b01d81019762177af,0.25,18.759999999999998,5.857525074636899,4,c2c12,c2c12_090318_exp1_F0011_Data
8f6976073401831c34eb0e001ff50895e354f921ff0d483b01d81019762177af,0.5,22.202499999999997,7.396865890361943,4,c2c12,c2c12_090318_exp1_F0011_Data
8fa1329180b15bc61605212b5ed18fc3d15d7599cc32031a67a49c3b60bf5c9e,0.25,26.535,15.875760349245219,4,c2c12,c2c12_090325_exp1_F0007_Data
8fa1329180b15bc61605212b5ed18fc3d15d7599cc32031a67a49c3b60bf5c9e,0.5,21.814999999999998,4.660790347855892,4,c2c12,c2c12_090325_exp1_F0007_Data
8fa1e977ce37c29c719c47f63ce53a134083462d7960e21faad1e2e5bb68629f,0.25,7.8549999999999995,4.571086668761963,4,c2c12,c2c12_090318_exp1_F0005_Data
8fa1e977ce37c29c719c47f63ce53a134083462d7960e21faad1e2e5bb68629f,0.5,5.885,0.70694177035076,4,c2c12,c2c12_090318_exp1_F0005_Data
8fc6f6f1713864c5224e6ea319e6c6ffcd342bdfd2c2907538e31633df8777e0,0.25,17.7625,1.8187060418513663,4,c2c12,c2c12_090303_exp1_F0010_Data
8fc6f6f1713864c5224e6ea319e6c6ffcd342bdfd2c2907538e31633df8777e0,0.5,17.155,2.9559036971232113,4,c2c12,c2c12_090303_exp1_F0010_Data
8fdbd38d886680ba3c8e75658db3149be8ef087a0023faa9a339863c656cdec3,0.25,28.9675,13.620808529599115,4,c2c12,c2c12_090303_exp1_F0003_Data
8fdbd38d886680ba3c8e75658db3149be8ef087a0023faa9a339863c656cdec3,0.5,28.515,7.968038236186703,4,c2c12,c2c12_090303_exp1_F0003_Data
90253cd3d4f6ddf8450aef4c467fe37ac6be6fc30ea7b6a666349bafe25646ae,0.25,17.177500000000002,6.857323943541435,4,c2c12,c2c12_090325_exp1_F0013_Data
90253cd3d4f6ddf8450aef4c467fe37ac6be6fc30ea7b6a666349bafe25646ae,0.5,13.2675,4.157005131902854,4,c2c12,c2c12_090325_exp1_F0013_Data
90a3240e857dfe458553f20b000620751a53694ff6c0dcfb7151cdb8225d1f38,0.25,47.975,12.56447239905706,4,c2c12,c2c12_090318_exp1_F0003_Data
90a3240e857dfe458553f20b000620751a53694ff6c0dcfb7151cdb8225d1f38,0.5,51.715,3.0226313040131125,4,c2c12,c2c12_090318_exp1_F0003_Data
90a6334eb01030db7a895c3b868ad5b1a40577a0d0e178a6a95b74a9c84951d4,0.25,22.735,9.964756227157123,4,c2c12,c2c12_090318_exp1_F0001_Data
90a6334eb01030db7a895c3b868ad5b1a40577a0d0e178a6a95b74a9c84951d4,0.5,23.8675,3.51688664398878,4,c2c12,c2c12_090318_exp1_F0001_Data
90e4d5c6065d35b6ee1609d53d74f785f9c8de9c7189246a884c5ed0638a2232,0.25,36.205,9.836359421384858,4,c2c12,c2c12_090325_exp1_F0016_Data
90e4d5c6065d35b6ee1609d53d74f785f9c8de9c7189246a884c5ed0638a2232,0.5,30.055,1.5863059814129996,4,c2c12,c2c12_090325_exp1_F0016_Data
91090798d0e5ec831c3ce9cbdd9df2783eb4be7d22c21d2c51e9f1188098b011,0.25,29.0125,5.560104165690903,4,c2c12,c2c12_090303_exp1_F0003_Data
91090798d0e5ec831c3ce9cbdd9df2783eb4be7d22c21d2c51e9f1188098b011,0.5,30.3675,5.2270091830797485,4,c2c12,c2c12_090303_exp1_F0003_Data
91154b54d56864497ba153d441b881b8ddffccb3fe1e421c3c0a4992ebd516e6,0.25,3.83,3.144413034786196,4,c2c12,c2c12_090318_exp1_F0016_Data
91154b54d56864497ba153d441b881b8ddffccb3fe1e421c3c0a4992ebd516e6,0.5,2.945,1.745193399024876,4,c2c12,c2c12_090318_exp1_F0016_Data
91281eebc158eced42fbaeb4e6ef729277648dd800193df70c942874be7fe209,0.25,5.985,3.6610062369062786,4,c2c12,c2c12_090318_exp1_F0016_Data
91281eebc158eced42fbaeb4e6ef729277648dd800193df70c942874be7fe209,0.5,7.615,1.8999035063216592,4,c2c12,c2c12_090318_exp1_F0016_Data
91294901bde53093e0d9b36683b13d8cad1b13927ef3e9bb6e9e9ca4326f9482,0.25,35.2425,19.59480266975574,4,c2c12,c2c12_090318_exp1_F0011_Data
91294901bde53093e0d9b36683b13d8cad1b13927ef3e9bb6e9e9ca4326f9482,0.5,31.9575,7.682800596136801,4,c2c12,c2c12_090318_exp1_F0011_Data
9134e8f1d03fa9d0962a7b4b34fa22dc9f450d40f7de9d46d5e0af22d0b6671c,0.25,35.565,6.894125518632993,4,c2c12,c2c12_090303_exp1_F0014_Data
9134e8f1d03fa9d0962a7b4b34fa22dc9f450d40f7de9d46d5e0af22d0b6671c,0.5,38.0175,2.7265163976522615,4,c2c12,c2c12_090303_exp1_F0014_Data
9136d3cab542585326958ceb8856002a139aa3a1d4e525a33267a2683b8cf78b,0.25,28.73,3.6295362421848516,4,c2c12,c2c12_090325_exp1_F0005_Data
9136d3cab542585326958ceb8856002a139aa3a1d4e525a33267a2683b8cf78b,0.5,29.0275,3.871505951607635,4,c2c12,c2c12_090325_exp1_F0005_Data
914fbda820ffd5b4df541dc606393d0b9d36a61338aa0ea003dac8a5962c0d8e,0.25,24.905,11.595546558916485,4,c2c12,c2c12_090325_exp1_F0018_Data
914fbda820ffd5b4df541dc606393d0b9d36a61338aa0ea003dac8a5962c0d8e,0.5,21.0875,4.082877865754335,4,c2c12,c2c12_090325_exp1_F0018_Data
9161526bd08277e9dd53a693a97d4787197fcd3a48cf86700073097d604462cf,0.25,17.795,5.063236777661762,4,c2c12,c2c12_090303_exp1_F0014_Data
9161526bd08277e9dd53a693a97d4787197fcd3a48cf86700073097d604462cf,0.5,23.015,1.5975084767641559,4,c2c12,c2c12_090303_exp1_F0014_Data
916462858019c37d2627d16d2e620da847dfefea38b1e072cd9ad0622b80d5cf,0.25,14.522499999999999,7.546603540666489,4,c2c12,c2c12_090318_exp1_F0011_Data
916462858019c37d2627d16d2e620da847dfefea38b1e072cd9ad0622b80d5cf,0.5,18.72,11.596335628119773,4,c2c12,c2c12_090318_exp1_F0011_Data
91655aa302b75f9ba71fd1beb6d399a8b664beee26ab458cdd4634d38e41b3f8,0.25,7.23,7.726297086358166,4,c2c12,c2c12_090318_exp1_F0003_Data
91655aa302b75f9ba71fd1beb6d399a8b664beee26ab458cdd4634d38e41b3f8,0.5,7.775,1.7434544253674469,4,c2c12,c2c12_090318_exp1_F0003_Data
91bb609b3a9ac1c429f28fc45ce60086ac2e27f30de9ddc1ec04321ab1e07e56,0.25,17.775,13.117696698226663,4,c2c12,c2c12_090318_exp1_F0018_Data
91bb609b3a9ac1c429f28fc45ce60086ac2e27f30de9ddc1ec04321ab1e07e56,0.5,30.7075,4.222158808003318,4,c2c12,c2c12_090318_exp1_F0018_Data
920b8e0ae1de451ccbde9a3fefa6353eb7eeadb7a1df1c9af0be618661e3db03,0.25,47.19,5.543584881043432,4,c2c12,c2c12_090303_exp1_F0010_Data
920b8e0ae1de451ccbde9a3fefa6353eb7eeadb7a1df1c9af0be618661e3db03,0.5,47.39,4.012746357961506,4,c2c12,c2c12_090303_exp1_F0010_Data
922bb278fe53ca23557012f8b29e0fa0d65ffcccba7a3ea902ddae190eb04f79,0.25,8.4275,8.441821979486022,4,c2c12,c2c12_090325_exp1_F0013_Data
922bb278fe53ca23557012f8b29e0fa0d65ffcccba7a3ea902ddae190eb04f79,0.5,9.3425,2.1910785015603613,4,c2c12,c2c12_090325_exp1_F0013_Data
9268269dd7375c01cbdb2f60941cb6b68666eb0506bad76da34319c7e21773c1,0.25,36.23,8.55744899682921,4,c2c12,c2c12_090303_exp1_F0007_Data
9268269dd7375c01cbdb2f60941cb6b68666eb0506bad76da34319c7e21773c1,0.5,31.115,5.0398776440174275,4,c2c12,c2c12_090303_exp1_F0007_Data
92ec2f164600efc440f6909390ede5977e3aaaaec7efaa97f9518d00d0336106,0.25,4.7125,2.976366632882,4,c2c12,c2c12_090303_exp1_F0005_Data
92ec2f164600efc440f6909390ede5977e3aaaaec7efaa97f9518d00d0336106,0.5,4.5125,0.7419961814816387,4,c2c12,c2c12_090303_exp1_F0005_Data
92ed6dd10abbac2e556c66bde3bf8c43271a49c36bfdd17a4e969765f0657902,0.25,6.1925,4.153483477756954,4,c2c12,c2c12_090325_exp1_F0016_Data
92ed6dd10abbac2e556c66bde3bf8c43271a49c36bfdd17a4e969765f0657902,0.5,6.2124999999999995,0.8404909279700762,4,c2c12,c2c12_090325_exp1_F0016_Data
9331c97e1f602f1265ea15018d580296e10fe75c47e82f436779d1a550139ad2,0.25,27.565,15.049335533504461,4,c2c12,c2c12_090318_exp1_F0013_Data
9331c97e1f602f1265ea15018d580296e10fe75c47e82f436779d1a550139ad2,0.5,27.4,2.9926019893508498,4,c2c12,c2c12_090318_exp1_F0013_Data
93433fae0517c5d49be79c79c5827337728b69402851032da1efa8ab7cae9205,0.25,25.53,15.118434663240329,4,c2c12,c2c12_090318_exp1_F0018_Data
93433fae0517c5d49be79c79c5827337728b69402851032da1efa8ab7cae9205,0.5,17.7325,1.7120820657900722,4,c2c12,c2c12_090318_exp1_F0018_Data
93bef295ea27ca0d291eca21ecf6fa195bda64090b0889c4d2b7831a26324343,0.25,28.9,13.9024146583726,4,c2c12,c2c12_090318_exp1_F0001_Data
93bef295ea27ca0d291eca21ecf6fa195bda64090b0889c4d2b7831a26324343,0.5,24.7375,6.950474204445812,4,c2c12,c2c12_090318_exp1_F0001_Data
93cdc167b9cd57de36a8d68f679140cf61d62df907ba2c432175e8880ed1c29c,0.25,2.6675,2.431931673930554,4,c2c12,c2c12_090325_exp1_F0016_Data
93cdc167b9cd57de36a8d68f679140cf61d62df907ba2c432175e8880ed1c29c,0.5,7.4475,0.6900905737655021,4,c2c12,c2c12_090325_exp1_F0016_Data
93d68cbcd8f90e4c20e56b2b6caa1edd27fab3cd38782235ae161ceb6147881a,0.25,27.92,4.4287244213204335,4,c2c12,c2c12_090303_exp1_F0001_Data
93d68cbcd8f90e4c20e56b2b6caa1edd27fab3cd38782235ae161ceb6147881a,0.5,29.0275,2.744247012691582,4,c2c12,c2c12_090303_exp1_F0001_Data
940b6dfa82b205449a524bc68ee376717cddb4435bdbecd4409c56ba4ecc2399,0.25,43.2525,7.04588946360453,4,c2c12,c2c12_090303_exp1_F0001_Data
940b6dfa82b205449a524bc68ee376717cddb4435bdbecd4409c56ba4ecc2399,0.5,39.87,1.0412492496996086,4,c2c12,c2c12_090303_exp1_F0001_Data
942802ae759a4f64141143699c267a3f38a752833e6d3f53ed3e31dc97de30b9,0.25,46.2425,7.28417634328,4,c2c12,c2c12_090325_exp1_F0013_Data
942802ae759a4f64141143699c267a3f38a752833e6d3f53ed3e31dc97de30b9,0.5,45.332499999999996,2.6949010495130734,4,c2c12,c2c12_090325_exp1_F0013_Data
942a82ba494c5a2256eef3e5fe823105d8de1c3bde869114525e2df20e71a9de,0.25,40.33,11.461878845401689,4,c2c12,c2c12_090318_exp1_F0011_Data
942a82ba494c5a2256eef3e5fe823105d8de1c3bde869114525e2df20e71a9de,0.5,45.74,2.819787226015465,4,c2c12,c2c12_090318_exp1_F0011_Data
9432748af83cc81288f5c8a094f18c18db34abef78dbe6be727cfcc089a6dcdf,0.25,17.11,12.432347592738335,4,c2c12,c2c12_090325_exp1_F0001_Data
9432748af83cc81288f5c8a094f18c18db34abef78dbe6be727cfcc089a6dcdf,0.5,26.98,1.9134436669697568,4,c2c12,c2c12_090325_exp1_F0001_Data
943b052577e8ed8642722818f893b117f871259ea2c0f59a0c09d984a6322389,0.25,24.2225,3.6037700167093543,4,c2c12,c2c12_090325_exp1_F0018_Data
943b052577e8ed8642722818f893b117f871259ea2c0f59a0c09d984a6322389,0.5,20.1875,4.854594902426634,4,c2c12,c2c12_090325_exp1_F0018_Data
948188a32daee7a5f316ee0c74b6d8344f71815925f99d31e6329b5dc434bf19,0.25,10.99,4.483109040238333,4,c2c12,c2c12_090318_exp1_F0016_Data
948188a32daee7a5f316ee0c74b6d8344f71815925f99d31e6329b5dc434bf19,0.5,10.497499999999999,1.3499969135767191,4,c2c12,c2c12_090318_exp1_F0016_Data
9484ec6e6f50fc546ece57da0883fc090578596dd7fbd2c7cf3e552d82133182,0.25,8.82,4.117564004764629,4,c2c12,c2c12_090303_exp1_F0016_Data
9484ec6e6f50fc546ece57da0883fc090578596dd7fbd2c7cf3e552d82133182,0.5,7.115,0.7782673062643706,4,c2c12,c2c12_090303_exp1_F0016_Data
9490df29cac2694051eb233f1f836f35ce25e2dcecaf5a136c19648fc999031c,0.25,19.855,13.940512903046285,4,c2c12,c2c12_090325_exp1_F0007_Data
9490df29cac2694051eb233f1f836f35ce25e2dcecaf5a136c19648fc999031c,0.5,22.9425,2.346449445438789,4,c2c12,c2c12_090325_exp1_F0007_Data
949836e8f0bb1265e3c73ec3b03246cd2fa23739f4981f83270d14c2f136e9e8,0.25,13.545,8.791126207716506,4,c2c12,c2c12_090303_exp1_F0007_Data
949836e8f0bb1265e3c73ec3b03246cd2fa23739f4981f83270d14c2f136e9e8,0.5,7.825,3.3436257765086883,4,c2c12,c2c12_090303_exp1_F0007_Data
94b9c6bc6be0cd2a2827bfdc033951e014e368edb8baf21c4df595bd5a8dbcb5,0.25,3.23,2.7668393520405195,4,c2c12,c2c12_090325_exp1_F0016_Data
94b9c6bc6be0cd2a2827bfdc033951e014e368edb8baf21c4df595bd5a8dbcb5,0.5,7.8149999999999995,1.6257203531563067,4,c2c12,c2c12_090325_exp1_F0016_Data
94e1ac720e2c560f7c06b9aff3daa6f99020de264d7e9173cf23f91d06072385,0.25,13.995000000000001,8.472687491778114,4,c2c12,c2c12_090318_exp1_F0005_Data
94e1ac720e2c560f7c06b9aff3daa6f99020de264d7e9173cf23f91d06072385,0.5,19.3475,2.0287167536811697,4,c2c12,c2c12_090318_exp1_F0005_Data
94f0d0e4b5eb3b24911fcdb68edebf734732eafe4fbb0310980b6f117d72d496,0.25,2.065,2.4164505650505936,4,c2c12,c2c12_090325_exp1_F0003_Data
94f0d0e4b5eb3b24911fcdb68edebf734732eafe4fbb0310980b6f117d72d496,0.5,5.8175,1.1117666121988017,4,c2c12,c2c12_090325_exp1_F0003_Data
94f1f8868331cbbdad8b94338223a5d2a42f2146bf101d8e41d7425a6064ada3,0.25,25.1675,19.05856303607384,4,c2c12,c2c12_090318_exp1_F0013_Data
94f1f8868331cbbdad8b94338223a5d2a42f2146bf101d8e41d7425a6064ada3,0.5,36.394999999999996,3.0770602854022875,4,c2c12,c2c12_090318_exp1_F0013_Data
9505a35bacfc14427356dfedc058353d73d2e7a844dd2531dec0a165d01724da,0.25,23.892500000000002,15.978031532910013,4,c2c12,c2c12_090325_exp1_F0016_Data
9505a35bacfc14427356dfedc058353d73d2e7a844dd2531dec0a165d01724da,0.5,23.9525,3.7997664401907643,4,c2c12,c2c12_090325_exp1_F0016_Data
9551bfc19a8ce7f6dbf03035788e31141a4c669eab847d39e796c06ae937dcc4,0.25,10.2625,7.029359264304725,4,c2c12,c2c12_090325_exp1_F0013_Data
9551bfc19a8ce7f6dbf03035788e31141a4c669eab847d39e796c06ae937dcc4,0.5,13.265,3.949518958050462,4,c2c12,c2c12_090325_exp1_F0013_Data
955a6d1d3017b14540f41edd5dcc94f3fccf20a4c8c0edb0e4a039571e3f211d,0.25,19.0775,4.112066593170234,4,c2c12,c2c12_090318_exp1_F0005_Data
955a6d1d3017b14540f41edd5dcc94f3fccf20a4c8c0edb0e4a039571e3f211d,0.5,17.9325,3.3719072249000757,4,c2c12,c2c12_090318_exp1_F0005_Data
9571b71b872c0749382758be03be55ac7d3b5766c1b5dd8ea1be963c3289ff2f,0.25,39.865,3.2313619419681223,4,c2c12,c2c12_090325_exp1_F0007_Data
9571b71b872c0749382758be03be55ac7d3b5766c1b5dd8ea1be963c3289ff2f,0.5,31.15,2.7450925910310087,4,c2c12,c2c12_090325_exp1_F0007_Data
95796c6288f2c096fe696b2416089f349359b82ca98a49c88fd7e4219477be11,0.25,58.07,6.005386471049693,4,c2c12,c2c12_090325_exp1_F0001_Data
95796c6288f2c096fe696b2416089f349359b82ca98a49c88fd7e4219477be11,0.5,55.0575,3.612518742742615,4,c2c12,c2c12_090325_exp1_F0001_Data
95913f6838b9e1c8c2f5dd91e8332b820306fec156fec82b6205b7d7b85409e8,0.25,39.6475,15.185129513222249,4,c2c12,c2c12_090318_exp1_F0013_Data
95913f6838b9e1c8c2f5dd91e8332b820306fec156fec82b6205b7d7b85409e8,0.5,34.4875,5.470730450923961,4,c2c12,c2c12_090318_exp1_F0013_Data
9593be47108cb2bf8ac9db5c3e61f9abdcbb93394bca2467e3cbff96e6f0c9fd,0.25,3.585,0.7724635913750239,4,c2c12,c2c12_090303_exp1_F0003_Data
9593be47108cb2bf8ac9db5c3e61f9abdcbb93394bca2467e3cbff96e6f0c9fd,0.5,5.9525,1.6601480857642388,4,c2c12,c2c12_090303_exp1_F0003_Data
95afb40d6e9218eb0406cc57e881c52b1fbab8d5103c6febf961eda43914e52d,0.25,34.24,7.938769845931209,4,c2c12,c2c12_090303_exp1_F0001_Data
95afb40d6e9218eb0406cc57e881c52b1fbab8d5103c6febf961eda43914e52d,0.5,34.085,3.259790381808827,4,c2c12,c2c12_090303_exp1_F0001_Data
95afdd334a3349f82321a16e4bfaa21ede9573a2f77cc57f3a589be11e122ad9,0.25,18.2075,7.636820346191207,4,c2c12,c2c12_090318_exp1_F0018_Data
95afdd334a3349f82321a16e4bfaa21ede9573a2f77cc57f3a589be11e122ad9,0.5,16.4175,2.076653959297665,4,c2c12,c2c12_090318_exp1_F0018_Data
95cca0ff5f40f43613a4b0340fd163a2ea45c8f3234bbbb7525e71e7c8476222,0.25,11.315000000000001,7.832421932795331,4,c2c12,c2c12_090303_exp1_F0003_Data
95cca0ff5f40f43613a4b0340fd163a2ea45c8f3234bbbb7525e71e7c8476222,0.5,4.57,1.6934186330221677,4,c2c12,c2c12_090303_exp1_F0003_Data
95d69310ce56ffa986ec0b8b445c0d0bb20a4cf45aedc3c0609be87d48899c20,0.25,5.0249999999999995,7.918806728289306,4,c2c12,c2c12_090325_exp1_F0013_Data
95d69310ce56ffa986ec0b8b445c0d0bb20a4cf45aedc3c0609be87d48899c20,0.5,6.0375,2.6702605990177566,4,c2c12,c2c12_090325_exp1_F0013_Data
9605c29f71614c064bd8481e48729272fdca0aff4d0e581591e48cd614debca5,0.25,43.59,12.46892403805022,4,c2c12,c2c12_090303_exp1_F0003_Data
9605c29f71614c064bd8481e48729272fdca0aff4d0e581591e48cd614debca5,0.5,38.0975,2.102306273278624,4,c2c12,c2c12_090303_exp1_F0003_Data
966dda5bed36ff6416f46705a543765c7d2a2d1b5662a2c9a1e1a439b45833cb,0.25,29.04,11.83589174221078,4,c2c12,c2c12_090318_exp1_F0007_Data
966dda5bed36ff6416f46705a543765c7d2a2d1b5662a2c9a1e1a439b45833cb,0.5,29.27,4.674747765031463,4,c2c12,c2c12_090318_exp1_F0007_Data
9698bc9f49becdc20ae7532f24a40e9aede8cc1b45287d4f70a15b7ec7ec4f40,0.25,15.225,3.8478955287273573,4,c2c12,c2c12_090325_exp1_F0005_Data
9698bc9f49becdc20ae7532f24a40e9aede8cc1b45287d4f70a15b7ec7ec4f40,0.5,18.1725,1.6571939134170945,4,c2c12,c2c12_090325_exp1_F0005_Data
96a17325be918721ae1ba19c12bc75d83968ce0228f7c97fd4c0e0052e1c2f2e,0.25,18.0625,8.75136703606928,4,c2c12,c2c12_090325_exp1_F0005_Data
96a17325be918721ae1ba19c12bc75d83968ce0228f7c97fd4c0e0052e1c2f2e,0.5,17.32,0.9156782549928045,4,c2c12,c2c12_090325_exp1_F0005_Data
96b30d10b7c79b1d7a51faed20813b5817ec97dadec40a2126cfb3f0082dc14a,0.25,36.8675,6.086418624007607,4,c2c12,c2c12_090325_exp1_F0005_Data
96b30d10b7c79b1d7a51faed20813b5817ec97dadec40a2126cfb3f0082dc14a,0.5,31.895,7.361052913816069,4,c2c12,c2c12_090325_exp1_F0005_Data
96b8b83fa0b6985b27d62ab285349b48ab8e0b9075424a701e47b1266b384405,0.25,8.8425,2.4043900820513024,4,c2c12,c2c12_090325_exp1_F0007_Data
96b8b83fa0b6985b27d62ab285349b48ab8e0b9075424a701e47b1266b384405,0.5,13.97,2.9574651308172673,4,c2c12,c2c12_090325_exp1_F0007_Data
96ce75df7c9def97449267959932113c28c23c22738db7b06c48690f31948185,0.25,14.305,2.3212281232140897,4,c2c12,c2c12_090303_exp1_F0016_Data
96ce75df7c9def97449267959932113c28c23c22738db7b06c48690f31948185,0.5,15.99,2.9336098354530153,4,c2c12,c2c12_090303_exp1_F0016_Data
96d12bb0ad304223d02b8791d098b6e81a2988ae20aff6dc7ea3885da3c6ea64,0.25,5.39,2.613056958174978,4,c2c12,c2c12_090303_exp1_F0001_Data
96d12bb0ad304223d02b8791d098b6e81a2988ae20aff6dc7ea3885da3c6ea64,0.5,5.6975,1.6312648466757322,4,c2c12,c2c12_090303_exp1_F0001_Data
96d422d1f6b40684f3de0f9d61872afc73289d6bfb826593b8027dd000ea4d86,0.25,9.344999999999999,11.018482956680863,4,c2c12,c2c12_090318_exp1_F0016_Data
96d422d1f6b40684f3de0f9d61872afc73289d6bfb826593b8027dd000ea4d86,0.5,7.2775,2.761743108980269,4,c2c12,c2c12_090318_exp1_F0016_Data
970166b284f0576ca99d245eb100059cc568ea3b5412bcda8ee0ff4445d7b44a,0.25,2.0225,1.429087704329817,4,c2c12,c2c12_090325_exp1_F0018_Data
970166b284f0576ca99d245eb100059cc568ea3b5412bcda8ee0ff4445d7b44a,0.5,3.565,1.5415252187363007,4,c2c12,c2c12_090325_exp1_F0018_Data
9709479d8de54188a11dea42167be99a754f8036ff206c56b809404c6ceca7a7,0.25,62.830000000000005,9.1910717546976,4,c2c12,c2c12_090325_exp1_F0001_Data
9709479d8de54188a11dea42167be99a754f8036ff206c56b809404c6ceca7a7,0.5,59.3375,5.099819441248222,4,c2c12,c2c12_090325_exp1_F0001_Data
974d0ce8e50c114f121a8ed2a952ceda6f4b78f4beda56aef4977f147deb585a,0.25,9.515,6.086129037957269,4,c2c12,c2c12_090318_exp1_F0007_Data
974d0ce8e50c114f121a8ed2a952ceda6f4b78f4beda56aef4977f147deb585a,0.5,6.395,2.65758662448972,4,c2c12,c2c12_090318_exp1_F0007_Data
977e56b2d9e91aa2a6d0ddd9264eb36118386c7c44be792c2885e81c7eb6add0,0.25,18.1725,6.410378953956883,4,c2c12,c2c12_090303_exp1_F0014_Data
977e56b2d9e91aa2a6d0ddd9264eb36118386c7c44be792c2885e81c7eb6add0,0.5,21.505000000000003,1.3900719405843716,4,c2c12,c2c12_090303_exp1_F0014_Data
97a9269b72220f9892084382dda8f6b71b1d5d8f691f005b98640f83a680cf81,0.25,27.1475,10.99462103333565,4,c2c12,c2c12_090318_exp1_F0007_Data
97a9269b72220f9892084382dda8f6b71b1d5d8f691f005b98640f83a680cf81,0.5,33.1625,5.817590423305283,4,c2c12,c2c12_090318_exp1_F0007_Data
97f7a9f1da9a448623b67b40b91fa674ff3d569da317fe16bd47030c389cfb9c,0.25,42.89,7.43518213181986,4,c2c12,c2c12_090303_exp1_F0010_Data
97f7a9f1da9a448623b67b40b91fa674ff3d569da317fe16bd47030c389cfb9c,0.5,38.9075,3.69073050583034,4,c2c12,c2c12_090303_exp1_F0010_Data
983760b15781c557fa0c777a24ad410686df0e1efa0e7bf8d363336642622561,0.25,11.055,8.713872082298815,4,c2c12,c2c12_090318_exp1_F0016_Data
983760b15781c557fa0c777a24ad410686df0e1efa0e7bf8d363336642622561,0.5,4.485,2.12431165321852,4,c2c12,c2c12_090318_exp1_F0016_Data
983cdcb564cb94537a73d987d5368a5880f7464d0b877c8123b5c02f2e689bf4,0.25,11.655,7.814740345441215,4,c2c12,c2c12_090303_exp1_F0003_Data
983cdcb564cb94537a73d987d5368a5880f7464d0b877c8123b5c02f2e689bf4,0.5,10.6525,2.0275991549942347,4,c2c12,c2c12_090303_exp1_F0003_Data
985fdeb94792488a2750a267e5839ecde86950cae428aabcc1517b01757665ce,0.25,14.84,9.143197835914231,4,c2c12,c2c12_090318_exp1_F0005_Data
985fdeb94792488a2750a267e5839ecde86950cae428aabcc1517b01757665ce,0.5,17.6725,5.080199307113847,4,c2c12,c2c12_090318_exp1_F0005_Data
9863f6f503b62cf902bf8f597590d3c5b4f534a1747f856651a49dd80103eeee,0.25,28.5825,9.832328903503313,4,c2c12,c2c12_090325_exp1_F0013_Data
9863f6f503b62cf902bf8f597590d3c5b4f534a1747f856651a49dd80103eeee,0.5,26.295,4.180163473677395,4,c2c12,c2c12_090325_exp1_F0013_Data
986c5afbcd6eb055341eb8d31ce009bb23dfda20286dabc5b4de37df5418ebe0,0.25,0.8374999999999999,0.8029684510199221,4,c2c12,c2c12_090303_exp1_F0007_Data
986c5afbcd6eb055341eb8d31ce009bb23dfda20286dabc5b4de37df5418ebe0,0.5,2.5075000000000003,1.1589758409906568,4,c2c12,c2c12_090303_exp1_F0007_Data
988243e2200c1e3f8aa6b0107405790b1e8f7091952c1e9bcc1ac8532eee80ad,0.25,11.9625,5.473167120902972,4,c2c12,c2c12_090325_exp1_F0001_Data
988243e2200c1e3f8aa6b0107405790b1e8f7091952c1e9bcc1ac8532eee80ad,0.5,11.2625,2.201656573279918,4,c2c12,c2c12_090325_exp1_F0001_Data
98b9ff68186912b6f6f4b315f6be4c68aa9f2deef92076b419f9e3b88f79cfe0,0.25,2.145,3.0311329015182866,4,c2c12,c2c12_090303_exp1_F0005_Data
98b9ff68186912b6f6f4b315f6be4c68aa9f2deef92076b419f9e3b88f79cfe0,0.5,4.0075,0.23400498570187192,4,c2c12,c2c12_090303_exp1_F0005_Data
98cdbe0d0970e57febafc0574d096f67eb0c220dc7b09dfd0bd824adf82174a5,0.25,17.53,5.612486080160911,4,c2c12,c2c12_090303_exp1_F0014_Data
98cdbe0d0970e57febafc0574d096f67eb0c220dc7b09dfd0bd824adf82174a5,0.5,17.54,1.8070417814760131,4,c2c12,c2c12_090303_exp1_F0014_Data
9908d8b4c12b58925e31191495992b0bd12aa041a7e23473c1e5a557844b8696,0.25,4.475,2.0310998662465285,4,c2c12,c2c12_090318_exp1_F0003_Data
9908d8b4c12b58925e31191495992b0bd12aa041a7e23473c1e5a557844b8696,0.5,7.7475000000000005,1.5764173516764737,4,c2c12,c2c12_090318_exp1_F0003_Data
9962373617873369b878b76b77ccf61e49ef64d7ebae97ffb3b3bd989dd6bbf2,0.25,17.3225,3.7342948910515004,4,c2c12,c2c12_090303_exp1_F0005_Data
9962373617873369b878b76b77ccf61e49ef64d7ebae97ffb3b3bd989dd6bbf2,0.5,18.945,2.2559624701370073,4,c2c12,c2c12_090303_exp1_F0005_Data
999ab33ba31483ebefedb2e54813f2d02b4d30141fb8bc5c7acdefda3cddf399,0.25,27.9775,4.5037715676234455,4,c2c12,c2c12_090325_exp1_F0005_Data
999ab33ba31483ebefedb2e54813f2d02b4d30141fb8bc5c7acdefda3cddf399,0.5,31.295,1.3191537691515214,4,c2c12,c2c12_090325_exp1_F0005_Data
999bd844ec60978443fdcd12aca6247110d186771df83539fb8a86458fe8e3e4,0.25,36.265,17.269141071093642,4,c2c12,c2c12_090318_exp1_F0003_Data
999bd844ec60978443fdcd12aca6247110d186771df83539fb8a86458fe8e3e4,0.5,33.385,1.918636668748586,4,c2c12,c2c12_090318_exp1_F0003_Data
99aef41f75972a42e438b5804aea2519488cfafee86976d32ff92f55f867f28a,0.25,19.015,4.809507944339698,4,c2c12,c2c12_090325_exp1_F0005_Data
99aef41f75972a42e438b5804aea2519488cfafee86976d32ff92f55f867f28a,0.5,20.935,3.2958610407600615,4,c2c12,c2c12_090325_exp1_F0005_Data
99d5857f86870c8eb57e97f1b255f3f8b776228b1545202e61a791fcaa3405f7,0.25,15.397499999999999,9.944118445929064,4,c2c12,c2c12_090325_exp1_F0003_Data
99d5857f86870c8eb57e97f1b255f3f8b776228b1545202e61a791fcaa3405f7,0.5,9.3075,0.8697269686516562,4,c2c12,c2c12_090325_exp1_F0003_Data
9a1795aef774b25ecb83bc45b5fdf278d06e5b799536a66b8ba0f74c70407053,0.25,4.495,2.2830608109874486,4,c2c12,c2c12_090318_exp1_F0005_Data
9a1795aef774b25ecb83bc45b5fdf278d06e5b799536a66b8ba0f74c70407053,0.5,5.6675,0.6086255006159369,4,c2c12,c2c12_090318_exp1_F0005_Data
9a1fe2fd9c26414f383cd5eabb473f8c5ceef1cc3e602c097edf0332d79f8eea,0.25,13.8925,7.259579303697059,4,c2c12,c2c12_090325_exp1_F0011_Data
9a1fe2fd9c26414f383cd5eabb473f8c5ceef1cc3e602c097edf0332d79f8eea,0.5,9.1925,2.003702822276797,4,c2c12,c2c12_090325_exp1_F0011_Data
9a2bdbef7d774ff1a1afee246097226b675d9b26b8d31b2d965bf0436a4a7b77,0.25,51.35,11.930585344678885,4,c2c12,c2c12_090303_exp1_F0001_Data
9a2bdbef7d774ff1a1afee246097226b675d9b26b8d31b2d965bf0436a4a7b77,0.5,43.92,2.3019412097908463,4,c2c12,c2c12_090303_exp1_F0001_Data
9a462d33682c7b6a5adac08ef1db390e0dfcd5b2a074e370e13f165f747d5537,0.25,8.6175,3.3285870375681426,4,c2c12,c2c12_090318_exp1_F0011_Data
9a462d33682c7b6a5adac08ef1db390e0dfcd5b2a074e370e13f165f747d5537,0.5,13.045,4.9071546405902735,4,c2c12,c2c12_090318_exp1_F0011_Data
9a4b1def31a573f181ce39cbcec6bb99ab900058c6fe6600cb308577731e2e26,0.25,32.67,11.698717878468562,4,c2c12,c2c12_090318_exp1_F0018_Data
9a4b1def31a573f181ce39cbcec6bb99ab900058c6fe6600cb308577731e2e26,0.5,31.482499999999998,2.1693989182874294,4,c2c12,c2c12_090318_exp1_F0018_Data
9a72f4e8af002b3fabdbd29b2f08af13db666bc641a5280026db452f688351b6,0.25,15.272499999999999,12.862118475067266,4,c2c12,c2c12_090303_exp1_F0016_Data
9a72f4e8af002b3fabdbd29b2f08af13db666bc641a5280026db452f688351b6,0.5,14.195,2.8733081978792323,4,c2c12,c2c12_090303_exp1_F0016_Data
9a81def1c340666fb32cf2211bead55a528aca2d2b25af5d3dd9081945015de4,0.25,10.6125,2.582832747198317,4,c2c12,c2c12_090325_exp1_F0001_Data
9a81def1c340666fb32cf2211bead55a528aca2d2b25af5d3dd9081945015de4,0.5,9.879999999999999,1.6562004709575466,4,c2c12,c2c12_090325_exp1_F0001_Data
9aca0f50f4b24b8076c472059bb12cad60106b9340518eea540a1568b36f1b4c,0.25,13.56,6.330676635768619,4,c2c12,c2c12_090325_exp1_F0011_Data
9aca0f50f4b24b8076c472059bb12cad60106b9340518eea540a1568b36f1b4c,0.5,24.8875,2.773966774614769,4,c2c12,c2c12_090325_exp1_F0011_Data
9acc7d66dde004d033e1f1fdd8dcd6e21200e4dea3444f95b3c731f2ba2f398b,0.25,43.3675,16.64477570690976,4,c2c12,c2c12_090325_exp1_F0016_Data
9acc7d66dde004d033e1f1fdd8dcd6e21200e4dea3444f95b3c731f2ba2f398b,0.5,31.88,4.7486348915591865,4,c2c12,c2c12_090325_exp1_F0016_Data
9adc25ffe016e2bfeaa31c4f234fe7c1d9e2bcac8820534c805732d91a09687f,0.25,4.895,3.8131395638414984,4,c2c12,c2c12_090318_exp1_F0016_Data
9adc25ffe016e2bfeaa31c4f234fe7c1d9e2bcac8820534c805732d91a09687f,0.5,5.105,1.716012820464929,4,c2c12,c2c12_090318_exp1_F0016_Data
9b67f82db556cc8a4f0631d45d662f716e512d570fdacd0338c179d88afbf8e2,0.25,33.3925,10.003487308600603,4,c2c12,c2c12_090303_exp1_F0005_Data
9b67f82db556cc8a4f0631d45d662f716e512d570fdacd0338c179d88afbf8e2,0.5,27.58,6.915706760700601,4,c2c12,c2c12_090303_exp1_F0005_Data
9b729c819a1c1d19e87940b77a9530036861f19bfc13ec9b63dab5e3a60d78df,0.25,5.3025,4.553616694452883,4,c2c12,c2c12_090325_exp1_F0016_Data
9b729c819a1c1d19e87940b77a9530036861f19bfc13ec9b63dab5e3a60d78df,0.5,8.1725,0.7461177297629824,4,c2c12,c2c12_090325_exp1_F0016_Data
9b827842c11a32bc3e74c8562afd090b6cf5a493c5f951747b543dcca1ac0fea,0.25,1.775,1.4030086718667611,4,c2c12,c2c12_090303_exp1_F0010_Data
9b827842c11a32bc3e74c8562afd090b6cf5a493c5f951747b543dcca1ac0fea,0.5,1.4275,0.47183153773354314,4,c2c12,c2c12_090303_exp1_F0010_Data
9b8e88551c54747311d36d9c6daad2485340e05f44ee4e91c213194a339a5712,0.25,27.0875,5.250507118364854,4,c2c12,c2c12_090303_exp1_F0007_Data
9b8e88551c54747311d36d9c6daad2485340e05f44ee4e91c213194a339a5712,0.5,25.63,2.9912873482833437,4,c2c12,c2c12_090303_exp1_F0007_Data
9bcfaad0a5fc6fb5f67a28495d4990822011a0d1c8d8565625e915e7901384ba,0.25,17.6875,3.480846400901174,4,c2c12,c2c12_090303_exp1_F0007_Data
9bcfaad0a5fc6fb5f67a28495d4990822011a0d1c8d8565625e915e7901384ba,0.5,12.67,3.2847830978620194,4,c2c12,c2c12_090303_exp1_F0007_Data
9bd2fcaa12acfb00c12d991386edd9376166a5bff2c24875bbc01986d344467d,0.25,8.175,4.28776165382359,4,c2c12,c2c12_090303_exp1_F0016_Data
9bd2fcaa12acfb00c12d991386edd9376166a5bff2c24875bbc01986d344467d,0.5,11.0,2.235769815223979,4,c2c12,c2c12_090303_exp1_F0016_Data
9c2e8adda35f4ecae0b9bdb3007667539df92b89aedb1df7d1805ad6dcb78d45,0.25,37.685,19.09355650474788,4,c2c12,c2c12_090318_exp1_F0001_Data
9c2e8adda35f4ecae0b9bdb3007667539df92b89aedb1df7d1805ad6dcb78d45,0.5,33.905,7.176761107909335,4,c2c12,c2c12_090318_exp1_F0001_Data
9c384e9b0d1ccafc8415990bd379cb29d199c1080459f515b4d539094919e241,0.25,5.13,1.4357112058720816,4,c2c12,c2c12_090303_exp1_F0001_Data
9c384e9b0d1ccafc8415990bd379cb29d199c1080459f515b4d539094919e241,0.5,8.555,1.4252134343084661,4,c2c12,c2c12_090303_exp1_F0001_Data
9c5410d2037b4d4aea5d848b03a4c15d10d5c3ad98ab524518dc17bc0a990f10,0.25,1.135,2.145203953007732,4,c2c12,c2c12_090303_exp1_F0001_Data
9c5410d2037b4d4aea5d848b03a4c15d10d5c3ad98ab524518dc17bc0a990f10,0.5,1.45,0.46224091842530185,4,c2c12,c2c12_090303_exp1_F0001_Data
9c81c20c262a2bd53919ae05f00a912b5a762c03320d5f05b48f51005a357148,0.25,8.11,4.716305050919982,4,c2c12,c2c12_090318_exp1_F0018_Data
9c81c20c262a2bd53919ae05f00a912b5a762c03320d5f05b48f51005a357148,0.5,13.4375,1.7443886226029637,4,c2c12,c2c12_090318_exp1_F0018_Data
9d502f5ae802ea8e36a6f6ef3e54f30afa2a742c57b17ebb627e1efe9b7de563,0.25,28.015,9.753578830357602,4,c2c12,c2c12_090325_exp1_F0016_Data
9d502f5ae802ea8e36a6f6ef3e54f30afa2a742c57b17ebb627e1efe9b7de563,0.5,26.165,7.345608665499862,4,c2c12,c2c12_090325_exp1_F0016_Data
9da4298bef962ed2b6f1a6e94461ae9d202d0012a2fcac6d33b59983adb839c2,0.25,41.042500000000004,6.287486911848538,4,c2c12,c2c12_090325_exp1_F0013_Data
9da4298bef962ed2b6f1a6e94461ae9d202d0012a2fcac6d33b59983adb839c2,0.5,43.9125,0.5800790176059349,4,c2c12,c2c12_090325_exp1_F0013_Data
9dac7acb78c180514b9242da6390dd269e8065a12ee04563731764bacced3d62,0.25,10.1275,5.961165294358701,4,c2c12,c2c12_090303_exp1_F0007_Data
9dac7acb78c180514b9242da6390dd269e8065a12ee04563731764bacced3d62,0.5,6.0875,0.9958036955143319,4,c2c12,c2c12_090303_exp1_F0007_Data
9db31f347b72cb1f4ab3cf2d983804ec1ea6de10019c29f2b507f4b1bb23e589,0.25,10.3575,2.557972830191908,4,c2c12,c2c12_090303_exp1_F0014_Data
9db31f347b72cb1f4ab3cf2d983804ec1ea6de10019c29f2b507f4b1bb23e589,0.5,9.95,0.882458686473952,4,c2c12,c2c12_090303_exp1_F0014_Data
9dc89af6b03a215d65b65b1876027260f5300630d2c10eeed45e06232b390545,0.25,5.8774999999999995,2.6771673462822605,4,c2c12,c2c12_090318_exp1_F0005_Data
9dc89af6b03a215d65b65b1876027260f5300630d2c10eeed45e06232b390545,0.5,6.12,0.5024606120549816,4,c2c12,c2c12_090318_exp1_F0005_Data
9dd8dd9a33ed6e90649a32083aa4d107b0155e2d0360a0240be29ffde0164003,0.25,14.6475,6.017781291029665,4,c2c12,c2c12_090318_exp1_F0007_Data
9dd8dd9a33ed6e90649a32083aa4d107b0155e2d0360a0240be29ffde0164003,0.5,18.0875,7.432551715259035,4,c2c12,c2c12_090318_exp1_F0007_Data
9ddc3f611379de87bce31805eec48386a43f733ff05c7da2aeb7a827f10118a5,0.25,26.2275,10.380913174347109,4,c2c12,c2c12_090318_exp1_F0001_Data
9ddc3f611379de87bce31805eec48386a43f733ff05c7da2aeb7a827f10118a5,0.5,20.735,5.8080949257623775,4,c2c12,c2c12_090318_exp1_F0001_Data
9e25b8083806cc11184dd428c6fa787aba7f7a0e4ad42820f6c4ccbb19c86543,0.25,44.59,15.822294397463347,4,c2c12,c2c12_090318_exp1_F0011_Data
9e25b8083806cc11184dd428c6fa787aba7f7a0e4ad42820f6c4ccbb19c86543,0.5,50.9775,3.604093737219757,4,c2c12,c2c12_090318_exp1_F0011_Data
9e55157d81a3f1710330f4b665d757818eb8e1266eba33d8290b343f70c05bb3,0.25,22.22,8.964682556194242,4,c2c12,c2c12_090318_exp1_F0016_Data
9e55157d81a3f1710330f4b665d757818eb8e1266eba33d8290b343f70c05bb3,0.5,8.9275,1.453211959763612,4,c2c12,c2c12_090318_exp1_F0016_Data
9e7e168c4542130b14c599d876eb19af7062ac5d61528dfd07f37f635d43c1c3,0.25,15.0975,4.855762041121867,4,c2c12,c2c12_090318_exp1_F0007_Data
9e7e168c4542130b14c599d876eb19af7062ac5d61528dfd07f37f635d43c1c3,0.5,18.065,0.43608103222528233,4,c2c12,c2c12_090318_exp1_F0007_Data
9e856db28585f24b2cf273d77317cdf1813f43489bd006738bd456385d5959c5,0.25,1.5975000000000001,1.644675753251483,4,c2c12,c2c12_090303_exp1_F0003_Data
9e856db28585f24b2cf273d77317cdf1813f43489bd006738bd456385d5959c5,0.5,2.6550000000000002,1.2301896872704905,4,c2c12,c2c12_090303_exp1_F0003_Data
9eb8b95168c5bd6ae0fa2f8792ffa443037e94f0759d0c8fdc11b5ae3fb5009f,0.25,19.66,1.492134935810655,4,c2c12,c2c12_090325_exp1_F0018_Data
9eb8b95168c5bd6ae0fa2f8792ffa443037e94f0759d0c8fdc11b5ae3fb5009f,0.5,16.68,4.737200298347819,4,c2c12,c2c12_090325_exp1_F0018_Data
9eba875fcf1fab3238d18222e1465504c3a424e8db17d3d8977570084e803fd2,0.25,4.1875,1.1028863646511065,4,c2c12,c2c12_090303_exp1_F0005_Data
9eba875fcf1fab3238d18222e1465504c3a424e8db17d3d8977570084e803fd2,0.5,5.5425,1.473304109815757,4,c2c12,c2c12_090303_exp1_F0005_Data
9eee6b4baa7e294baebcc6147c10299509fc9d3007b2a6ed6707cd1c62db2351,0.25,46.08,5.441084450732224,4,c2c12,c2c12_090325_exp1_F0011_Data
9eee6b4baa7e294baebcc6147c10299509fc9d3007b2a6ed6707cd1c62db2351,0.5,43.4225,1.982765324826249,4,c2c12,c2c12_090325_exp1_F0011_Data
9f082129217b35f01add2d463f981add122f5743f76e605e3a29bad4ea4962bf,0.25,22.2075,8.73427491743495,4,c2c12,c2c12_090318_exp1_F0007_Data
9f082129217b35f01add2d463f981add122f5743f76e605e3a29bad4ea4962bf,0.5,35.2625,3.888944801185364,4,c2c12,c2c12_090318_exp1_F0007_Data
9f33ba6d24ee7acf7467d5be015c9d3182209e5dc35320324463dd243aa34d37,0.25,13.629999999999999,8.150611429007437,4,c2c12,c2c12_090318_exp1_F0003_Data
9f33ba6d24ee7acf7467d5be015c9d3182209e5dc35320324463dd243aa34d37,0.5,11.7625,2.0622216983955264,4,c2c12,c2c12_090318_exp1_F0003_Data
9f55c71397c53cf18bf078f5112fa812856aee23e5d78450baffa16883024da6,0.25,8.8575,3.004855792435526,4,c2c12,c2c12_090325_exp1_F0005_Data
9f55c71397c53cf18bf078f5112fa812856aee23e5d78450baffa16883024da6,0.5,7.3675,0.5639370532249145,4,c2c12,c2c12_090325_exp1_F0005_Data
9f56f53d5a294a96726d3acb903e739457fc8a19c97b9bd1b39137da0da2be1a,0.25,3.495,3.2978124062272958,4,c2c12,c2c12_090303_exp1_F0010_Data
9f56f53d5a294a96726d3acb903e739457fc8a19c97b9bd1b39137da0da2be1a,0.5,5.8125,1.1276043928021326,4,c2c12,c2c12_090303_exp1_F0010_Data
9f6b56d59df4271f14aacc39a476ef98d81d127096e3865dce5b2f7aecbc64fc,0.25,1.14,0.7845168364456345,4,c2c12,c2c12_090325_exp1_F0005_Data
9f6b56d59df4271f14aacc39a476ef98d81d127096e3865dce5b2f7aecbc64fc,0.5,6.095,1.5639799657710876,4,c2c12,c2c12_090325_exp1_F0005_Data
9fb8e6e8b2cf05396a99fd6c90cebeab32c542585c6eb683e401351076a401ca,0.25,14.752500000000001,6.51832992414468,4,c2c12,c2c12_090318_exp1_F0003_Data
9fb8e6e8b2cf05396a99fd6c90cebeab32c542585c6eb683e401351076a401ca,0.5,17.1425,1.4351858183989041,4,c2c12,c2c12_090318_exp1_F0003_Data
9fc114d9d39ad38485a3808f2ab9355214f31481fd0fcd868d64379c31338176,0.25,2.325,2.048780124854788,4,c2c12,c2c12_090318_exp1_F0001_Data
9fc114d9d39ad38485a3808f2ab9355214f31481fd0fcd868d64379c31338176,0.5,5.297499999999999,0.5313112709765027,4,c2c12,c2c12_090318_exp1_F0001_Data
9fde538256a15db111b2708771617f1f42cb60636bbef8866cd9224e7f3bdb66,0.25,37.415,8.211088031842472,4,c2c12,c2c12_090303_exp1_F0012_Data
9fde538256a15db111b2708771617f1f42cb60636bbef8866cd9224e7f3bdb66,0.5,39.855000000000004,1.9678838041578237,4,c2c12,c2c12_090303_exp1_F0012_Data
a017f5868cf60a466c30634c35ff39851b31b4c7c76e86511cc7eacfab14ff5d,0.25,48.65,4.1656772158517805,4,c2c12,c2c12_090303_exp1_F0010_Data
a017f5868cf60a466c30634c35ff39851b31b4c7c76e86511cc7eacfab14ff5d,0.5,47.1525,2.6203228172625344,4,c2c12,c2c12_090303_exp1_F0010_Data
a03c55c9058af8555b35341aed78b5ee236b586995c565c83958e7cced831d19,0.25,21.375,9.288632838044574,4,c2c12,c2c12_090303_exp1_F0007_Data
a03c55c9058af8555b35341aed78b5ee236b586995c565c83958e7cced831d19,0.5,29.409999999999997,4.564128248271148,4,c2c12,c2c12_090303_exp1_F0007_Data
a0656472c8177bf310b0f9a03775e147a90ef49db14cc444df3e6d26968a894b,0.25,25.505,8.21397792384015,4,c2c12,c2c12_090325_exp1_F0011_Data
a0656472c8177bf310b0f9a03775e147a90ef49db14cc444df3e6d26968a894b,0.5,19.810000000000002,1.3327415353323386,4,c2c12,c2c12_090325_exp1_F0011_Data
a0a844c63faf50a51e1d94b845b70f18419aaf36ada9a4d19d9def9b468fcbbb,0.25,10.3575,5.394209086294919,4,c2c12,c2c12_090325_exp1_F0011_Data
a0a844c63faf50a51e1d94b845b70f18419aaf36ada9a4d19d9def9b468fcbbb,0.5,13.5625,2.9978144816960697,4,c2c12,c2c12_090325_exp1_F0011_Data
a0bfdea582d536f33a8974f283a21c3abac6d708955cf22c4a0d1c8e2c6d6bbd,0.25,40.089999999999996,24.249828865375523,4,c2c12,c2c12_090318_exp1_F0011_Data
a0bfdea582d536f33a8974f283a21c3abac6d708955cf22c4a0d1c8e2c6d6bbd,0.5,34.3,6.885961564419794,4,c2c12,c2c12_090318_exp1_F0011_Data
a0dbf7a700d50eb7f2fd054b331c4bb5b2437c211961af3e7485ede48c2d6268,0.25,1.225,1.0669739140828765,4,c2c12,c2c12_090303_exp1_F0014_Data
a0dbf7a700d50eb7f2fd054b331c4bb5b2437c211961af3e7485ede48c2d6268,0.5,0.7725,0.30269621735330615,4,c2c12,c2c12_090303_exp1_F0014_Data
a129fff0c9c3c1cc542ce180f20f4e4def03dfeb5ff5fe289bd9dff4d239451c,0.25,17.335,4.496239169202041,4,c2c12,c2c12_090318_exp1_F0001_Data
a129fff0c9c3c1cc542ce180f20f4e4def03dfeb5ff5fe289bd9dff4d239451c,0.5,22.815,2.6641508966272904,4,c2c12,c2c12_090318_exp1_F0001_Data
a156ab20f331e1211d07596e18f8e706a20aad027cdbc0677cad7b69e7fbecbf,0.25,3.9125,3.758398373420962,4,c2c12,c2c12_090303_exp1_F0001_Data
a156ab20f331e1211d07596e18f8e706a20aad027cdbc0677cad7b69e7fbecbf,0.5,6.0024999999999995,0.5291108894488311,4,c2c12,c2c12_090303_exp1_F0001_Data
a1697bd055153168cc2fbdba4184341bc00f6e7573981789064e22fbdbe79cd1,0.25,5.1049999999999995,3.032111475523286,4,c2c12,c2c12_090318_exp1_F0007_Data
a1697bd055153168cc2fbdba4184341bc00f6e7573981789064e22fbdbe79cd1,0.5,9.33,1.5379423482909458,4,c2c12,c2c12_090318_exp1_F0007_Data
a1ac84c3c088eb139bbc23c0ea160852d6d487fdd5dec9d467a4c10a5f192cf7,0.25,28.360000000000003,15.80168556409938,4,c2c12,c2c12_090318_exp1_F0001_Data
a1ac84c3c088eb139bbc23c0ea160852d6d487fdd5dec9d467a4c10a5f192cf7,0.5,20.98,2.6650953704010916,4,c2c12,c2c12_090318_exp1_F0001_Data
a1b06548220cdfcf97bddbf83c3061e6e28bfca591a8c4445b30a51c5cee9539,0.25,12.3625,3.863291990000237,4,c2c12,c2c12_090325_exp1_F0005_Data
a1b06548220cdfcf97bddbf83c3061e6e28bfca591a8c4445b30a51c5cee9539,0.5,12.0025,3.4790743500726355,4,c2c12,c2c12_090325_exp1_F0005_Data
a1c49768f682613b0bd42ad7ef0541256479f47a2354c141c9be51876bc52008,0.25,29.0475,8.467515869486162,4,c2c12,c2c12_090303_exp1_F0012_Data
a1c49768f682613b0bd42ad7ef0541256479f47a2354c141c9be51876bc52008,0.5,25.575,6.420786556178299,4,c2c12,c2c12_090303_exp1_F0012_Data
a1c5b7cd98b4996f4ae9b3e25eb15dccc381f69e8e35b7e81e99f645288f922b,0.25,11.8375,4.279122768356461,4,c2c12,c2c12_090303_exp1_F0014_Data
a1c5b7cd98b4996f4ae9b3e25eb15dccc381f69e8e35b7e81e99f645288f922b,0.5,12.3075,1.4576779479706747,4,c2c12,c2c12_090303_exp1_F0014_Data
a1d388df1483de3693d4b1b4612e2dff8c6168a6a096c156fd449e1de20efe93,0.25,62.26,14.040334753844014,4,c2c12,c2c12_090318_exp1_F0013_Data
a1d388df1483de3693d4b1b4612e2dff8c6168a6a096c156fd449e1de20efe93,0.5,54.8,7.248857381224532,4,c2c12,c2c12_090318_exp1_F0013_Data
a200b30df616f9aca7c28588c1e253bf36746c8a936329dde6e9466c1f1c1c9a,0.25,8.4125,2.476279130738967,4,c2c12,c2c12_090318_exp1_F0001_Data
a200b30df616f9aca7c28588c1e253bf36746c8a936329dde6e9466c1f1c1c9a,0.5,5.3425,0.5072392597844403,4,c2c12,c2c12_090318_exp1_F0001_Data
a2481488579183e8b6c463ada0ea1eb3b6c312e7694fbef160673c6676c2b34a,0.25,11.7625,0.6040074502851768,4,c2c12,c2c12_090303_exp1_F0007_Data
a2481488579183e8b6c463ada0ea1eb3b6c312e7694fbef160673c6676c2b34a,0.5,12.415,1.9933639908456258,4,c2c12,c2c12_090303_exp1_F0007_Data
a251ea67db35aaf75e0eba258a19a05303b4d16c5a0cdf038821ba16850e2095,0.25,10.545,5.637461012429857,4,c2c12,c2c12_090325_exp1_F0018_Data
a251ea67db35aaf75e0eba258a19a05303b4d16c5a0cdf038821ba16850e2095,0.5,12.045,2.2829440057376202,4,c2c12,c2c12_090325_exp1_F0018_Data
a27077d1712b38055ae478f6d6136888caf094c5a6bf259e76f87bc04f13bac8,0.25,9.8575,4.003534896396766,4,c2c12,c2c12_090303_exp1_F0014_Data
a27077d1712b38055ae478f6d6136888caf094c5a6bf259e76f87bc04f13bac8,0.5,11.1475,1.0000458322830346,4,c2c12,c2c12_090303_exp1_F0014_Data
a28269415ae0c439cb1bd1177fa85955bda05cf3144929c01ebcdff59fb4b025,0.25,9.135,7.149696963275203,4,c2c12,c2c12_090325_exp1_F0018_Data
a28269415ae0c439cb1bd1177fa85955bda05cf3144929c01ebcdff59fb4b025,0.5,9.55,2.120958902635001,4,c2c12,c2c12_090325_exp1_F0018_Data
a28804281d24c0019b1f70e263aa311072d09dec5a4f28c53acdaaf86c00ff33,0.25,15.72,10.716784343573714,4,c2c12,c2c12_090325_exp1_F0003_Data
a28804281d24c0019b1f70e263aa311072d09dec5a4f28c53acdaaf86c00ff33,0.5,11.030000000000001,1.0006331329046958,4,c2c12,c2c12_090325_exp1_F0003_Data
a29ad673d7eee9da0a4e604f8f91834aa83de33352de87dce31b3c3f6ecaa67c,0.25,26.7825,7.647711531344961,4,c2c12,c2c12_090325_exp1_F0016_Data
a29ad673d7eee9da0a4e604f8f91834aa83de33352de87dce31b3c3f6ecaa67c,0.5,29.4975,5.401452736687295,4,c2c12,c2c12_090325_exp1_F0016_Data
a2a9c935e567ec03e7a6e9de43c0930ed4faae6789c10a2e7fcc53a8aef22ac8,0.25,7.967499999999999,6.733945722976984,4,c2c12,c2c12_090303_exp1_F0003_Data
a2a9c935e567ec03e7a6e9de43c0930ed4faae6789c10a2e7fcc53a8aef22ac8,0.5,4.422499999999999,0.7607178627235375,4,c2c12,c2c12_090303_exp1_F0003_Data
a2d3d3466ec72c900ffee380691a3d34c9992bdcb50f55e8cea51278207369d1,0.25,31.9775,13.061864019605574,4,c2c12,c2c12_090303_exp1_F0010_Data
a2d3d3466ec72c900ffee380691a3d34c9992bdcb50f55e8cea51278207369d1,0.5,32.3525,3.4992130067583282,4,c2c12,c2c12_090303_exp1_F0010_Data
a2e6f12f7ddcd6bd98fcf4f5728d4bb5aa8f4a62a9cf569380b411f7a33e96d2,0.25,8.375,8.869026628290916,4,c2c12,c2c12_090318_exp1_F0011_Data
a2e6f12f7ddcd6bd98fcf4f5728d4bb5aa8f4a62a9cf569380b411f7a33e96d2,0.5,4.15,1.963058837630701,4,c2c12,c2c12_090318_exp1_F0011_Data
a2fab9a3bc49cf1bfd3b848689e17d4d38fd7f198fe744188d2ba36307b4628e,0.25,64.6675,6.09941732189778,4,c2c12,c2c12_090318_exp1_F0013_Data
a2fab9a3bc49cf1bfd3b848689e17d4d38fd7f198fe744188d2ba36307b4628e,0.5,51.925,10.253306783667403,4,c2c12,c2c12_090318_exp1_F0013_Data
a30004cc7cf637c8cbd26f6c4a5befcd0bd61fa1510715e22137c8fb116df3b7,0.25,14.7475,8.17427009993349,4,c2c12,c2c12_090325_exp1_F0007_Data
a30004cc7cf637c8cbd26f6c4a5befcd0bd61fa1510715e22137c8fb116df3b7,0.5,26.1575,2.616236164161535,4,c2c12,c2c12_090325_exp1_F0007_Data
a32974cf81d8e5b968855e89071b5b939e05773606ad693fb5b6cadf03d17118,0.25,0.4825,0.7111200086248921,4,c2c12,c2c12_090303_exp1_F0016_Data
a32974cf81d8e5b968855e89071b5b939e05773606ad693fb5b6cadf03d17118,0.5,0.8125,0.43446327040767596,4,c2c12,c2c12_090303_exp1_F0016_Data
a3396cf489a23d2c5119caa79fa8c4e7d8fa08e336dac53f5e330a48b19b6ba8,0.25,21.125,8.24552605962773,4,c2c12,c2c12_090303_exp1_F0010_Data
a3396cf489a23d2c5119caa79fa8c4e7d8fa08e336dac53f5e330a48b19b6ba8,0.5,16.4575,0.5243646949722424,4,c2c12,c2c12_090303_exp1_F0010_Data
a3541844487e74b4d5b92a99e9544732edecd4480590967a99cb49d4afce509d,0.25,24.697499999999998,11.740489413421686,4,c2c12,c2c12_090325_exp1_F0007_Data
a3541844487e74b4d5b92a99e9544732edecd4480590967a99cb49d4afce509d,0.5,25.2475,4.854224105525687,4,c2c12,c2c12_090325_exp1_F0007_Data
a375659847ab84a1d06f9adc461679c5db2f75cbabca8397ba87a36218ebbe9b,0.25,10.1675,4.730936306201272,4,c2c12,c2c12_090318_exp1_F0001_Data
a375659847ab84a1d06f9adc461679c5db2f75cbabca8397ba87a36218ebbe9b,0.5,10.36,2.8957555145419307,4,c2c12,c2c12_090318_exp1_F0001_Data
a3a1f895ebba28d737c71222d40c5b57f1eeccd049f4770089f8adf2df881c80,0.25,39.455,13.895815917030564,4,c2c12,c2c12_090318_exp1_F0018_Data
a3a1f895ebba28d737c71222d40c5b57f1eeccd049f4770089f8adf2df881c80,0.5,35.572500000000005,0.6576409861517676,4,c2c12,c2c12_090318_exp1_F0018_Data
a3c62adc8beed0219a816d76b6c62ef0879462703b855b8a1b8628d54dbab79b,0.25,5.545,2.9860620667807063,4,c2c12,c2c12_090303_exp1_F0005_Data
a3c62adc8beed0219a816d76b6c62ef0879462703b855b8a1b8628d54dbab79b,0.5,7.2575,0.6681504321632964,4,c2c12,c2c12_090303_exp1_F0005_Data
a3ca0567d81e0a167daa50ee46b4aa0cc78558f591856bda6f59917dfffbb87b,0.25,11.14,6.555440488632323,4,c2c12,c2c12_090318_exp1_F0007_Data
a3ca0567d81e0a167daa50ee46b4aa0cc78558f591856bda6f59917dfffbb87b,0.5,23.6675,3.1521883932700905,4,c2c12,c2c12_090318_exp1_F0007_Data
a3e67b70fa18196ae63730249b261a4479344db84d853f42941b3a918ae21f51,0.25,14.645,10.468841069255628,4,c2c12,c2c12_090318_exp1_F0007_Data
a3e67b70fa18196ae63730249b261a4479344db84d853f42941b3a918ae21f51,0.5,24.3425,3.502688253327722,4,c2c12,c2c12_090318_exp1_F0007_Data
a3f4b706cd4f45fb4b54364410884cceb125c8204351517d84bb59d29efad358,0.25,22.3125,4.642379957162776,4,c2c12,c2c12_090325_exp1_F0001_Data
a3f4b706cd4f45fb4b54364410884cceb125c8204351517d84bb59d29efad358,0.5,23.54,2.1726021264833535,4,c2c12,c2c12_090325_exp1_F0001_Data
a3fc885ad97c77cf777959bfda9650a5955b3980d0084ff02b491480fed8e5c5,0.25,11.5375,2.105253349757854,4,c2c12,c2c12_090318_exp1_F0001_Data
a3fc885ad97c77cf777959bfda9650a5955b3980d0084ff02b491480fed8e5c5,0.5,14.9525,3.343305500050313,4,c2c12,c2c12_090318_exp1_F0001_Data
a40824e5b3e8250b4c2b9bdc03e37caabe666a26c5d8d2f2f79031beb6bf2708,0.25,41.365,10.847262327426218,4,c2c12,c2c12_090325_exp1_F0003_Data
a40824e5b3e8250b4c2b9bdc03e37caabe666a26c5d8d2f2f79031beb6bf2708,0.5,39.935,0.9232370587593767,4,c2c12,c2c12_090325_exp1_F0003_Data
a4253068f5ae4aac97fc5ff60c2f06f9a5ea125616016850ce5783de9992ee50,0.25,24.275,12.207575516866566,4,c2c12,c2c12_090325_exp1_F0013_Data
a4253068f5ae4aac97fc5ff60c2f06f9a5ea125616016850ce5783de9992ee50,0.5,28.1925,6.962520496678389,4,c2c12,c2c12_090325_exp1_F0013_Data
a443b9ce827143ca755ea968edef1077cd089b35cfab11e95127593620b8ce1b,0.25,11.6,7.160605188576359,4,c2c12,c2c12_090318_exp1_F0001_Data
a443b9ce827143ca755ea968edef1077cd089b35cfab11e95127593620b8ce1b,0.5,10.775,3.244117753719799,4,c2c12,c2c12_090318_exp1_F0001_Data
a47070eab346008677f8a2e4d93cb58fe6c71566fac7834a5ea707e96cc2bc18,0.25,36.8525,11.335182324662156,4,c2c12,c2c12_090325_exp1_F0013_Data
a47070eab346008677f8a2e4d93cb58fe6c71566fac7834a5ea707e96cc2bc18,0.5,42.905,3.770777992227423,4,c2c12,c2c12_090325_exp1_F0013_Data
a473c21434b20f216335f654fa741149069089bcfcd3108c54b75d7c017a0aca,0.25,24.485,7.139138603501126,4,c2c12,c2c12_090303_exp1_F0012_Data
a473c21434b20f216335f654fa741149069089bcfcd3108c54b75d7c017a0aca,0.5,23.8825,6.109491931958554,4,c2c12,c2c12_090303_exp1_F0012_Data
a494facc061da4f6bbb99324f19440977685df5cfedd49373da7fa3dacbdc866,0.25,17.0525,6.0710755499609235,4,c2c12,c2c12_090303_exp1_F0005_Data
a494facc061da4f6bbb99324f19440977685df5cfedd49373da7fa3dacbdc866,0.5,19.130000000000003,2.708960440218105,4,c2c12,c2c12_090303_exp1_F0005_Data
a4b70815fbcfd25de8b42671295e3909b87ce0a1d4f15ed58e8eacb20f555d66,0.25,47.635000000000005,21.40598436574844,4,c2c12,c2c12_090325_exp1_F0003_Data
a4b70815fbcfd25de8b42671295e3909b87ce0a1d4f15ed58e8eacb20f555d66,0.5,31.5675,2.9542441221627795,4,c2c12,c2c12_090325_exp1_F0003_Data
a4e216dab7a84e92cb1d370e5fdfd991cd0bd69ba5b8dd4f34dc161b64798651,0.25,6.6925,5.54281141058699,4,c2c12,c2c12_090303_exp1_F0003_Data
a4e216dab7a84e92cb1d370e5fdfd991cd0bd69ba5b8dd4f34dc161b64798651,0.5,6.7875,2.8530378546384556,4,c2c12,c2c12_090303_exp1_F0003_Data
a4e824eef8153be80f7a9b872073ea832c5f55082f14c8a45f2e1436bde0a94f,0.25,11.68,7.702891232085088,4,c2c12,c2c12_090318_exp1_F0007_Data
a4e824eef8153be80f7a9b872073ea832c5f55082f14c8a45f2e1436bde0a94f,0.5,8.6675,3.597400681973954,4,c2c12,c2c12_090318_exp1_F0007_Data
a500e865aafae8d0451a3206d73be3795eb313b54a6910a03ce733fff5529d7c,0.25,6.87,4.507556618243044,4,c2c12,c2c12_090318_exp1_F0018_Data
a500e865aafae8d0451a3206d73be3795eb313b54a6910a03ce733fff5529d7c,0.5,12.8125,3.0219461168811956,4,c2c12,c2c12_090318_exp1_F0018_Data
a501f241e4fb18f8179d605e4916fbabca7e96a764f868d86d3415ef325198a3,0.25,28.902500000000003,7.297704547778478,4,c2c12,c2c12_090303_exp1_F0005_Data
a501f241e4fb18f8179d605e4916fbabca7e96a764f868d86d3415ef325198a3,0.5,29.0175,2.8556537488521503,4,c2c12,c2c12_090303_exp1_F0005_Data
a53fdaca8011eaec916f6347734c8ea2f75d7fa5eb0b9fcb131b71ef88f5ddae,0.25,4.285,3.4179184698682716,4,c2c12,c2c12_090325_exp1_F0018_Data
a53fdaca8011eaec916f6347734c8ea2f75d7fa5eb0b9fcb131b71ef88f5ddae,0.5,13.575,0.49332207194353905,4,c2c12,c2c12_090325_exp1_F0018_Data
a55afd32a827178db1ae34ebfc9c505dc076a38750b90290cb4fda1e00d10cf8,0.25,24.2675,7.507691056509984,4,c2c12,c2c12_090318_exp1_F0001_Data
a55afd32a827178db1ae34ebfc9c505dc076a38750b90290cb4fda1e00d10cf8,0.5,37.9875,9.584711350200728,4,c2c12,c2c12_090318_exp1_F0001_Data
a584b12a5cec0ba227891b7e17228d01d97401d18b0a6d132696b8ce0eb6845e,0.25,28.895,12.649177838895305,4,c2c12,c2c12_090318_exp1_F0013_Data
a584b12a5cec0ba227891b7e17228d01d97401d18b0a6d132696b8ce0eb6845e,0.5,28.7425,8.44033717730913,4,c2c12,c2c12_090318_exp1_F0013_Data
a5a33156cb7acd58233c89f9e2d1059895e75ee88bda9cb056d14b7571aeb02e,0.25,17.509999999999998,3.334976261784582,4,c2c12,c2c12_090325_exp1_F0016_Data
a5a33156cb7acd58233c89f9e2d1059895e75ee88bda9cb056d14b7571aeb02e,0.5,12.877500000000001,2.0777130857427513,4,c2c12,c2c12_090325_exp1_F0016_Data
a5a5b7d7130120dedd7084404e76d80370803f9e67b0b153da1089122540aa74,0.25,36.9725,14.212922230608783,4,c2c12,c2c12_090318_exp1_F0003_Data
a5a5b7d7130120dedd7084404e76d80370803f9e67b0b153da1089122540aa74,0.5,37.1725,3.1593393296700474,4,c2c12,c2c12_090318_exp1_F0003_Data
a5a92a2a33ec5ee9bd9053cf266c11ccc9e87341d6c2627416e58e33cf763d85,0.25,26.565,20.124745132961728,4,c2c12,c2c12_090318_exp1_F0013_Data
a5a92a2a33ec5ee9bd9053cf266c11ccc9e87341d6c2627416e58e33cf763d85,0.5,17.3475,7.079497981260158,4,c2c12,c2c12_090318_exp1_F0013_Data
a5acbfe37d0bd5334ed36a4be1fe900882ce95ea681baae1117a4fb36f6d2d34,0.25,2.0775,1.4570603968264324,4,c2c12,c2c12_090303_exp1_F0016_Data
a5acbfe37d0bd5334ed36a4be1fe900882ce95ea681baae1117a4fb36f6d2d34,0.5,1.8175,0.45587827322652696,4,c2c12,c2c12_090303_exp1_F0016_Data
a5dab8a325bd59267cc21438bf54163732223741a09237acb5d005033bcf415c,0.25,30.445,5.722822730086964,4,c2c12,c2c12_090325_exp1_F0003_Data
a5dab8a325bd59267cc21438bf54163732223741a09237acb5d005033bcf415c,0.5,26.42,2.420399416074406,4,c2c12,c2c12_090325_exp1_F0003_Data
a5f6ba88a92567bc38deeb9b1704ecbb2d3ac10b0b9f5dfff8cd75bd17212ca1,0.25,26.37,8.050900570743623,4,c2c12,c2c12_090325_exp1_F0007_Data
a5f6ba88a92567bc38deeb9b1704ecbb2d3ac10b0b9f5dfff8cd75bd17212ca1,0.5,25.1675,7.59042543823028,4,c2c12,c2c12_090325_exp1_F0007_Data
a602a023a54204ed48475964448b87b2c68707e87395ae4e4b3b85eaf0225258,0.25,16.79,2.841490219350871,4,c2c12,c2c12_090303_exp1_F0010_Data
a602a023a54204ed48475964448b87b2c68707e87395ae4e4b3b85eaf0225258,0.5,14.3425,2.0419822885291303,4,c2c12,c2c12_090303_exp1_F0010_Data
a6114cff6c4c46e8dae894df0cf49c8d6ee00b9bbaefb788618568141d027a29,0.25,33.9825,11.100998078251044,4,c2c12,c2c12_090325_exp1_F0013_Data
a6114cff6c4c46e8dae894df0cf49c8d6ee00b9bbaefb788618568141d027a29,0.5,34.715,3.2307945359204333,4,c2c12,c2c12_090325_exp1_F0013_Data
a615dae9a5817768538f926d7f67d45d5dfe2d9d3a24bcc2bc74afbe90c3b10e,0.25,50.94,6.157813464750832,4,c2c12,c2c12_090325_exp1_F0011_Data
a615dae9a5817768538f926d7f67d45d5dfe2d9d3a24bcc2bc74afbe90c3b10e,0.5,44.015,3.046883653833866,4,c2c12,c2c12_090325_exp1_F0011_Data
a61643f6baae84f26928827041462f9b570523e5c06e59b2c7ca9cf0c4a5e54f,0.25,16.3075,12.184671723111787,4,c2c12,c2c12_090318_exp1_F0018_Data
a61643f6baae84f26928827041462f9b570523e5c06e59b2c7ca9cf0c4a5e54f,0.5,20.625,2.1373269910490214,4,c2c12,c2c12_090318_exp1_F0018_Data
a643d14f3ba2ebf4d2a56aa6826bde22cba4629951274404accd6c15381c0d78,0.25,51.0925,8.887970803282377,4,c2c12,c2c12_090318_exp1_F0003_Data
a643d14f3ba2ebf4d2a56aa6826bde22cba4629951274404accd6c15381c0d78,0.5,47.917500000000004,5.777273722671159,4,c2c12,c2c12_090318_exp1_F0003_Data
a64ddd601aa7a89be5af645610b5ed752a212ad97b59099f96b8b5e8648163da,0.25,5.4175,2.8107338899298173,4,c2c12,c2c12_090303_exp1_F0014_Data
a64ddd601aa7a89be5af645610b5ed752a212ad97b59099f96b8b5e8648163da,0.5,4.2475000000000005,1.2025355157610385,4,c2c12,c2c12_090303_exp1_F0014_Data
a6502666cc2269d4cf81806b2e17a3794dfa6f9be385dfb31818117245a33563,0.25,24.3575,11.668071463042498,4,c2c12,c2c12_090318_exp1_F0001_Data
a6502666cc2269d4cf81806b2e17a3794dfa6f9be385dfb31818117245a33563,0.5,27.625,6.297668880890241,4,c2c12,c2c12_090318_exp1_F0001_Data
a6527557b6f575435854e0ae08a6a2f234006dd38370ccdcc5ecc78b0dcbf981,0.25,27.892500000000002,13.67150899986294,4,c2c12,c2c12_090318_exp1_F0007_Data
a6527557b6f575435854e0ae08a6a2f234006dd38370ccdcc5ecc78b0dcbf981,0.5,28.535,3.61663287234595,4,c2c12,c2c12_090318_exp1_F0007_Data
a687d5625649ab86db2c54fc0ab8e2fb5bdf68ee4e6c64a376ddc5bddbd50e18,0.25,0.3775,0.43607147732147455,4,c2c12,c2c12_090303_exp1_F0012_Data
a687d5625649ab86db2c54fc0ab8e2fb5bdf68ee4e6c64a376ddc5bddbd50e18,0.5,2.57,0.7416647940051265,4,c2c12,c2c12_090303_exp1_F0012_Data
a6e67ecb791bd95ff0f429005d88f080194dcd6064fe6faa24089ac6c65cee0a,0.25,12.4075,6.033055472423019,4,c2c12,c2c12_090318_exp1_F0001_Data
a6e67ecb791bd95ff0f429005d88f080194dcd6064fe6faa24089ac6c65cee0a,0.5,9.217500000000001,1.9546419109391882,4,c2c12,c2c12_090318_exp1_F0001_Data
a701847d5b9a3d9f8358a1888c9fb67fa329b665767abdc85e4ee35df6171953,0.25,24.1875,10.436753566123903,4,c2c12,c2c12_090318_exp1_F0005_Data
a701847d5b9a3d9f8358a1888c9fb67fa329b665767abdc85e4ee35df6171953,0.5,19.3975,4.487667359924679,4,c2c12,c2c12_090318_exp1_F0005_Data
a74abce50d94a8aec365618da1d86b1ae1add5dd625f6b70bcd9264e7d68daff,0.25,31.4475,10.637049637940024,4,c2c12,c2c12_090318_exp1_F0011_Data
a74abce50d94a8aec365618da1d86b1ae1add5dd625f6b70bcd9264e7d68daff,0.5,25.8475,7.195338189874515,4,c2c12,c2c12_090318_exp1_F0011_Data
a767349dce1da640a086953d3fec83a24c3a2ac286f760f42a8d73b19c1e0789,0.25,12.5525,5.8054650976472155,4,c2c12,c2c12_090318_exp1_F0001_Data
a767349dce1da640a086953d3fec83a24c3a2ac286f760f42a8d73b19c1e0789,0.5,11.7375,2.7829046576074665,4,c2c12,c2c12_090318_exp1_F0001_Data
a7a4afff5caabe15d542bbeae9879026d877ae6c5e0a3887635ce88e05d8507c,0.25,8.49,6.987841822289149,4,c2c12,c2c12_090318_exp1_F0011_Data
a7a4afff5caabe15d542bbeae9879026d877ae6c5e0a3887635ce88e05d8507c,0.5,8.0575,2.2375190874418633,4,c2c12,c2c12_090318_exp1_F0011_Data
a7b70d47ca097a189c082e89652cd7e43fea685cd4e9818669e35fe6c5d0e15c,0.25,51.545,8.358199566892383,4,c2c12,c2c12_090325_exp1_F0001_Data
a7b70d47ca097a189c082e89652cd7e43fea685cd4e9818669e35fe6c5d0e15c,0.5,46.765,2.2768179549537986,4,c2c12,c2c12_090325_exp1_F0001_Data
a7d7fa11c151f376b6f650c6ca57afd254ab2f4f63b3db97617f6f89f0752d87,0.25,25.6025,10.219153177571354,4,c2c12,c2c12_090318_exp1_F0001_Data
a7d7fa11c151f376b6f650c6ca57afd254ab2f4f63b3db97617f6f89f0752d87,0.5,18.25,1.8476110701840542,4,c2c12,c2c12_090318_exp1_F0001_Data
a7dcdfaba1e71c87836fd345409d70681ab7d6ee73422a5cd26b7bdb899a224a,0.25,18.740000000000002,3.21190493840234,4,c2c12,c2c12_090325_exp1_F0018_Data
a7dcdfaba1e71c87836fd345409d70681ab7d6ee73422a5cd26b7bdb899a224a,0.5,14.864999999999998,3.830556965594776,4,c2c12,c2c12_090325_exp1_F0018_Data
a7e049a8a616200ef4cd807ac291d9970c4579e5a2b186ca6818d499a2525c92,0.25,2.81,3.145843818967072,4,c2c12,c2c12_090303_exp1_F0003_Data
a7e049a8a616200ef4cd807ac291d9970c4579e5a2b186ca6818d499a2525c92,0.5,6.2475000000000005,4.464484852701373,4,c2c12,c2c12_090303_exp1_F0003_Data
a7e709c676d2a045fe04c96b8c58327b374a778a4558973bff41a8c741890200,0.25,12.925,4.514380725341332,4,c2c12,c2c12_090303_exp1_F0005_Data
a7e709c676d2a045fe04c96b8c58327b374a778a4558973bff41a8c741890200,0.5,17.072499999999998,2.1325473812633873,4,c2c12,c2c12_090303_exp1_F0005_Data
a816613af412d8d4dd437a419f836e585b4990c1ab3495f216b0693a7c5c0d63,0.25,2.925,1.3978435773242535,4,c2c12,c2c12_090303_exp1_F0012_Data
a816613af412d8d4dd437a419f836e585b4990c1ab3495f216b0693a7c5c0d63,0.5,4.305,0.5275414675643991,4,c2c12,c2c12_090303_exp1_F0012_Data
a8250c4ca8057772575e51bb0f7dfcdea6aaffd300a717031c11bcdfe9176f6d,0.25,29.535,4.359009826401711,4,c2c12,c2c12_090303_exp1_F0014_Data
a8250c4ca8057772575e51bb0f7dfcdea6aaffd300a717031c11bcdfe9176f6d,0.5,32.205,0.8467388420680053,4,c2c12,c2c12_090303_exp1_F0014_Data
a86bf27ed13e0b0db601bd8eac89da004c7f8f2010f2392908850b9fdb28683f,0.25,23.779999999999998,7.363074538986187,4,c2c12,c2c12_090318_exp1_F0005_Data
a86bf27ed13e0b0db601bd8eac89da004c7f8f2010f2392908850b9fdb28683f,0.5,26.995,4.88696565706506,4,c2c12,c2c12_090318_exp1_F0005_Data
a873271afa2d59d0aa569fcc82a16970668e39ce22fd5774c2b231eed2e23b94,0.25,1.0375,0.4306100323959023,4,c2c12,c2c12_090303_exp1_F0012_Data
a873271afa2d59d0aa569fcc82a16970668e39ce22fd5774c2b231eed2e23b94,0.5,1.0525,0.6355247175890696,4,c2c12,c2c12_090303_exp1_F0012_Data
a876c2b08fb30c6ccfe688d4cb555e9c2591a283673e50ee2c7844af20ef0168,0.25,28.665,11.365331788675006,4,c2c12,c2c12_090325_exp1_F0018_Data
a876c2b08fb30c6ccfe688d4cb555e9c2591a283673e50ee2c7844af20ef0168,0.5,20.32,3.9774615020135644,4,c2c12,c2c12_090325_exp1_F0018_Data
a878dbdea0f8725971143c3168d758d545f2fd6374c633c967bc9e5a07f46946,0.25,13.2925,2.581980828743699,4,c2c12,c2c12_090318_exp1_F0001_Data
a878dbdea0f8725971143c3168d758d545f2fd6374c633c967bc9e5a07f46946,0.5,10.1,2.896146865520923,4,c2c12,c2c12_090318_exp1_F0001_Data
a8822b80a6105dab18113e649fe65bb432a36fe19bd09ddd9fc5ef49ce609254,0.25,32.120000000000005,23.577697088562317,4,c2c12,c2c12_090325_exp1_F0013_Data
a8822b80a6105dab18113e649fe65bb432a36fe19bd09ddd9fc5ef49ce609254,0.5,26.81,5.266276356845193,4,c2c12,c2c12_090325_exp1_F0013_Data
a883c179fc30af93863ed3976454a020abd99203146c6c1a93eae42c2bb49f7a,0.25,2.38,1.7743167699145492,4,c2c12,c2c12_090318_exp1_F0018_Data
a883c179fc30af93863ed3976454a020abd99203146c6c1a93eae42c2bb49f7a,0.5,6.2325,2.4543346009322633,4,c2c12,c2c12_090318_exp1_F0018_Data
a8a8cde51c687cf41c1699e12a0558f5faf6fd9a82fb0dec0bd6f4780ab7b97d,0.25,8.14,5.894409781026992,4,c2c12,c2c12_090325_exp1_F0018_Data
a8a8cde51c687cf41c1699e12a0558f5faf6fd9a82fb0dec0bd6f4780ab7b97d,0.5,7.45,1.4487465846954277,4,c2c12,c2c12_090325_exp1_F0018_Data
a8c5fdc33abd467bad68f4f56dd95dac2269903748f3db3ceaf1427e4ced66f5,0.25,33.6,7.647369918257299,4,c2c12,c2c12_090318_exp1_F0007_Data
a8c5fdc33abd467bad68f4f56dd95dac2269903748f3db3ceaf1427e4ced66f5,0.5,32.332499999999996,5.843785160322031,4,c2c12,c2c12_090318_exp1_F0007_Data
a9106456f592c34c99c1465fae547bd174e888b39e3a3ed38aed8014d986a055,0.25,41.7175,22.89093907349951,4,c2c12,c2c12_090318_exp1_F0013_Data
a9106456f592c34c99c1465fae547bd174e888b39e3a3ed38aed8014d986a055,0.5,45.5025,8.258019839323874,4,c2c12,c2c12_090318_exp1_F0013_Data
a934579b26b02ce3c99f81ded70b3a0e267cd813b7781f98455ec2f3200b08ad,0.25,4.3575,2.0296530902266694,4,c2c12,c2c12_090325_exp1_F0011_Data
a934579b26b02ce3c99f81ded70b3a0e267cd813b7781f98455ec2f3200b08ad,0.5,8.345,2.0271901736146996,4,c2c12,c2c12_090325_exp1_F0011_Data
a97ff8709b132e853f2137884de18a9b2b8d17d4670d66de59e8b9b23ea9a395,0.25,11.5,7.429970838884003,4,c2c12,c2c12_090318_exp1_F0003_Data
a97ff8709b132e853f2137884de18a9b2b8d17d4670d66de59e8b9b23ea9a395,0.5,8.305,2.8954044046845455,4,c2c12,c2c12_090318_exp1_F0003_Data
a981da8425a8288e366bdf95587875e09f1eef5b494029e22dd2db3d57055a71,0.25,5.03,3.8391057986637116,4,c2c12,c2c12_090325_exp1_F0013_Data
a981da8425a8288e366bdf95587875e09f1eef5b494029e22dd2db3d57055a71,0.5,7.2375,3.300084594875309,4,c2c12,c2c12_090325_exp1_F0013_Data
a9a3a6b43562689e211704ac78896b64fe5fcd47f9d033940215bbf6d5ee6e47,0.25,11.885,4.14396348117757,4,c2c12,c2c12_090303_exp1_F0007_Data
a9a3a6b43562689e211704ac78896b64fe5fcd47f9d033940215bbf6d5ee6e47,0.5,12.4725,2.158987030993934,4,c2c12,c2c12_090303_exp1_F0007_Data
a9bc66fd6768e559cafc19ac8db1113048cee2ed402f2ca19bff06ae5d98cf84,0.25,34.927499999999995,8.87359519398235,4,c2c12,c2c12_090325_exp1_F0005_Data
a9bc66fd6768e559cafc19ac8db1113048cee2ed402f2ca19bff06ae5d98cf84,0.5,31.2675,4.492863786050053,4,c2c12,c2c12_090325_exp1_F0005_Data
a9d3a41da9732a8cffdcbc878fef3bd82abe1da9292ca172cc4422f4c9e3ecd3,0.25,2.13,2.012013916452866,4,c2c12,c2c12_090318_exp1_F0007_Data
a9d3a41da9732a8cffdcbc878fef3bd82abe1da9292ca172cc4422f4c9e3ecd3,0.5,4.1175,0.9142346525919919,4,c2c12,c2c12_090318_exp1_F0007_Data
a9ec2bfa72424097cdaccb2c18ca902801415213b5d4833f2ada7cde6a86e588,0.25,3.71,0.6669832581607028,4,c2c12,c2c12_090318_exp1_F0005_Data
a9ec2bfa72424097cdaccb2c18ca902801415213b5d4833f2ada7cde6a86e588,0.5,5.96,0.7237402849088892,4,c2c12,c2c12_090318_exp1_F0005_Data
aa226a81eabb0bd98c4793028544410d972aedae85f3ce8d36585c328348c32e,0.25,4.765,2.935580578579531,4,c2c12,c2c12_090318_exp1_F0005_Data
aa226a81eabb0bd98c4793028544410d972aedae85f3ce8d36585c328348c32e,0.5,5.4775,2.306012069930829,4,c2c12,c2c12_090318_exp1_F0005_Data
aa3248abcbd52288c9ddc7cc963e666769d3bdeabc4e2e40c30022878a9fd42d,0.25,20.165,1.465526071643445,4,c2c12,c2c12_090303_exp1_F0014_Data
aa3248abcbd52288c9ddc7cc963e666769d3bdeabc4e2e40c30022878a9fd42d,0.5,19.585,2.463337843929113,4,c2c12,c2c12_090303_exp1_F0014_Data
aa3caea69324f328f0dcc534e47067b8220b7b236e6274818c97c976140c5f9b,0.25,9.9575,3.755692346292491,4,c2c12,c2c12_090318_exp1_F0001_Data
aa3caea69324f328f0dcc534e47067b8220b7b236e6274818c97c976140c5f9b,0.5,9.96,2.116175796100126,4,c2c12,c2c12_090318_exp1_F0001_Data
aa42eec10fef0f02fd06cfebd13f4b65a8d439370c91302cb89f6bc7a4cd0b56,0.25,2.6775,0.7579083057995866,4,c2c12,c2c12_090303_exp1_F0005_Data
aa42eec10fef0f02fd06cfebd13f4b65a8d439370c91302cb89f6bc7a4cd0b56,0.5,3.5925000000000002,1.0924704420105227,4,c2c12,c2c12_090303_exp1_F0005_Data
ab025a81740991d32db83434dccdab507c059159ddf9508f341c6b2d03a706a2,0.25,8.125,3.5222199439179454,4,c2c12,c2c12_090303_exp1_F0010_Data
ab025a81740991d32db83434dccdab507c059159ddf9508f341c6b2d03a706a2,0.5,6.37,0.8366600265340752,4,c2c12,c2c12_090303_exp1_F0010_Data
ab29956e4c6e2baf735e390c580cfc5e7ec031b7b737052b916037c2b24318cc,0.25,10.365,5.840094177322828,4,c2c12,c2c12_090318_exp1_F0011_Data
ab29956e4c6e2baf735e390c580cfc5e7ec031b7b737052b916037c2b24318cc,0.5,18.12,0.6753764382426528,4,c2c12,c2c12_090318_exp1_F0011_Data
ab2dfa4317bc75e854cda2de5e6e17468b27e1d668ad0e1758ae58a65b3c4280,0.25,16.85,2.777168822140035,4,c2c12,c2c12_090303_exp1_F0007_Data
ab2dfa4317bc75e854cda2de5e6e17468b27e1d668ad0e1758ae58a65b3c4280,0.5,16.37,2.828533188774705,4,c2c12,c2c12_090303_exp1_F0007_Data
ab5dc5e78db7aec8d24b4cd7bb2bc6b7e18bb911c42a307715204baf2a5f1946,0.25,6.6725,5.640681844127238,4,c2c12,c2c12_090318_exp1_F0003_Data
ab5dc5e78db7aec8d24b4cd7bb2bc6b7e18bb911c42a307715204baf2a5f1946,0.5,5.0425,0.8500343130329111,4,c2c12,c2c12_090318_exp1_F0003_Data
abb57da080c6f5245fbb025371a8014b2f77bc99d17aa15974c8ea857ba65a3f,0.25,17.095,5.469030992781079,4,c2c12,c2c12_090303_exp1_F0005_Data
abb57da080c6f5245fbb025371a8014b2f77bc99d17aa15974c8ea857ba65a3f,0.5,12.44,1.9312172327317296,4,c2c12,c2c12_090303_exp1_F0005_Data
abc7a6d7d27b222abd217d2a4eeb6795e55e26bdf2765878734448bae9a68331,0.25,40.3175,7.932050491518572,4,c2c12,c2c12_090303_exp1_F0010_Data
abc7a6d7d27b222abd217d2a4eeb6795e55e26bdf2765878734448bae9a68331,0.5,40.95,0.5921711464320633,4,c2c12,c2c12_090303_exp1_F0010_Data
abeca61dfb503730cb45b789727fb9534c391ef7e3ad8183efbddb433342ec35,0.25,23.450000000000003,11.150721949721463,4,c2c12,c2c12_090318_exp1_F0003_Data
abeca61dfb503730cb45b789727fb9534c391ef7e3ad8183efbddb433342ec35,0.5,29.955000000000002,3.593368892835801,4,c2c12,c2c12_090318_exp1_F0003_Data
abf87f7c2055ec0cfc5815594c2984d7076c9fdb980e696bbf3ad24056672e42,0.25,8.0025,3.491755766564055,4,c2c12,c2c12_090325_exp1_F0016_Data
abf87f7c2055ec0cfc5815594c2984d7076c9fdb980e696bbf3ad24056672e42,0.5,5.425,1.0524416056643398,4,c2c12,c2c12_090325_exp1_F0016_Data
ac24fe1d663dd02fd969652afd7b15b898c3dc58de99676ed4837e36b971a56b,0.25,0.7025,1.0596343709034735,4,c2c12,c2c12_090303_exp1_F0014_Data
ac24fe1d663dd02fd969652afd7b15b898c3dc58de99676ed4837e36b971a56b,0.5,1.185,0.05196152422706635,4,c2c12,c2c12_090303_exp1_F0014_Data
ac252236db4ceef8097fe75c7ac86f59d4eb042847245e73a579b8e7f0534d36,0.25,7.47,1.7456803831171386,4,c2c12,c2c12_090303_exp1_F0007_Data
ac252236db4ceef8097fe75c7ac86f59d4eb042847245e73a579b8e7f0534d36,0.5,7.8275,2.9247948646016186,4,c2c12,c2c12_090303_exp1_F0007_Data
ac272fe18f288c966c51ff213fb4c3415d33f6665b96f4d4b75632f41bb4d482,0.25,9.085,1.1886827443294812,4,c2c12,c2c12_090325_exp1_F0007_Data
ac272fe18f288c966c51ff213fb4c3415d33f6665b96f4d4b75632f41bb4d482,0.5,11.3225,0.6744565713718462,4,c2c12,c2c12_090325_exp1_F0007_Data
ac3bd25588dc861c36a99202d8eb5241a4e133fe00ae61636a375392b14bb53e,0.25,19.9825,11.115941630529253,4,c2c12,c2c12_090318_exp1_F0003_Data
ac3bd25588dc861c36a99202d8eb5241a4e133fe00ae61636a375392b14bb53e,0.5,20.765,2.2759979496182914,4,c2c12,c2c12_090318_exp1_F0003_Data
ac6db8b27782e76c8111e5ec2b1460a0f58670a9193a408401e38615c6d5fafe,0.25,7.235,7.56810191968017,4,c2c12,c2c12_090325_exp1_F0011_Data
ac6db8b27782e76c8111e5ec2b1460a0f58670a9193a408401e38615c6d5fafe,0.5,10.6425,1.9056473090964832,4,c2c12,c2c12_090325_exp1_F0011_Data
ac82e326d195aa74039f82d5bdd2606681b90c8998860c629d3229c51eb72618,0.25,14.645,6.347905166273358,4,c2c12,c2c12_090303_exp1_F0016_Data
ac82e326d195aa74039f82d5bdd2606681b90c8998860c629d3229c51eb72618,0.5,14.7825,2.711978060383233,4,c2c12,c2c12_090303_exp1_F0016_Data
ac915fb7a81b545538867819dfcfc3eef89adf504e76d4cab7b984a4c9bc57e2,0.25,6.36,3.8400086805457443,4,c2c12,c2c12_090325_exp1_F0016_Data
ac915fb7a81b545538867819dfcfc3eef89adf504e76d4cab7b984a4c9bc57e2,0.5,3.8875,2.0510546067815945,4,c2c12,c2c12_090325_exp1_F0016_Data
acb3854bc3d3c9acad656e2a1d9ed5dfadcf2b184d4a6f32d278ec120404dcff,0.25,60.72,5.1283070630894665,4,c2c12,c2c12_090318_exp1_F0013_Data
acb3854bc3d3c9acad656e2a1d9ed5dfadcf2b184d4a6f32d278ec120404dcff,0.5,55.65,5.312802148270411,4,c2c12,c2c12_090318_exp1_F0013_Data
ad3bf420d4fe5c2488efee75d50b1f333239b50880f7ae183ded291842ec98cc,0.25,4.79,2.860139856720297,4,c2c12,c2c12_090325_exp1_F0016_Data
ad3bf420d4fe5c2488efee75d50b1f333239b50880f7ae183ded291842ec98cc,0.5,4.945,2.150806050453333,4,c2c12,c2c12_090325_exp1_F0016_Data
ada853e57b460dcf54c3f44bdf6742546cae97f867eaf25d6e8e3909c7590c23,0.25,6.7625,3.9592707661891477,4,c2c12,c2c12_090318_exp1_F0005_Data
ada853e57b460dcf54c3f44bdf6742546cae97f867eaf25d6e8e3909c7590c23,0.5,8.075,0.6652568426304737,4,c2c12,c2c12_090318_exp1_F0005_Data
adc01531ba384bd527d4c551fb7be84a3ebc114862cdf66da28b3ba46030bf53,0.25,25.7925,5.067309443876503,4,c2c12,c2c12_090325_exp1_F0013_Data
adc01531ba384bd527d4c551fb7be84a3ebc114862cdf66da28b3ba46030bf53,0.5,23.3125,5.724970887844466,4,c2c12,c2c12_090325_exp1_F0013_Data
adc3fde1f37394edd05c9bb46b4857c32f6a445f0bc82d6048ec5b8aee2e5292,0.25,1.75,2.758622844826744,4,c2c12,c2c12_090303_exp1_F0010_Data
adc3fde1f37394edd05c9bb46b4857c32f6a445f0bc82d6048ec5b8aee2e5292,0.5,4.9475,0.8450394468110155,4,c2c12,c2c12_090303_exp1_F0010_Data
adc4ce86dc9e1dac3a333403937acfed3942ccd1cbfc27831dca4d4808946d6a,0.25,45.105000000000004,10.816248579490646,4,c2c12,c2c12_090318_exp1_F0011_Data
adc4ce86dc9e1dac3a333403937acfed3942ccd1cbfc27831dca4d4808946d6a,0.5,50.004999999999995,1.8569778314957537,4,c2c12,c2c12_090318_exp1_F0011_Data
ade32daa394786c45d43554b1467535bf05a4e19b46c3828b4b2f426bd6cd09d,0.25,13.005,7.0997722968181645,4,c2c12,c2c12_090318_exp1_F0001_Data
ade32daa394786c45d43554b1467535bf05a4e19b46c3828b4b2f426bd6cd09d,0.5,10.184999999999999,2.419331863690194,4,c2c12,c2c12_090318_exp1_F0001_Data
ade574f5b036a3ee2b0169603b48cdee4fec16475822310b35316e4a6b0f95b1,0.25,27.1625,19.711132852612337,4,c2c12,c2c12_090318_exp1_F0011_Data
ade574f5b036a3ee2b0169603b48cdee4fec16475822310b35316e4a6b0f95b1,0.5,46.8525,4.591894126247537,4,c2c12,c2c12_090318_exp1_F0011_Data
ade5d3cbb7e5950b12058ed4273a46be5702eefbca88060974242470c807ddc0,0.25,37.8525,17.919048291320234,4,c2c12,c2c12_090318_exp1_F0003_Data
ade5d3cbb7e5950b12058ed4273a46be5702eefbca88060974242470c807ddc0,0.5,32.7625,0.9367452517449264,4,c2c12,c2c12_090318_exp1_F0003_Data
aded2129e1a8831366b068f3e0f92d8866b6bb2164ff4b35b450bf08211ee4db,0.25,57.972500000000004,15.840926687960316,4,c2c12,c2c12_090318_exp1_F0011_Data
aded2129e1a8831366b068f3e0f92d8866b6bb2164ff4b35b450bf08211ee4db,0.5,50.04,2.187464285422736,4,c2c12,c2c12_090318_exp1_F0011_Data
adf2a7c8885505290161dc09de4805308ac8873ce4b7d03e061fb586cc1976b4,0.25,5.4375,3.1978886263700095,4,c2c12,c2c12_090325_exp1_F0016_Data
adf2a7c8885505290161dc09de4805308ac8873ce4b7d03e061fb586cc1976b4,0.5,11.25,2.007784849031389,4,c2c12,c2c12_090325_exp1_F0016_Data
adf4663315aaa7daa4f440dbdfe6ff2957a715c4295a6b959cdb86b21da4c3bb,0.25,3.995,2.238608198561478,4,c2c12,c2c12_090318_exp1_F0007_Data
adf4663315aaa7daa4f440dbdfe6ff2957a715c4295a6b959cdb86b21da4c3bb,0.5,4.6775,2.0735215616594553,4,c2c12,c2c12_090318_exp1_F0007_Data
ae08fdbdbe44a61673c16d61a2c74c4dbb6334e6a3800b59e24d61500931c1e6,0.25,33.239999999999995,5.579253235574331,4,c2c12,c2c12_090325_exp1_F0013_Data
ae08fdbdbe44a61673c16d61a2c74c4dbb6334e6a3800b59e24d61500931c1e6,0.5,37.1,2.513695818245847,4,c2c12,c2c12_090325_exp1_F0013_Data
ae1332c7e4798a1ffe5dd626c0b091ee8d18defc815289d08e879528dd543318,0.25,13.2975,6.4714829573032695,4,c2c12,c2c12_090318_exp1_F0003_Data
ae1332c7e4798a1ffe5dd626c0b091ee8d18defc815289d08e879528dd543318,0.5,10.7025,0.8913426202458105,4,c2c12,c2c12_090318_exp1_F0003_Data
ae1c3b2326ce91c3b290f77939e5a10b1229deb1106fcdbab87cabbe48c4c171,0.25,23.685,14.757290853450481,4,c2c12,c2c12_090318_exp1_F0011_Data
ae1c3b2326ce91c3b290f77939e5a10b1229deb1106fcdbab87cabbe48c4c171,0.5,20.695,3.3504477312741354,4,c2c12,c2c12_090318_exp1_F0011_Data
ae43118acd821b3f4e675579261fee793d93ce99551b89c344483e073e1bd16b,0.25,8.575,6.5370457139801825,4,c2c12,c2c12_090303_exp1_F0007_Data
ae43118acd821b3f4e675579261fee793d93ce99551b89c344483e073e1bd16b,0.5,12.05,1.056188114557883,4,c2c12,c2c12_090303_exp1_F0007_Data
ae4937e79013a838b7c48f81c00975a09023d3cbad8100649955752d59b0f012,0.25,17.2375,3.7978798910269234,4,c2c12,c2c12_090318_exp1_F0005_Data
ae4937e79013a838b7c48f81c00975a09023d3cbad8100649955752d59b0f012,0.5,20.6425,2.2559901743284843,4,c2c12,c2c12_090318_exp1_F0005_Data
ae4a4b118c30ffe40217ceadec84ad52becf55facec14476a6c4ec1389abd86e,0.25,54.775,19.733998581128965,4,c2c12,c2c12_090318_exp1_F0013_Data
ae4a4b118c30ffe40217ceadec84ad52becf55facec14476a6c4ec1389abd86e,0.5,58.5425,5.310940751568094,4,c2c12,c2c12_090318_exp1_F0013_Data
ae76dcb6268306c8deeac5dc9c5aa29a130318655c8fab52b1ba40835d73225e,0.25,2.04,2.450646173291172,4,c2c12,c2c12_090318_exp1_F0005_Data
ae76dcb6268306c8deeac5dc9c5aa29a130318655c8fab52b1ba40835d73225e,0.5,2.895,0.537556198612449,4,c2c12,c2c12_090318_exp1_F0005_Data
aea1f9036e736e6bc1db8d18eadd1c331e24e5fce22b1c2966750d54b3feebe2,0.25,14.272499999999999,6.186384916357317,4,c2c12,c2c12_090318_exp1_F0003_Data
aea1f9036e736e6bc1db8d18eadd1c331e24e5fce22b1c2966750d54b3feebe2,0.5,24.645,2.6336982869468297,4,c2c12,c2c12_090318_exp1_F0003_Data
aea34190dacc26a7126d5a7d81ec81839ff3c16cc1362a7447f1a5c5706cd97d,0.25,19.38,7.475845548609646,4,c2c12,c2c12_090318_exp1_F0005_Data
aea34190dacc26a7126d5a7d81ec81839ff3c16cc1362a7447f1a5c5706cd97d,0.5,14.8775,1.5317609691680583,4,c2c12,c2c12_090318_exp1_F0005_Data
aea678474a5d93f06ff29ecc01593681ac1d10efa609acc8a7bdb3a4fc3188b5,0.25,2.115,3.0671430789362706,4,c2c12,c2c12_090325_exp1_F0003_Data
aea678474a5d93f06ff29ecc01593681ac1d10efa609acc8a7bdb3a4fc3188b5,0.5,5.855,2.8212231389948577,4,c2c12,c2c12_090325_exp1_F0003_Data
aeb77603aa0d09074a5c71560ef7a1a30e82bca04ae0d250c07b319bfcc30520,0.25,9.6675,4.338251375842575,4,c2c12,c2c12_090303_exp1_F0005_Data
aeb77603aa0d09074a5c71560ef7a1a30e82bca04ae0d250c07b319bfcc30520,0.5,12.9025,1.437228235180481,4,c2c12,c2c12_090303_exp1_F0005_Data
aebfbd0e4f223a200abee839e2fd9d9aac3ba21ac18214d512846fa77ef7489a,0.25,3.4825,4.917983157081094,4,c2c12,c2c12_090303_exp1_F0003_Data
aebfbd0e4f223a200abee839e2fd9d9aac3ba21ac18214d512846fa77ef7489a,0.5,2.4475,0.5860816211643792,4,c2c12,c2c12_090303_exp1_F0003_Data
aecf7046dd584f6b1fce86452e760cc188e14c2dbfeca381014c71b1b3aa87cb,0.25,50.86,6.9326425937973575,4,c2c12,c2c12_090318_exp1_F0013_Data
aecf7046dd584f6b1fce86452e760cc188e14c2dbfeca381014c71b1b3aa87cb,0.5,53.4425,9.321742952188,4,c2c12,c2c12_090318_exp1_F0013_Data
aed473005e22b21f952d597815241356f331862c582ead63e6d09a45ecdb95ac,0.25,4.41,2.2076080570004573,4,c2c12,c2c12_090303_exp1_F0005_Data
aed473005e22b21f952d597815241356f331862c582ead63e6d09a45ecdb95ac,0.5,5.4425,1.3931110269225973,4,c2c12,c2c12_090303_exp1_F0005_Data
aedd0f30038a14dcd5a69de87a151a6ff09b869fad896d7d671f7844a4534925,0.25,8.845,5.521258914414357,4,c2c12,c2c12_090325_exp1_F0011_Data
aedd0f30038a14dcd5a69de87a151a6ff09b869fad896d7d671f7844a4534925,0.5,8.58,0.5743402011583962,4,c2c12,c2c12_090325_exp1_F0011_Data
aefbd4dca4d2f05ba4adc13159cd858128704d970ea6f522cb7558f6cda22fc5,0.25,7.485,4.13379970487202,4,c2c12,c2c12_090325_exp1_F0013_Data
aefbd4dca4d2f05ba4adc13159cd858128704d970ea6f522cb7558f6cda22fc5,0.5,15.2725,3.0828058107293543,4,c2c12,c2c12_090325_exp1_F0013_Data
af345581275ec501c0bef1317561e7a5d452493d6f98a3c3d76463bdae0ad4c3,0.25,31.405,13.4175966551391,4,c2c12,c2c12_090325_exp1_F0003_Data
af345581275ec501c0bef1317561e7a5d452493d6f98a3c3d76463bdae0ad4c3,0.5,30.244999999999997,2.9536248915527508,4,c2c12,c2c12_090325_exp1_F0003_Data
af951c1dfa84f5aa76d548f2123d02ad3ff7664e7c3f9fff151149c4818279ae,0.25,20.78,6.749256749203328,4,c2c12,c2c12_090325_exp1_F0007_Data
af951c1dfa84f5aa76d548f2123d02ad3ff7664e7c3f9fff151149c4818279ae,0.5,20.3625,2.3937470626613835,4,c2c12,c2c12_090325_exp1_F0007_Data
afaedd26e13a95e759e3e268f08c47a69f1eeb3d86a03ff4928abd779c6ec487,0.25,15.42,3.6893721236365757,4,c2c12,c2c12_090318_exp1_F0016_Data
afaedd26e13a95e759e3e268f08c47a69f1eeb3d86a03ff4928abd779c6ec487,0.5,16.0375,5.3648198167941,4,c2c12,c2c12_090318_exp1_F0016_Data
b03e694fc13eea105fc22bfa2bf062ce565b5cf0ea1bfc0d84128cc2eaadaa79,0.25,1.8725,1.1885390191323126,4,c2c12,c2c12_090325_exp1_F0003_Data
b03e694fc13eea105fc22bfa2bf062ce565b5cf0ea1bfc0d84128cc2eaadaa79,0.5,2.645,1.0597012157521886,4,c2c12,c2c12_090325_exp1_F0003_Data
b061b8edf732221d3f248a8f7e4d632c8e789cd6dc3ea5bc6c1965753f9a3337,0.25,42.807500000000005,5.8008641597610255,4,c2c12,c2c12_090303_exp1_F0010_Data
b061b8edf732221d3f248a8f7e4d632c8e789cd6dc3ea5bc6c1965753f9a3337,0.5,41.49,2.8064330860839464,4,c2c12,c2c12_090303_exp1_F0010_Data
b08f5161b1911a58f3a227f95154cd5686fecf99dbcf37b38173533d8a558c29,0.25,11.5825,6.20451650009894,4,c2c12,c2c12_090325_exp1_F0018_Data
b08f5161b1911a58f3a227f95154cd5686fecf99dbcf37b38173533d8a558c29,0.5,17.96,6.723039986990012,4,c2c12,c2c12_090325_exp1_F0018_Data
b098f0a942008fd0bd491cd6e0f865c2ffa82540488b9a549e16a699d52a4f5f,0.25,8.1725,6.239083132426857,4,c2c12,c2c12_090325_exp1_F0011_Data
b098f0a942008fd0bd491cd6e0f865c2ffa82540488b9a549e16a699d52a4f5f,0.5,6.095,1.5553027572362452,4,c2c12,c2c12_090325_exp1_F0011_Data
b0a60dac6200d9ed6c6504c77ee0f18063eeddc47f7d524b81dd303f5289e918,0.25,19.52,3.6065033850901447,4,c2c12,c2c12_090303_exp1_F0014_Data
b0a60dac6200d9ed6c6504c77ee0f18063eeddc47f7d524b81dd303f5289e918,0.5,18.0525,1.112725632549791,4,c2c12,c2c12_090303_exp1_F0014_Data
b0b9fa90a1da7e82a9042dcd47a759e990c97d29b68294f0ac835fe5c1e9de1f,0.25,16.9575,9.35174270746724,4,c2c12,c2c12_090325_exp1_F0011_Data
b0b9fa90a1da7e82a9042dcd47a759e990c97d29b68294f0ac835fe5c1e9de1f,0.5,19.18,3.425074208441816,4,c2c12,c2c12_090325_exp1_F0011_Data
b0c1a790cb94f01e63a16d2680a0cbce72937a128d242c088568399da681afbe,0.25,9.14,4.338778629983328,4,c2c12,c2c12_090318_exp1_F0011_Data
b0c1a790cb94f01e63a16d2680a0cbce72937a128d242c088568399da681afbe,0.5,10.1525,2.3095075232611824,4,c2c12,c2c12_090318_exp1_F0011_Data
b0e595bc8be8e4084aaa59cee0cd1c8e5bb2cd886fdbd6da5c6765d9ac8daff3,0.25,21.0,15.407071969283026,4,c2c12,c2c12_090325_exp1_F0013_Data
b0e595bc8be8e4084aaa59cee0cd1c8e5bb2cd886fdbd6da5c6765d9ac8daff3,0.5,18.79,5.014771513572012,4,c2c12,c2c12_090325_exp1_F0013_Data
b12be17cdf667d8a981b51a109fdbee7414ab251787991ab846aabcafe56ef0d,0.25,36.02,10.472366813030696,4,c2c12,c2c12_090303_exp1_F0010_Data
b12be17cdf667d8a981b51a109fdbee7414ab251787991ab846aabcafe56ef0d,0.5,40.57,2.864332382947201,4,c2c12,c2c12_090303_exp1_F0010_Data
b1454686b393cbc313608b07f338792fb1fbebc48a53cb0cbadedbcc86ac0534,0.25,4.734999999999999,0.7647875521999556,4,c2c12,c2c12_090303_exp1_F0014_Data
b1454686b393cbc313608b07f338792fb1fbebc48a53cb0cbadedbcc86ac0534,0.5,4.735,1.2659778829031734,4,c2c12,c2c12_090303_exp1_F0014_Data
b1562ed3244db65ea91f02f0d30f92d8cadfa4a3d6b70af7d28e748e98674c0a,0.25,38.515,17.851316478064017,4,c2c12,c2c12_090318_exp1_F0001_Data
b1562ed3244db65ea91f02f0d30f92d8cadfa4a3d6b70af7d28e748e98674c0a,0.5,38.565,12.338710089254334,4,c2c12,c2c12_090318_exp1_F0001_Data
b1b0d18818beb01d9dd0c84f4eb5aee1fc4412d461725f70fb918823da85f4c4,0.25,8.940000000000001,2.8319251402535333,4,c2c12,c2c12_090325_exp1_F0013_Data
b1b0d18818beb01d9dd0c84f4eb5aee1fc4412d461725f70fb918823da85f4c4,0.5,8.0975,1.238584541590387,4,c2c12,c2c12_090325_exp1_F0013_Data
b2321b3a133ae07d161330482ccdc0b572e41bd5d5e275c82db4771c4ff1e792,0.25,8.905,5.744501719035342,4,c2c12,c2c12_090325_exp1_F0016_Data
b2321b3a133ae07d161330482ccdc0b572e41bd5d5e275c82db4771c4ff1e792,0.5,13.934999999999999,3.172344033465895,4,c2c12,c2c12_090325_exp1_F0016_Data
b240fe6e3ea8e319b17784a8d498ebdc5806ba1d6d9e231e17f9e1b4a363a6be,0.25,5.6975,2.1874852380454293,4,c2c12,c2c12_090303_exp1_F0014_Data
b240fe6e3ea8e319b17784a8d498ebdc5806ba1d6d9e231e17f9e1b4a363a6be,0.5,5.0775,1.6026514489016834,4,c2c12,c2c12_090303_exp1_F0014_Data
b288de4629a16abcb93c7d1dc2d6d8783b6af7fe3785f9f7918c4e7ac492e21e,0.25,17.1675,4.208264685908749,4,c2c12,c2c12_090303_exp1_F0014_Data
b288de4629a16abcb93c7d1dc2d6d8783b6af7fe3785f9f7918c4e7ac492e21e,0.5,13.9225,3.3824584254651224,4,c2c12,c2c12_090303_exp1_F0014_Data
b2e96cc03b536e3aee84e0b81d6fe322ce500511ac15c7d7fd5450cd09518aa3,0.25,24.665,10.865190595045569,4,c2c12,c2c12_090303_exp1_F0014_Data
b2e96cc03b536e3aee84e0b81d6fe322ce500511ac15c7d7fd5450cd09518aa3,0.5,33.03,1.9702284131541725,4,c2c12,c2c12_090303_exp1_F0014_Data
b2f7934d23cdde4019c8abe659867d8a4d4250af09bf3c16481bd244e88bc823,0.25,1.92,1.0617281510192083,4,c2c12,c2c12_090318_exp1_F0003_Data
b2f7934d23cdde4019c8abe659867d8a4d4250af09bf3c16481bd244e88bc823,0.5,3.2475,0.33420303210274244,4,c2c12,c2c12_090318_exp1_F0003_Data
b316177543763ee534850f080ed6768a2f972aeb87ec47f3788fb16a02712d4d,0.25,4.115,2.4051819058025528,4,c2c12,c2c12_090303_exp1_F0016_Data
b316177543763ee534850f080ed6768a2f972aeb87ec47f3788fb16a02712d4d,0.5,5.262499999999999,1.6974957044619192,4,c2c12,c2c12_090303_exp1_F0016_Data
b362a201fa1399b14c605cb7154c88d994b2541731f736fdc0bce410b1602c0f,0.25,10.7275,10.626668888540127,4,c2c12,c2c12_090318_exp1_F0018_Data
b362a201fa1399b14c605cb7154c88d994b2541731f736fdc0bce410b1602c0f,0.5,13.587499999999999,2.0665490557932564,4,c2c12,c2c12_090318_exp1_F0018_Data
b37087690d62bf8ba7d8470f1404bd1c84b96d6d923f2824b2de9b08a2f271b5,0.25,16.1875,2.7028549720619495,4,c2c12,c2c12_090303_exp1_F0010_Data
b37087690d62bf8ba7d8470f1404bd1c84b96d6d923f2824b2de9b08a2f271b5,0.5,18.2025,1.9979385209093226,4,c2c12,c2c12_090303_exp1_F0010_Data
b37aa7c5d44bd96ea67446ec8295e8a71205be0da16141be98912fce55613007,0.25,11.3675,5.622451274429449,4,c2c12,c2c12_090303_exp1_F0016_Data
b37aa7c5d44bd96ea67446ec8295e8a71205be0da16141be98912fce55613007,0.5,12.895,1.8420007238507448,4,c2c12,c2c12_090303_exp1_F0016_Data
b3bdd063a319b2e6d23fd5c7ef7c6737eb1030c702c51830c7bccc1d70787ade,0.25,12.9775,4.329529420156422,4,c2c12,c2c12_090318_exp1_F0005_Data
b3bdd063a319b2e6d23fd5c7ef7c6737eb1030c702c51830c7bccc1d70787ade,0.5,10.370000000000001,0.608495412198536,4,c2c12,c2c12_090318_exp1_F0005_Data
b3df11199ddc257c3cc313125f3fadedd79d1b913ccdc1769a75c5a5946ddcaf,0.25,20.7125,6.467984616555608,4,c2c12,c2c12_090303_exp1_F0001_Data
b3df11199ddc257c3cc313125f3fadedd79d1b913ccdc1769a75c5a5946ddcaf,0.5,24.135,3.3750506169043852,4,c2c12,c2c12_090303_exp1_F0001_Data
b3e0ad8b54a799f306f8578d665456fc21a513049d150e8667a7ea5cf461f58a,0.25,38.5075,4.857930800934348,4,c2c12,c2c12_090318_exp1_F0003_Data
b3e0ad8b54a799f306f8578d665456fc21a513049d150e8667a7ea5cf461f58a,0.5,40.355000000000004,1.1895517362995773,4,c2c12,c2c12_090318_exp1_F0003_Data
b3e8ff480e027bd80b604a893c2f3ae2a4f80249cb9eebfa5206adec050b16ae,0.25,7.7,3.9894193395363526,4,c2c12,c2c12_090318_exp1_F0016_Data
b3e8ff480e027bd80b604a893c2f3ae2a4f80249cb9eebfa5206adec050b16ae,0.5,4.03,1.1088131793348537,4,c2c12,c2c12_090318_exp1_F0016_Data
b414098acb542ff7230ce2abd7c8c0b2b29d9a7c7193fc9557d031d4b20d875d,0.25,26.3225,8.20341951058622,4,c2c12,c2c12_090318_exp1_F0005_Data
b414098acb542ff7230ce2abd7c8c0b2b29d9a7c7193fc9557d031d4b20d875d,0.5,28.59,3.57966478877562,4,c2c12,c2c12_090318_exp1_F0005_Data
b487cb25b2cd51caa1239f97537d55767ed52e88e95168c3e6170e30f2206bef,0.25,8.035,2.4461466295652303,4,c2c12,c2c12_090325_exp1_F0003_Data
b487cb25b2cd51caa1239f97537d55767ed52e88e95168c3e6170e30f2206bef,0.5,8.81,0.3958956091362139,4,c2c12,c2c12_090325_exp1_F0003_Data
b4c55929966426af00c08e542a9986135687512d73d0a13bb677ec276833d11c,0.25,10.8875,4.605108576353004,4,c2c12,c2c12_090325_exp1_F0007_Data
b4c55929966426af00c08e542a9986135687512d73d0a13bb677ec276833d11c,0.5,8.7025,1.9030217199671338,4,c2c12,c2c12_090325_exp1_F0007_Data
b5081eabfbe4c878fad1ef8d1bd91e75d9aed52a78abd860a73c7f2a910322d8,0.25,8.8125,1.7432417120602257,4,c2c12,c2c12_090318_exp1_F0016_Data
b5081eabfbe4c878fad1ef8d1bd91e75d9aed52a78abd860a73c7f2a910322d8,0.5,9.5175,3.9101012348360844,4,c2c12,c2c12_090318_exp1_F0016_Data
b51febf1715599c14b6be7f372397968f3972ee9268e4c427f20852042c25a52,0.25,10.535,3.2337130361242625,4,c2c12,c2c12_090303_exp1_F0016_Data
b51febf1715599c14b6be7f372397968f3972ee9268e4c427f20852042c25a52,0.5,3.6075,1.2861149507982037,4,c2c12,c2c12_090303_exp1_F0016_Data
b5503dbbf1278d28ada69487eee4f91d015c9b1855f0d99bc53431f10522d288,0.25,2.4925,1.8009511375936884,4,c2c12,c2c12_090303_exp1_F0012_Data
b5503dbbf1278d28ada69487eee4f91d015c9b1855f0d99bc53431f10522d288,0.5,3.0725,1.437807938031595,4,c2c12,c2c12_090303_exp1_F0012_Data
b5556cc07cd9a2941a3c95d9de72305470b542bcd42fbd5dd5de1ff004adb600,0.25,23.925,9.295104446248393,4,c2c12,c2c12_090318_exp1_F0005_Data
b5556cc07cd9a2941a3c95d9de72305470b542bcd42fbd5dd5de1ff004adb600,0.5,25.0475,1.3075262903666596,4,c2c12,c2c12_090318_exp1_F0005_Data
b55de40130742eb8cde4383432421429d4abe7b2afd96e12d7f339a8c5d87633,0.25,19.275,3.161355194638317,4,c2c12,c2c12_090325_exp1_F0003_Data
b55de40130742eb8cde4383432421429d4abe7b2afd96e12d7f339a8c5d87633,0.5,27.9025,4.862861811731853,4,c2c12,c2c12_090325_exp1_F0003_Data
b587a1b2686aab2395ead5a4a55223c095b3443b59b7b242952216632b770d26,0.25,27.58,18.092375926524042,4,c2c12,c2c12_090318_exp1_F0003_Data
b587a1b2686aab2395ead5a4a55223c095b3443b59b7b242952216632b770d26,0.5,32.71,1.342311439271827,4,c2c12,c2c12_090318_exp1_F0003_Data
b5a81afb47178d6d0baf04ec13a6ed50d9eed493612d2fc25f0a5d888068a67e,0.25,10.63,2.8176467722788345,4,c2c12,c2c12_090318_exp1_F0016_Data
b5a81afb47178d6d0baf04ec13a6ed50d9eed493612d2fc25f0a5d888068a67e,0.5,12.005,3.2396861987955976,4,c2c12,c2c12_090318_exp1_F0016_Data
b5b4e37e5b7fedea8d0b0f91cbb8436f0ce78a6448526ed576b9c003d44aae9d,0.25,23.955,10.42227262484851,4,c2c12,c2c12_090318_exp1_F0003_Data
b5b4e37e5b7fedea8d0b0f91cbb8436f0ce78a6448526ed576b9c003d44aae9d,0.5,20.97,3.731496571975737,4,c2c12,c2c12_090318_exp1_F0003_Data
b5d49ba2b26142020a876b98f636e8fdfd292ae280ba30c9e17abd3e94ddc40e,0.25,19.215,4.182387675319764,4,c2c12,c2c12_090303_exp1_F0007_Data
b5d49ba2b26142020a876b98f636e8fdfd292ae280ba30c9e17abd3e94ddc40e,0.5,15.785,3.8794286520912675,4,c2c12,c2c12_090303_exp1_F0007_Data
b5d63d1b9dc7f49ea293521e289b38eaf1f448ad3699856756cb4e5522b8beb8,0.25,6.0575,1.5712707171797822,4,c2c12,c2c12_090325_exp1_F0007_Data
b5d63d1b9dc7f49ea293521e289b38eaf1f448ad3699856756cb4e5522b8beb8,0.5,7.1674999999999995,1.359126557756856,4,c2c12,c2c12_090325_exp1_F0007_Data
b606d60c4afeeefcdc0060641e34596dce48fc78c521252fea33f332d3c17714,0.25,35.76,10.248912137392923,4,c2c12,c2c12_090303_exp1_F0012_Data
b606d60c4afeeefcdc0060641e34596dce48fc78c521252fea33f332d3c17714,0.5,42.2775,4.358565322060307,4,c2c12,c2c12_090303_exp1_F0012_Data
b6201d54a1cc522d950892bfa80589374122210da56997803f2b6fd0ca391811,0.25,35.8025,8.206011515955849,4,c2c12,c2c12_090303_exp1_F0001_Data
b6201d54a1cc522d950892bfa80589374122210da56997803f2b6fd0ca391811,0.5,40.455,5.2616632351377275,4,c2c12,c2c12_090303_exp1_F0001_Data
b6264550eb48d5b774bd519c36c247e100789f8f7f1d99e5af06f6933465832b,0.25,6.6375,5.123399750165899,4,c2c12,c2c12_090318_exp1_F0007_Data
b6264550eb48d5b774bd519c36c247e100789f8f7f1d99e5af06f6933465832b,0.5,6.365,0.8279492738084865,4,c2c12,c2c12_090318_exp1_F0007_Data
b6270f7b9daa6279b47e44510a677210bf26f4eababb63bf61f643a59061d67e,0.25,3.67,4.083429930830208,4,c2c12,c2c12_090303_exp1_F0007_Data
b6270f7b9daa6279b47e44510a677210bf26f4eababb63bf61f643a59061d67e,0.5,2.98,0.7629329372013418,4,c2c12,c2c12_090303_exp1_F0007_Data
b62ca098e2efa4cad165e873523b6b095ddb5440d12843546f9d2f1b94923914,0.25,23.305,13.238853172889762,4,c2c12,c2c12_090325_exp1_F0013_Data
b62ca098e2efa4cad165e873523b6b095ddb5440d12843546f9d2f1b94923914,0.5,17.75,7.549657828890878,4,c2c12,c2c12_090325_exp1_F0013_Data
b64b12f93e73f055aefd197dacf756b14666fe21ece2daab12ea52e345892532,0.25,25.8175,6.467113601393851,4,c2c12,c2c12_090325_exp1_F0001_Data
b64b12f93e73f055aefd197dacf756b14666fe21ece2daab12ea52e345892532,0.5,19.935000000000002,2.23350994326568,4,c2c12,c2c12_090325_exp1_F0001_Data
b64d1c4eec16eac19d7563dd3e08fa2b82f5eb893a5e7bd74bf845d8c81c31d8,0.25,16.4075,9.211179349030177,4,c2c12,c2c12_090325_exp1_F0003_Data
b64d1c4eec16eac19d7563dd3e08fa2b82f5eb893a5e7bd74bf845d8c81c31d8,0.5,10.65,2.874728972732328,4,c2c12,c2c12_090325_exp1_F0003_Data
b66eeb3853eb863bea1b8d73d2c597eed25af85637aff23fc12440bab6ca7a30,0.25,7.6850000000000005,2.3850296993259152,4,c2c12,c2c12_090318_exp1_F0003_Data
b66eeb3853eb863bea1b8d73d2c597eed25af85637aff23fc12440bab6ca7a30,0.5,8.3375,0.8863172870554497,4,c2c12,c2c12_090318_exp1_F0003_Data
b692fbad808e8c23b6d0968f6f1993c2c2dfdabd88f1f831ab5ee0c84eefb448,0.25,30.61,9.629063644335657,4,c2c12,c2c12_090325_exp1_F0001_Data
b692fbad808e8c23b6d0968f6f1993c2c2dfdabd88f1f831ab5ee0c84eefb448,0.5,38.9225,0.9606725075001726,4,c2c12,c2c12_090325_exp1_F0001_Data
b695186389b3596b3922210b12eb2971fc33cb14ef89981d0c93368af861c93a,0.25,35.27,9.454272402816978,4,c2c12,c2c12_090303_exp1_F0003_Data
b695186389b3596b3922210b12eb2971fc33cb14ef89981d0c93368af861c93a,0.5,32.275,5.503359579989905,4,c2c12,c2c12_090303_exp1_F0003_Data
b6bdac1f9b402beba33e870b1420e9c6bd243357ba4d3c1241c6f4ded56d913a,0.25,14.3625,3.0302626398823373,4,c2c12,c2c12_090303_exp1_F0005_Data
b6bdac1f9b402beba33e870b1420e9c6bd243357ba4d3c1241c6f4ded56d913a,0.5,13.15,1.1271497977938285,4,c2c12,c2c12_090303_exp1_F0005_Data
b71848789bde2c09f4abd54ad4d5efb293c949ad42bbcb278c215508cb9cbca2,0.25,6.2275,6.5133164875251275,4,c2c12,c2c12_090325_exp1_F0011_Data
b71848789bde2c09f4abd54ad4d5efb293c949ad42bbcb278c215508cb9cbca2,0.5,6.085,2.3815051263154294,4,c2c12,c2c12_090325_exp1_F0011_Data
b71a7c5a1ca2a83d4e772b8127b0fc6b4fd713abf082b4fe79a06c1facaa9938,0.25,9.685,4.1974714610901955,4,c2c12,c2c12_090325_exp1_F0005_Data
b71a7c5a1ca2a83d4e772b8127b0fc6b4fd713abf082b4fe79a06c1facaa9938,0.5,15.7725,4.028691888607684,4,c2c12,c2c12_090325_exp1_F0005_Data
b72ff6fac7af514012cc0a6161f45ba118864f16fe78abbbff48367642d829d9,0.25,36.7025,8.868582656396306,4,c2c12,c2c12_090325_exp1_F0001_Data
b72ff6fac7af514012cc0a6161f45ba118864f16fe78abbbff48367642d829d9,0.5,44.3875,2.387723811499143,4,c2c12,c2c12_090325_exp1_F0001_Data
b76868c8ccbc5df06347779204c5d0a10fc0b25ae7260f8236b6fddd709af12b,0.25,4.37,3.5932622132726877,4,c2c12,c2c12_090325_exp1_F0011_Data
b76868c8ccbc5df06347779204c5d0a10fc0b25ae7260f8236b6fddd709af12b,0.5,7.4125,2.1790881120321868,4,c2c12,c2c12_090325_exp1_F0011_Data
b7e84eaf0844a66630b1d0d3cb7be7d073d8f8dd362ec5ecf627a1de4e97051a,0.25,36.5975,11.518603430972004,4,c2c12,c2c12_090303_exp1_F0012_Data
b7e84eaf0844a66630b1d0d3cb7be7d073d8f8dd362ec5ecf627a1de4e97051a,0.5,42.980000000000004,3.8633232671712383,4,c2c12,c2c12_090303_exp1_F0012_Data
b84db3a9e82816515039a06dbd8f46e7d386bb58629ab3f5b13c8ccdd88c9a84,0.25,24.5175,10.974043238478698,4,c2c12,c2c12_090325_exp1_F0018_Data
b84db3a9e82816515039a06dbd8f46e7d386bb58629ab3f5b13c8ccdd88c9a84,0.5,22.005000000000003,1.2695799830390115,4,c2c12,c2c12_090325_exp1_F0018_Data
b8658ed6115586e71d8510aeaae167dad73bf4589da5ea2ddbdacb41d84a0572,0.25,53.0675,8.633980831574739,4,c2c12,c2c12_090318_exp1_F0011_Data
b8658ed6115586e71d8510aeaae167dad73bf4589da5ea2ddbdacb41d84a0572,0.5,48.5775,5.356767526534388,4,c2c12,c2c12_090318_exp1_F0011_Data
b87584251e7cf58b3eb20c9863d1f85880a19d648359759138e3e3fdd37baad6,0.25,25.495,15.026513234945758,4,c2c12,c2c12_090303_exp1_F0007_Data
b87584251e7cf58b3eb20c9863d1f85880a19d648359759138e3e3fdd37baad6,0.5,30.9,5.401252941062221,4,c2c12,c2c12_090303_exp1_F0007_Data
b877372de165a7cc79e204a918a4062a9b353d2050a435bcd1cace86c3cd5e97,0.25,3.7125000000000004,2.5507433557037187,4,c2c12,c2c12_090303_exp1_F0014_Data
b877372de165a7cc79e204a918a4062a9b353d2050a435bcd1cace86c3cd5e97,0.5,4.505,0.9523479756195563,4,c2c12,c2c12_090303_exp1_F0014_Data
b8b3ad48874481ae7ca2ee707503ce22c9e5baff0a502c9fc16799ef9c865422,0.25,9.2425,4.810927665222166,4,c2c12,c2c12_090318_exp1_F0011_Data
b8b3ad48874481ae7ca2ee707503ce22c9e5baff0a502c9fc16799ef9c865422,0.5,4.4275,0.7354533749101073,4,c2c12,c2c12_090318_exp1_F0011_Data
b8baa14cb79606387399c19c5454c36a919bb4de7759db9d1818b22ee95582ea,0.25,10.19,3.790101142010153,4,c2c12,c2c12_090318_exp1_F0016_Data
b8baa14cb79606387399c19c5454c36a919bb4de7759db9d1818b22ee95582ea,0.5,11.837499999999999,3.1022505271710936,4,c2c12,c2c12_090318_exp1_F0016_Data
b8ddd73309703e1a0bba2b85ff7ee8518788a1110fb397bdbf2e414332894c30,0.25,27.18,16.612760155976492,4,c2c12,c2c12_090325_exp1_F0013_Data
b8ddd73309703e1a0bba2b85ff7ee8518788a1110fb397bdbf2e414332894c30,0.5,34.1225,3.6472398239399233,4,c2c12,c2c12_090325_exp1_F0013_Data
b8de6e591a546b42d823137fbd11bdda598388742675d3281547b8346a2b8e92,0.25,52.805,22.39334499354663,4,c2c12,c2c12_090318_exp1_F0013_Data
b8de6e591a546b42d823137fbd11bdda598388742675d3281547b8346a2b8e92,0.5,49.035,11.160219531890938,4,c2c12,c2c12_090318_exp1_F0013_Data
b8e844d15c001a3191e7a0901afd5bdb62842987760e32fc5ceb3225b4fde9c2,0.25,22.072499999999998,4.896334513354522,4,c2c12,c2c12_090303_exp1_F0007_Data
b8e844d15c001a3191e7a0901afd5bdb62842987760e32fc5ceb3225b4fde9c2,0.5,22.03,3.0698859913684093,4,c2c12,c2c12_090303_exp1_F0007_Data
b90ec1975c2d99fb1b118a533521ff13ea03a56d608eadc60e2297db7754d235,0.25,9.1925,8.809727105118903,4,c2c12,c2c12_090318_exp1_F0018_Data
b90ec1975c2d99fb1b118a533521ff13ea03a56d608eadc60e2297db7754d235,0.5,17.455000000000002,2.2535971245988056,4,c2c12,c2c12_090318_exp1_F0018_Data
b9290986f09c2624c1272beb6cd0d956da262465aad196c6afef60c6c1250a48,0.25,7.5975,4.099320065571851,4,c2c12,c2c12_090325_exp1_F0016_Data
b9290986f09c2624c1272beb6cd0d956da262465aad196c6afef60c6c1250a48,0.5,10.3625,2.0920544129316196,4,c2c12,c2c12_090325_exp1_F0016_Data
b9596362265bc204767cbbacdc7e9d8c03232fdcad8f3903a98d9116096cd8c7,0.25,3.395,1.27097075759699,4,c2c12,c2c12_090303_exp1_F0005_Data
b9596362265bc204767cbbacdc7e9d8c03232fdcad8f3903a98d9116096cd8c7,0.5,5.8325,2.294491592197859,4,c2c12,c2c12_090303_exp1_F0005_Data
b967374976f9753222a7350ab7882bd56770bc5e2713e3520ac754ea6d9e69cb,0.25,9.192499999999999,3.1921818557218824,4,c2c12,c2c12_090318_exp1_F0007_Data
b967374976f9753222a7350ab7882bd56770bc5e2713e3520ac754ea6d9e69cb,0.5,12.675,1.766965383550755,4,c2c12,c2c12_090318_exp1_F0007_Data
b97de529794eee1fa7b7e83d669453b287a5aaa55680a62f38a0489578c5b633,0.25,11.6775,5.154198127093422,4,c2c12,c2c12_090318_exp1_F0016_Data
b97de529794eee1fa7b7e83d669453b287a5aaa55680a62f38a0489578c5b633,0.5,4.85,2.5843503374478205,4,c2c12,c2c12_090318_exp1_F0016_Data
b9a3a5b9a2e461e153fe36c52087dccef1231928ac3406848a65b977895658af,0.25,17.165,3.141607868592133,4,c2c12,c2c12_090303_exp1_F0003_Data
b9a3a5b9a2e461e153fe36c52087dccef1231928ac3406848a65b977895658af,0.5,16.869999999999997,5.241431102284949,4,c2c12,c2c12_090303_exp1_F0003_Data
b9c4706f19423401a9e3723babfccc29a5e8b01f5b383810c67fb093e1f07eee,0.25,7.835,4.365390398731061,4,c2c12,c2c12_090325_exp1_F0013_Data
b9c4706f19423401a9e3723babfccc29a5e8b01f5b383810c67fb093e1f07eee,0.5,8.2225,1.2638400478963572,4,c2c12,c2c12_090325_exp1_F0013_Data
b9da3137f9cc71be8cf7aaaffdf6e5c72f3f7edd4990d8c8885ff2971c81ecc2,0.25,32.2975,15.83005659076008,4,c2c12,c2c12_090303_exp1_F0012_Data
b9da3137f9cc71be8cf7aaaffdf6e5c72f3f7edd4990d8c8885ff2971c81ecc2,0.5,38.235,6.5601956271643775,4,c2c12,c2c12_090303_exp1_F0012_Data
b9fabefea29e1aebbda8d9d35860b39a43de81494769faf2584585d7cdff112b,0.25,35.4425,18.79803425006633,4,c2c12,c2c12_090325_exp1_F0001_Data
b9fabefea29e1aebbda8d9d35860b39a43de81494769faf2584585d7cdff112b,0.5,37.665,1.6265607889039988,4,c2c12,c2c12_090325_exp1_F0001_Data
ba11d540fe5bbaeaddfb97d67903b8691ffd898e3464fd08f4ff8fe198a6ea62,0.25,5.2075,4.0777802376619885,4,c2c12,c2c12_090303_exp1_F0005_Data
ba11d540fe5bbaeaddfb97d67903b8691ffd898e3464fd08f4ff8fe198a6ea62,0.5,5.09,1.1965505978993676,4,c2c12,c2c12_090303_exp1_F0005_Data
ba12c5ace5e91f4c652c5c02dd1bca985e55671ebb0257bb2275d603041a003b,0.25,3.1875,3.5391371358943786,4,c2c12,c2c12_090325_exp1_F0016_Data
ba12c5ace5e91f4c652c5c02dd1bca985e55671ebb0257bb2275d603041a003b,0.5,3.755,0.7476407336860844,4,c2c12,c2c12_090325_exp1_F0016_Data
ba8083716bbc4b077ca08ffa9c2631967ef984e68affe5f22be7c6f2fc36c538,0.25,14.3275,6.195102232140054,4,c2c12,c2c12_090325_exp1_F0001_Data
ba8083716bbc4b077ca08ffa9c2631967ef984e68affe5f22be7c6f2fc36c538,0.5,17.705,2.0215258263664775,4,c2c12,c2c12_090325_exp1_F0001_Data
baefa2708d84ba6be395bfd3c0eca5d778b1289a80d1379886068f4df7e3f7b4,0.25,3.96,2.0054093513960356,4,c2c12,c2c12_090325_exp1_F0007_Data
baefa2708d84ba6be395bfd3c0eca5d778b1289a80d1379886068f4df7e3f7b4,0.5,6.0725,1.2064928512013653,4,c2c12,c2c12_090325_exp1_F0007_Data
baf2942e1597cbf4a65f59833c63fb998390b24a47f114045d1d0bd8c613e098,0.25,19.0,8.340207831143458,4,c2c12,c2c12_090318_exp1_F0003_Data
baf2942e1597cbf4a65f59833c63fb998390b24a47f114045d1d0bd8c613e098,0.5,14.8225,0.889245935235766,4,c2c12,c2c12_090318_exp1_F0003_Data
bb9c883762d3fc3034f45bf446858d2e61f87de5cefbbf0c9e0530fee32a7aa9,0.25,12.1725,8.535402255703398,4,c2c12,c2c12_090318_exp1_F0007_Data
bb9c883762d3fc3034f45bf446858d2e61f87de5cefbbf0c9e0530fee32a7aa9,0.5,17.08,2.9053054916824155,4,c2c12,c2c12_090318_exp1_F0007_Data
bb9e8d12bc59a1a028777d729996fe07da68577db8a0a5be253821b7898fdce5,0.25,10.3025,2.7753603369652735,4,c2c12,c2c12_090318_exp1_F0016_Data
bb9e8d12bc59a1a028777d729996fe07da68577db8a0a5be253821b7898fdce5,0.5,13.125,2.1658793441310014,4,c2c12,c2c12_090318_exp1_F0016_Data
bbab56c024d7822eccef016d9434ae5956f1a2e29ee118b3603c6dd08c4eeff4,0.25,2.8475,1.134001028806118,4,c2c12,c2c12_090325_exp1_F0003_Data
bbab56c024d7822eccef016d9434ae5956f1a2e29ee118b3603c6dd08c4eeff4,0.5,2.63,0.22420228961066976,4,c2c12,c2c12_090325_exp1_F0003_Data
bbc6d5260363fa086f6584fab01e4ea66c9fcd1dc65117b0dedc2aee3c4a6e38,0.25,4.665,0.15864005379054405,4,c2c12,c2c12_090303_exp1_F0001_Data
bbc6d5260363fa086f6584fab01e4ea66c9fcd1dc65117b0dedc2aee3c4a6e38,0.5,3.1725000000000003,1.138489496364957,4,c2c12,c2c12_090303_exp1_F0001_Data
bbd3a9e5b7dfda235ae8c625cc4d4e16533426b9d08f9559524ec428355bb4bf,0.25,0.155,0.31,4,c2c12,c2c12_090303_exp1_F0005_Data
bbd3a9e5b7dfda235ae8c625cc4d4e16533426b9d08f9559524ec428355bb4bf,0.5,1.1325,0.4578482281280555,4,c2c12,c2c12_090303_exp1_F0005_Data
bbf594695a944554a5efc652609a0911532fb46b240903201e77b41de14a128d,0.25,10.8825,3.66396301837232,4,c2c12,c2c12_090303_exp1_F0010_Data
bbf594695a944554a5efc652609a0911532fb46b240903201e77b41de14a128d,0.5,6.32,0.3455430508634201,4,c2c12,c2c12_090303_exp1_F0010_Data
bc011026f474c424f22c08748fa47a5f27f0c39c3f84c776f4ceb4c7c431ebd9,0.25,6.955,1.764473481429139,4,c2c12,c2c12_090318_exp1_F0005_Data
bc011026f474c424f22c08748fa47a5f27f0c39c3f84c776f4ceb4c7c431ebd9,0.5,10.2775,1.065782185376855,4,c2c12,c2c12_090318_exp1_F0005_Data
bc1b869d8f334a526ba7b4c9f6d4484e6eaff186d784b4ff1d0c8c8993f3fbed,0.25,17.3775,17.55610886083056,4,c2c12,c2c12_090303_exp1_F0012_Data
bc1b869d8f334a526ba7b4c9f6d4484e6eaff186d784b4ff1d0c8c8993f3fbed,0.5,21.575,1.1474464402896256,4,c2c12,c2c12_090303_exp1_F0012_Data
bc208144223a095708bbe8671fa7f924942384e8923ebab9491e21169fc81489,0.25,2.58,1.1400877159236475,4,c2c12,c2c12_090303_exp1_F0005_Data
bc208144223a095708bbe8671fa7f924942384e8923ebab9491e21169fc81489,0.5,3.7424999999999997,0.697107117546029,4,c2c12,c2c12_090303_exp1_F0005_Data
bc2840ef0aa14d3c1545207960e8d409b5e0dc65c854434698ce80a16c70b70c,0.25,19.03,8.890268087446332,4,c2c12,c2c12_090325_exp1_F0001_Data
bc2840ef0aa14d3c1545207960e8d409b5e0dc65c854434698ce80a16c70b70c,0.5,18.53,2.5033710605235235,4,c2c12,c2c12_090325_exp1_F0001_Data
bc5776bbd3c176cdc51e663438c2f34c5844d5c967b697f268218e0e3b76910c,0.25,39.01,17.885301227544364,4,c2c12,c2c12_090303_exp1_F0003_Data
bc5776bbd3c176cdc51e663438c2f34c5844d5c967b697f268218e0e3b76910c,0.5,40.394999999999996,7.15489808918804,4,c2c12,c2c12_090303_exp1_F0003_Data
bc6a90af23cbf73d74dccd8064b3ba471fbe1e7107e738073e5b69fe8dc55614,0.25,4.0125,1.9114981035826324,4,c2c12,c2c12_090303_exp1_F0014_Data
bc6a90af23cbf73d74dccd8064b3ba471fbe1e7107e738073e5b69fe8dc55614,0.5,5.375,1.0085137579626766,4,c2c12,c2c12_090303_exp1_F0014_Data
bc9fb4d3cf44086dde20894f74e6bfc5bb1e5efd47f9033d8cf8c99e945ca7d9,0.25,5.71,2.8868090803977093,4,c2c12,c2c12_090325_exp1_F0016_Data
bc9fb4d3cf44086dde20894f74e6bfc5bb1e5efd47f9033d8cf8c99e945ca7d9,0.5,8.015,1.0080509246395568,4,c2c12,c2c12_090325_exp1_F0016_Data
bce0cb2a824a41d45f40b15934d23dfd10f6cfd293f3c4d6d43a93a1ee6e04c5,0.25,44.7425,2.430642919064829,4,c2c12,c2c12_090325_exp1_F0013_Data
bce0cb2a824a41d45f40b15934d23dfd10f6cfd293f3c4d6d43a93a1ee6e04c5,0.5,44.1975,7.3546600873187895,4,c2c12,c2c12_090325_exp1_F0013_Data
bd2ffc4caf85b3c30d414d07e43104dea2e528e6d11ca69eef59298f28e6f502,0.25,39.870000000000005,5.124561769881729,4,c2c12,c2c12_090318_exp1_F0018_Data
bd2ffc4caf85b3c30d414d07e43104dea2e528e6d11ca69eef59298f28e6f502,0.5,38.295,2.621380043666568,4,c2c12,c2c12_090318_exp1_F0018_Data
bd56b199fd25341c54e3f541f271d8bd019aab8a90ab6a1ebcc2d98a60f6ad6d,0.25,25.6875,5.381625374054445,4,c2c12,c2c12_090325_exp1_F0007_Data
bd56b199fd25341c54e3f541f271d8bd019aab8a90ab6a1ebcc2d98a60f6ad6d,0.5,28.427500000000002,5.290150438944687,4,c2c12,c2c12_090325_exp1_F0007_Data
bd5f2a3709ce7199705b6ca7340fe8d64fc634ec8fcaf2baf0855fad9bb9f1b7,0.25,9.93,5.5059725147637035,4,c2c12,c2c12_090318_exp1_F0005_Data
bd5f2a3709ce7199705b6ca7340fe8d64fc634ec8fcaf2baf0855fad9bb9f1b7,0.5,14.2475,2.628160002739558,4,c2c12,c2c12_090318_exp1_F0005_Data
bda2c522c15d8f4ac58842c14d554d4adebe89a03acd1696bc2ad79118129bdf,0.25,46.9375,17.657008759507747,4,c2c12,c2c12_090318_exp1_F0013_Data
bda2c522c15d8f4ac58842c14d554d4adebe89a03acd1696bc2ad79118129bdf,0.5,55.985,5.330844210816896,4,c2c12,c2c12_090318_exp1_F0013_Data
bdd8d45163195096470ccbc7e318371ffb4b2f5c77f55d1d1763f3a91c7ad278,0.25,3.5,1.238789731956154,4,c2c12,c2c12_090303_exp1_F0014_Data
bdd8d45163195096470ccbc7e318371ffb4b2f5c77f55d1d1763f3a91c7ad278,0.5,2.135,0.555487773642829,4,c2c12,c2c12_090303_exp1_F0014_Data
bdde7d6d92c8ec04565430a5a1e44467f67cc027e2457fdd0f1632efe5d2fc71,0.25,11.37,11.072587773415933,4,c2c12,c2c12_090318_exp1_F0018_Data
bdde7d6d92c8ec04565430a5a1e44467f67cc027e2457fdd0f1632efe5d2fc71,0.5,21.84,7.990982417700593,4,c2c12,c2c12_090318_exp1_F0018_Data
bde8f303b439216a1d43559b2b37b3ad2b091878ebcfe797aa1b66c9fd2ffbcb,0.25,3.145,2.5178628503819134,4,c2c12,c2c12_090325_exp1_F0018_Data
bde8f303b439216a1d43559b2b37b3ad2b091878ebcfe797aa1b66c9fd2ffbcb,0.5,4.6325,0.8060345319318936,4,c2c12,c2c12_090325_exp1_F0018_Data
be4cff978e3ab82bd4fc60c320f139814473a424f4aca558f80a8ee72b03d10d,0.25,3.0,0.44090815370097236,4,c2c12,c2c12_090303_exp1_F0007_Data
be4cff978e3ab82bd4fc60c320f139814473a424f4aca558f80a8ee72b03d10d,0.5,7.285,2.3962401103951723,4,c2c12,c2c12_090303_exp1_F0007_Data
be7748a5fbb4e52243db6b197d564e38d49d74521ebb3f36c75cea1fc4cddf9a,0.25,28.6575,6.471931061643555,4,c2c12,c2c12_090303_exp1_F0005_Data
be7748a5fbb4e52243db6b197d564e38d49d74521ebb3f36c75cea1fc4cddf9a,0.5,29.8275,1.5310862157305192,4,c2c12,c2c12_090303_exp1_F0005_Data
be838ab2e6c732dfb51e1dbfebb376384f9d191b0868accd2b8ff7e235e6eaeb,0.25,38.5525,10.575116626622453,4,c2c12,c2c12_090318_exp1_F0011_Data
be838ab2e6c732dfb51e1dbfebb376384f9d191b0868accd2b8ff7e235e6eaeb,0.5,51.7225,1.9168789737487366,4,c2c12,c2c12_090318_exp1_F0011_Data
be96dc053d116a659713bf9413d03f6d7397e3d7df288e06be1d565698d72c72,0.25,16.6225,7.76996514363696,4,c2c12,c2c12_090325_exp1_F0013_Data
be96dc053d116a659713bf9413d03f6d7397e3d7df288e06be1d565698d72c72,0.5,11.825,1.8922385332369354,4,c2c12,c2c12_090325_exp1_F0013_Data
beb417fae34c3fe9105c6efa985fa915e46bd4acb515d5287adbe36bcc9e1d21,0.25,25.005000000000003,6.115992696747328,4,c2c12,c2c12_090325_exp1_F0018_Data
beb417fae34c3fe9105c6efa985fa915e46bd4acb515d5287adbe36bcc9e1d21,0.5,27.4375,5.955498159963893,4,c2c12,c2c12_090325_exp1_F0018_Data
bebf93319328cdb2c625ca58bb3fa61545acfe433e5592f1669a98ae3937a044,0.25,7.09,2.8329489935401235,4,c2c12,c2c12_090303_exp1_F0014_Data
bebf93319328cdb2c625ca58bb3fa61545acfe433e5592f1669a98ae3937a044,0.5,7.1375,1.301777630780311,4,c2c12,c2c12_090303_exp1_F0014_Data
bed603f86ff22df31936e21a8e4f855ac6e0a23c1c6561121a4fd2254dc63198,0.25,6.0024999999999995,3.1713233305146713,4,c2c12,c2c12_090303_exp1_F0016_Data
bed603f86ff22df31936e21a8e4f855ac6e0a23c1c6561121a4fd2254dc63198,0.5,6.3125,0.9820853662827214,4,c2c12,c2c12_090303_exp1_F0016_Data
bedbd39ff0b21d8b6d0b790df06d2834af1103b0a90ac6c068364959511e3e55,0.25,45.28,10.983979242514984,4,c2c12,c2c12_090318_exp1_F0003_Data
bedbd39ff0b21d8b6d0b790df06d2834af1103b0a90ac6c068364959511e3e55,0.5,41.5975,3.814598056589098,4,c2c12,c2c12_090318_exp1_F0003_Data
bf00eef4d79ed4d1f22e791891b2114bf14012e89d686e6a52a426c8a4e8a8fa,0.25,9.145,4.665200960301711,4,c2c12,c2c12_090303_exp1_F0001_Data
bf00eef4d79ed4d1f22e791891b2114bf14012e89d686e6a52a426c8a4e8a8fa,0.5,5.735,1.2618108680252627,4,c2c12,c2c12_090303_exp1_F0001_Data
bf169241eb080b259a355eb28a7b07b5b85a46835e41a0f81225df2ec5891756,0.25,5.0375,1.304284605955822,4,c2c12,c2c12_090303_exp1_F0003_Data
bf169241eb080b259a355eb28a7b07b5b85a46835e41a0f81225df2ec5891756,0.5,3.9275,1.0675322009194852,4,c2c12,c2c12_090303_exp1_F0003_Data
bf4531aaa9758eff5e0394166724973a1f30abbee3e0e44c7366e22fcd637dde,0.25,1.9525,2.993808889469511,4,c2c12,c2c12_090318_exp1_F0016_Data
bf4531aaa9758eff5e0394166724973a1f30abbee3e0e44c7366e22fcd637dde,0.5,5.705,0.9588013350011565,4,c2c12,c2c12_090318_exp1_F0016_Data
bf821d0cb13cce1d8ab49e67a554df0e7d4c11decbc856be9818a199ec5f18a5,0.25,29.095,9.10278528803135,4,c2c12,c2c12_090318_exp1_F0005_Data
bf821d0cb13cce1d8ab49e67a554df0e7d4c11decbc856be9818a199ec5f18a5,0.5,27.055,4.035628823368175,4,c2c12,c2c12_090318_exp1_F0005_Data
bf89cc06170440acd984edc95aef3edaaf2a4319060c79b448fc3ca0d6c3e98f,0.25,2.395,0.6553116307020144,4,c2c12,c2c12_090318_exp1_F0018_Data
bf89cc06170440acd984edc95aef3edaaf2a4319060c79b448fc3ca0d6c3e98f,0.5,14.665,2.141175689506429,4,c2c12,c2c12_090318_exp1_F0018_Data
bfbffbe094ef77a8c09e8f857f1ddb9e22ae7b1b7377480d37e2baba2fd051cd,0.25,16.265,2.3397791918612034,4,c2c12,c2c12_090303_exp1_F0007_Data
bfbffbe094ef77a8c09e8f857f1ddb9e22ae7b1b7377480d37e2baba2fd051cd,0.5,13.5775,2.5605516983650216,4,c2c12,c2c12_090303_exp1_F0007_Data
bfdada9ef5bfc84d351198c2cd21cdc5df760c9d1536ab83af2cefa4dc795811,0.25,46.89,21.7579518031148,4,c2c12,c2c12_090318_exp1_F0013_Data
bfdada9ef5bfc84d351198c2cd21cdc5df760c9d1536ab83af2cefa4dc795811,0.5,38.675,12.806312245659692,4,c2c12,c2c12_090318_exp1_F0013_Data
bfeb21228213995e4db477970e2b9784bf9ed62959595abd507aa3227f46e4db,0.25,24.7675,8.04664888840897,4,c2c12,c2c12_090325_exp1_F0001_Data
bfeb21228213995e4db477970e2b9784bf9ed62959595abd507aa3227f46e4db,0.5,28.127499999999998,1.983941783420069,4,c2c12,c2c12_090325_exp1_F0001_Data
bfffc23d2c2e4c0c8911e3ecca1ab063219c7dffc916ef4d642780ddbfec7bd2,0.25,17.5125,5.315564410295487,4,c2c12,c2c12_090325_exp1_F0018_Data
bfffc23d2c2e4c0c8911e3ecca1ab063219c7dffc916ef4d642780ddbfec7bd2,0.5,30.195,7.721867218058942,4,c2c12,c2c12_090325_exp1_F0018_Data
c003d725cae9db86bc6195fe3377911f94575054f1aa624e35354c6b2c235fe3,0.25,5.42,6.691427351469939,4,c2c12,c2c12_090325_exp1_F0007_Data
c003d725cae9db86bc6195fe3377911f94575054f1aa624e35354c6b2c235fe3,0.5,9.6725,3.7559852236131075,4,c2c12,c2c12_090325_exp1_F0007_Data
c003f47557e654a05daef4ddf48a8d5b085e9b4e50b6ee9eb64815305040e691,0.25,8.0775,1.9673734605644484,4,c2c12,c2c12_090303_exp1_F0001_Data
c003f47557e654a05daef4ddf48a8d5b085e9b4e50b6ee9eb64815305040e691,0.5,7.285,1.960280592160214,4,c2c12,c2c12_090303_exp1_F0001_Data
c0095c3e4678aca7479e36a07b640fb58898b5f33c556e5abb6af15ac4cf254f,0.25,33.9075,4.425572467677677,4,c2c12,c2c12_090318_exp1_F0018_Data
c0095c3e4678aca7479e36a07b640fb58898b5f33c556e5abb6af15ac4cf254f,0.5,32.605,4.559104444222938,4,c2c12,c2c12_090318_exp1_F0018_Data
c04b72bdade2ec66168af6e6d1d9cc662ab24b3cb9219b8187183aefce4c43b9,0.25,10.13,3.164595814107493,4,c2c12,c2c12_090303_exp1_F0012_Data
c04b72bdade2ec66168af6e6d1d9cc662ab24b3cb9219b8187183aefce4c43b9,0.5,8.395,1.7357899258454834,4,c2c12,c2c12_090303_exp1_F0012_Data
c078ac2a4954c817b61d0bdef461b7308695a2c956a517dd391ea06c99f26cf3,0.25,16.565,7.990237793708021,4,c2c12,c2c12_090318_exp1_F0001_Data
c078ac2a4954c817b61d0bdef461b7308695a2c956a517dd391ea06c99f26cf3,0.5,7.7,1.7343778903879823,4,c2c12,c2c12_090318_exp1_F0001_Data
c0887442f02688340be2a6b187d1c9bd5442d805c1a6e0240dd814b0fe66a281,0.25,19.3275,5.392614548312041,4,c2c12,c2c12_090303_exp1_F0005_Data
c0887442f02688340be2a6b187d1c9bd5442d805c1a6e0240dd814b0fe66a281,0.5,18.205,0.7934103604062652,4,c2c12,c2c12_090303_exp1_F0005_Data
c0b8bde0eaa6bb13d8ef2a176a71a75b540525a354050a96f1e674498d8e2f23,0.25,19.275,2.111516043036379,4,c2c12,c2c12_090325_exp1_F0018_Data
c0b8bde0eaa6bb13d8ef2a176a71a75b540525a354050a96f1e674498d8e2f23,0.5,16.81,4.478355352879746,4,c2c12,c2c12_090325_exp1_F0018_Data
c0c155e20e90fa4ddee5bd45b225155d5ca372792fcd8f9be5368df0cb716189,0.25,32.19,7.7000649347911345,4,c2c12,c2c12_090318_exp1_F0007_Data
c0c155e20e90fa4ddee5bd45b225155d5ca372792fcd8f9be5368df0cb716189,0.5,28.9525,7.837080132294168,4,c2c12,c2c12_090318_exp1_F0007_Data
c0c9a99cb39c9a867db7cf690c2c8bea0251f65ff834bbb47af9bcb7db98d885,0.25,45.125,9.959405939445722,4,c2c12,c2c12_090318_exp1_F0011_Data
c0c9a99cb39c9a867db7cf690c2c8bea0251f65ff834bbb47af9bcb7db98d885,0.5,49.16,6.029803755789516,4,c2c12,c2c12_090318_exp1_F0011_Data
c0e771fd054801a0bfdf29c7c02123037bc5e671de6d3abdeaf8b631f9eb25ce,0.25,32.087500000000006,6.95813372967206,4,c2c12,c2c12_090325_exp1_F0011_Data
c0e771fd054801a0bfdf29c7c02123037bc5e671de6d3abdeaf8b631f9eb25ce,0.5,30.82,1.7242582946492298,4,c2c12,c2c12_090325_exp1_F0011_Data
c0ef5a5d075f7320de67992cbd7d790466d070fa5ef41922924d97c4e293e1f2,0.25,26.7025,5.27667429984708,4,c2c12,c2c12_090325_exp1_F0005_Data
c0ef5a5d075f7320de67992cbd7d790466d070fa5ef41922924d97c4e293e1f2,0.5,22.4925,3.4526258123347224,4,c2c12,c2c12_090325_exp1_F0005_Data
c0f3687fbe1cfe7f94ca04318819ebf65723fb4313bf683571998bb92e2aaf7d,0.25,2.98,1.8157275860289908,4,c2c12,c2c12_090325_exp1_F0018_Data
c0f3687fbe1cfe7f94ca04318819ebf65723fb4313bf683571998bb92e2aaf7d,0.5,3.2275,1.5887180366572287,4,c2c12,c2c12_090325_exp1_F0018_Data
c1327f037ece78bd41e2d038a8b2b19d335a673cb83c7e04d9a99ffc95945da9,0.25,33.235,16.11356467907293,4,c2c12,c2c12_090325_exp1_F0001_Data
c1327f037ece78bd41e2d038a8b2b19d335a673cb83c7e04d9a99ffc95945da9,0.5,40.11,3.891811917346471,4,c2c12,c2c12_090325_exp1_F0001_Data
c13c24519776b096967f2fae7d5760da3198b56ce44139f035b2611e629b4be7,0.25,26.91,4.936192864951691,4,c2c12,c2c12_090318_exp1_F0007_Data
c13c24519776b096967f2fae7d5760da3198b56ce44139f035b2611e629b4be7,0.5,30.1425,2.506090913487909,4,c2c12,c2c12_090318_exp1_F0007_Data
c15369b6a7977e8078748d674a650a8b7f63f1fad7cc84e96ff5b49a9aea4fe8,0.25,22.7625,8.775501410175945,4,c2c12,c2c12_090303_exp1_F0014_Data
c15369b6a7977e8078748d674a650a8b7f63f1fad7cc84e96ff5b49a9aea4fe8,0.5,22.155,1.3434904788150395,4,c2c12,c2c12_090303_exp1_F0014_Data
c1bbd95108a2f814177b0ef3b9f2906f049cf52b50b06c5e9b92c86604602633,0.25,5.175,2.1429341256013137,4,c2c12,c2c12_090325_exp1_F0007_Data
c1bbd95108a2f814177b0ef3b9f2906f049cf52b50b06c5e9b92c86604602633,0.5,14.33,3.7669704892216327,4,c2c12,c2c12_090325_exp1_F0007_Data
c1d4523d3bcebd8036e05d1f743b8e5ed029395729d10e60caad5aadb6f1fe5f,0.25,16.925,4.80243341095602,4,c2c12,c2c12_090303_exp1_F0007_Data
c1d4523d3bcebd8036e05d1f743b8e5ed029395729d10e60caad5aadb6f1fe5f,0.5,18.64,1.5880176321439257,4,c2c12,c2c12_090303_exp1_F0007_Data
c20e3d8537e71d2daeadab04dec6ab2d6947dad87a7a894a5e92d34a7a8280f9,0.25,9.58,3.788640917268355,4,c2c12,c2c12_090325_exp1_F0007_Data
c20e3d8537e71d2daeadab04dec6ab2d6947dad87a7a894a5e92d34a7a8280f9,0.5,9.76,0.8293370846646138,4,c2c12,c2c12_090325_exp1_F0007_Data
c23a00c49b44328bd7c3ef83962ca0d333ccca1692603dbb237f5e5dca7a9c15,0.25,9.01,3.8140704415798785,4,c2c12,c2c12_090318_exp1_F0007_Data
c23a00c49b44328bd7c3ef83962ca0d333ccca1692603dbb237f5e5dca7a9c15,0.5,12.045,3.2273157060731865,4,c2c12,c2c12_090318_exp1_F0007_Data
c23a419615ac7ed28987725e04fdb864909ee5bbc77e8443f2be58d3606c2ee3,0.25,27.447499999999998,13.56114394142323,4,c2c12,c2c12_090318_exp1_F0003_Data
c23a419615ac7ed28987725e04fdb864909ee5bbc77e8443f2be58d3606c2ee3,0.5,37.5625,3.194488743654192,4,c2c12,c2c12_090318_exp1_F0003_Data
c252f8cb076cd9ba75ad4e5d3f440a93f2a2bc5be9d332cd1a1c3c9812c734dc,0.25,21.3825,4.390447015965458,4,c2c12,c2c12_090303_exp1_F0010_Data
c252f8cb076cd9ba75ad4e5d3f440a93f2a2bc5be9d332cd1a1c3c9812c734dc,0.5,23.085,2.3957531870652558,4,c2c12,c2c12_090303_exp1_F0010_Data
c267c5435c00791e5b9ea9f1a05f6a10d1195de8adc1082da87d4e44795fe8ba,0.25,28.66,9.475980160384465,4,c2c12,c2c12_090325_exp1_F0003_Data
c267c5435c00791e5b9ea9f1a05f6a10d1195de8adc1082da87d4e44795fe8ba,0.5,26.0925,3.5824328325873753,4,c2c12,c2c12_090325_exp1_F0003_Data
c27de255638062c4d2d9b7c3ce1f884f3154af1667268d5957b6425fd8704212,0.25,16.5925,10.147414695379313,4,c2c12,c2c12_090303_exp1_F0007_Data
c27de255638062c4d2d9b7c3ce1f884f3154af1667268d5957b6425fd8704212,0.5,9.2425,3.7772245101396873,4,c2c12,c2c12_090303_exp1_F0007_Data
c28a7d07153dd954fc3aeb10f89324296f19cd70bea04885abb7edbdd5340bbc,0.25,30.52,7.17397611742145,4,c2c12,c2c12_090318_exp1_F0018_Data
c28a7d07153dd954fc3aeb10f89324296f19cd70bea04885abb7edbdd5340bbc,0.5,24.7225,0.8851506463120652,4,c2c12,c2c12_090318_exp1_F0018_Data
c29f3874d298403eb2f7a8705b440befbb0cc026d4eb24a7a878be398230e8b8,0.25,9.344999999999999,2.877655295548791,4,c2c12,c2c12_090303_exp1_F0005_Data
c29f3874d298403eb2f7a8705b440befbb0cc026d4eb24a7a878be398230e8b8,0.5,11.004999999999999,1.3855083303009517,4,c2c12,c2c12_090303_exp1_F0005_Data
c2bc4afe72f4ebb41e84f0f375ef687cc272eec9fc17c25488e2acccbb283dc4,0.25,3.8575,3.1486333013970786,4,c2c12,c2c12_090303_exp1_F0003_Data
c2bc4afe72f4ebb41e84f0f375ef687cc272eec9fc17c25488e2acccbb283dc4,0.5,4.4675,1.2710199316559383,4,c2c12,c2c12_090303_exp1_F0003_Data
c2d83f2aeb3630808b76e65f46d6def34c29fc03561784fb8f7f26adea5a6c1b,0.25,25.1925,4.3556428916980785,4,c2c12,c2c12_090325_exp1_F0003_Data
c2d83f2aeb3630808b76e65f46d6def34c29fc03561784fb8f7f26adea5a6c1b,0.5,25.02,2.254373527168912,4,c2c12,c2c12_090325_exp1_F0003_Data
c2f2f09dbb780930e8f5b2548d06cef319288b2d2a6ed407df8681f51d1a8c07,0.25,16.93,7.41549728608945,4,c2c12,c2c12_090318_exp1_F0016_Data
c2f2f09dbb780930e8f5b2548d06cef319288b2d2a6ed407df8681f51d1a8c07,0.5,18.7525,5.566209811592325,4,c2c12,c2c12_090318_exp1_F0016_Data
c2fbb716eb4afdfd00dfa1d18a2362f5b87a590642ae55ea829f6f23327648d6,0.25,3.5225,3.6522173630093087,4,c2c12,c2c12_090318_exp1_F0007_Data
c2fbb716eb4afdfd00dfa1d18a2362f5b87a590642ae55ea829f6f23327648d6,0.5,5.0875,1.9284946633752107,4,c2c12,c2c12_090318_exp1_F0007_Data
c30dbb2a08810f0a378658616db0ff4e7b4ebba6fe1e3985611a85624d658325,0.25,7.7875000000000005,6.064472359570947,4,c2c12,c2c12_090325_exp1_F0013_Data
c30dbb2a08810f0a378658616db0ff4e7b4ebba6fe1e3985611a85624d658325,0.5,6.7725,2.5738735400170696,4,c2c12,c2c12_090325_exp1_F0013_Data
c324f3e96208bdf71f6d92cde75478d0060646e151c551c90a4745117d33f18c,0.25,0.9349999999999999,1.3786345902135682,4,c2c12,c2c12_090303_exp1_F0010_Data
c324f3e96208bdf71f6d92cde75478d0060646e151c551c90a4745117d33f18c,0.5,1.5325,0.3724133008723865,4,c2c12,c2c12_090303_exp1_F0010_Data
c350ce99b738cf64b139429158d051c851385f848e7ef6dae9ffe12dd89a6b64,0.25,46.38,16.258056464411727,4,c2c12,c2c12_090318_exp1_F0018_Data
c350ce99b738cf64b139429158d051c851385f848e7ef6dae9ffe12dd89a6b64,0.5,38.115,6.482481520734683,4,c2c12,c2c12_090318_exp1_F0018_Data
c3adffdb9ba778ed28c2a0973a765529a9dfeef3efff8885def42d8856c92877,0.25,5.2725,1.3806852163569607,4,c2c12,c2c12_090303_exp1_F0001_Data
c3adffdb9ba778ed28c2a0973a765529a9dfeef3efff8885def42d8856c92877,0.5,7.92,1.4847446469567305,4,c2c12,c2c12_090303_exp1_F0001_Data
c3b4cc42fb4b1f5ca125ca354897493ea8de40cb9eb9e0e42504a489aafdc6b0,0.25,7.085,5.525272240653245,4,c2c12,c2c12_090303_exp1_F0010_Data
c3b4cc42fb4b1f5ca125ca354897493ea8de40cb9eb9e0e42504a489aafdc6b0,0.5,7.2875,1.2529531781621635,4,c2c12,c2c12_090303_exp1_F0010_Data
c3d6ac6bab9453d92b763fd7aa5ddb108771e15c1179c6636c220a8f16ae904c,0.25,5.0075,2.5723708260409635,4,c2c12,c2c12_090325_exp1_F0003_Data
c3d6ac6bab9453d92b763fd7aa5ddb108771e15c1179c6636c220a8f16ae904c,0.5,6.2025,1.3358237159146409,4,c2c12,c2c12_090325_exp1_F0003_Data
c3ff07aacdef2075168059fcc54407d93fcb8e7880af0f9f214f6bd1664a0323,0.25,5.245,2.459058085256764,4,c2c12,c2c12_090318_exp1_F0007_Data
c3ff07aacdef2075168059fcc54407d93fcb8e7880af0f9f214f6bd1664a0323,0.5,4.7925,1.0501230086677147,4,c2c12,c2c12_090318_exp1_F0007_Data
c4019288af032ba08a887a7f507a424724d52a3cc82a58187f0fb9543f2d5a7f,0.25,23.2125,3.6607319395625426,4,c2c12,c2c12_090325_exp1_F0011_Data
c4019288af032ba08a887a7f507a424724d52a3cc82a58187f0fb9543f2d5a7f,0.5,35.3075,2.961670418305633,4,c2c12,c2c12_090325_exp1_F0011_Data
c405836ae877be2213f90bd566669355bd57db16035f6b9afb1286a338b5cdc4,0.25,16.384999999999998,9.819051210105112,4,c2c12,c2c12_090318_exp1_F0001_Data
c405836ae877be2213f90bd566669355bd57db16035f6b9afb1286a338b5cdc4,0.5,10.5425,1.5430786326907224,4,c2c12,c2c12_090318_exp1_F0001_Data
c4255465f501104caf0e4f6df8b13a4991a83d79cf35fd01f8e9270bac9baaf0,0.25,30.4525,5.501141548200094,4,c2c12,c2c12_090303_exp1_F0001_Data
c4255465f501104caf0e4f6df8b13a4991a83d79cf35fd01f8e9270bac9baaf0,0.5,31.7875,2.4207075411953434,4,c2c12,c2c12_090303_exp1_F0001_Data
c44167e76ba3baaa7ad19dfec320c833b5018dcc5831866f083dfe4d7f6e604c,0.25,10.7025,4.975844149488607,4,c2c12,c2c12_090325_exp1_F0007_Data
c44167e76ba3baaa7ad19dfec320c833b5018dcc5831866f083dfe4d7f6e604c,0.5,11.942499999999999,2.3602736423276567,4,c2c12,c2c12_090325_exp1_F0007_Data
c44ab9c883edd9e1cf919aa4af9d29306f2968a72eba661dd7467a3007bacd4f,0.25,8.552500000000002,5.973130809438771,4,c2c12,c2c12_090303_exp1_F0016_Data
c44ab9c883edd9e1cf919aa4af9d29306f2968a72eba661dd7467a3007bacd4f,0.5,11.885,2.051869066647934,4,c2c12,c2c12_090303_exp1_F0016_Data
c477c78e74de61c8b71efc88a96e589050dee5ecc5981e340134119251f5985f,0.25,43.745,10.396247720531992,4,c2c12,c2c12_090325_exp1_F0001_Data
c477c78e74de61c8b71efc88a96e589050dee5ecc5981e340134119251f5985f,0.5,36.6125,3.2904850199729916,4,c2c12,c2c12_090325_exp1_F0001_Data
c4e154db3077700b41298c9d653558930ba4783369de7b1d892c12ff9ac4bb9a,0.25,11.2075,7.376016879047933,4,c2c12,c2c12_090318_exp1_F0005_Data
c4e154db3077700b41298c9d653558930ba4783369de7b1d892c12ff9ac4bb9a,0.5,12.055,0.8025584090893325,4,c2c12,c2c12_090318_exp1_F0005_Data
c50e4cf7765d85634d5554e28019e80e18ca85c6235bd1f7e62c07f50a615410,0.25,7.4350000000000005,1.4498160802897266,4,c2c12,c2c12_090325_exp1_F0005_Data
c50e4cf7765d85634d5554e28019e80e18ca85c6235bd1f7e62c07f50a615410,0.5,12.42,3.1473904534815293,4,c2c12,c2c12_090325_exp1_F0005_Data
c549bbe7b212e8f91977d32c11f2a404c7b96c61a3cc233b683846f9199c720e,0.25,54.8525,18.34532161069955,4,c2c12,c2c12_090318_exp1_F0013_Data
c549bbe7b212e8f91977d32c11f2a404c7b96c61a3cc233b683846f9199c720e,0.5,51.755,8.952938065238698,4,c2c12,c2c12_090318_exp1_F0013_Data
c577c6fc97c63ae29bd4bcf7630549419725d8a7c34b3dfa82757e95fc82edb8,0.25,56.405,3.8051062184035502,4,c2c12,c2c12_090325_exp1_F0001_Data
c577c6fc97c63ae29bd4bcf7630549419725d8a7c34b3dfa82757e95fc82edb8,0.5,57.714999999999996,4.661162229887882,4,c2c12,c2c12_090325_exp1_F0001_Data
c57e58a0606d9e8f1e13c4cd0e7c7367a9ef827103d9b10541c2a5872c897a19,0.25,4.47,3.5900974917124464,4,c2c12,c2c12_090325_exp1_F0001_Data
c57e58a0606d9e8f1e13c4cd0e7c7367a9ef827103d9b10541c2a5872c897a19,0.5,5.8225,0.7186271634164684,4,c2c12,c2c12_090325_exp1_F0001_Data
c5a1d0ab784be142d7cda8c0aa0d029c222b8c9e0a0cc6d4ed22c1fac30a32e2,0.25,20.3425,3.552551899691262,4,c2c12,c2c12_090325_exp1_F0007_Data
c5a1d0ab784be142d7cda8c0aa0d029c222b8c9e0a0cc6d4ed22c1fac30a32e2,0.5,21.1175,5.495952298434428,4,c2c12,c2c12_090325_exp1_F0007_Data
c5a31637901eeb5023e10f581f2750a99d0288b3aa44e39082ccd6fcf474d2c8,0.25,5.7425,6.561475316827255,4,c2c12,c2c12_090303_exp1_F0012_Data
c5a31637901eeb5023e10f581f2750a99d0288b3aa44e39082ccd6fcf474d2c8,0.5,11.52,4.207049639196889,4,c2c12,c2c12_090303_exp1_F0012_Data
c5ec082b1eadc55f97b1f2909bcddc3bdc3ed49d9e3ab5081fb4e6ba077247d2,0.25,10.3925,2.7809995205561138,4,c2c12,c2c12_090303_exp1_F0001_Data
c5ec082b1eadc55f97b1f2909bcddc3bdc3ed49d9e3ab5081fb4e6ba077247d2,0.5,9.8325,1.1210225986422693,4,c2c12,c2c12_090303_exp1_F0001_Data
c603303e09bb94f2b5a36281d0c79778e993a404a85cc8596d927c34d8645ff8,0.25,22.335,4.189530602187632,4,c2c12,c2c12_090325_exp1_F0005_Data
c603303e09bb94f2b5a36281d0c79778e993a404a85cc8596d927c34d8645ff8,0.5,29.46,0.5329790489941114,4,c2c12,c2c12_090325_exp1_F0005_Data
c64429721f8bb75a5450d335d18ad8afb144a81d4703c22eae4761635f7d1146,0.25,16.435,13.320354099397408,4,c2c12,c2c12_090303_exp1_F0012_Data
c64429721f8bb75a5450d335d18ad8afb144a81d4703c22eae4761635f7d1146,0.5,6.99,2.8759346306896476,4,c2c12,c2c12_090303_exp1_F0012_Data
c6790db2242cea013c42f82c3e482ad753fd4e5a2d6a958f22140af31777defb,0.25,13.857500000000002,6.249721993817006,4,c2c12,c2c12_090318_exp1_F0001_Data
c6790db2242cea013c42f82c3e482ad753fd4e5a2d6a958f22140af31777defb,0.5,13.8925,1.0908826701346024,4,c2c12,c2c12_090318_exp1_F0001_Data
c679c0583bf499a2cf5423b60ee06c0f1eb109d18c997edb9ebe8dfbcd820b13,0.25,3.29,2.589839119842518,4,c2c12,c2c12_090303_exp1_F0016_Data
c679c0583bf499a2cf5423b60ee06c0f1eb109d18c997edb9ebe8dfbcd820b13,0.5,5.255,0.9528378665859157,4,c2c12,c2c12_090303_exp1_F0016_Data
c68b31e4d27b7554c126b51d875eadd8bc966ce9839f5014a0fd3002b72a3e20,0.25,13.532499999999999,2.132500488472004,4,c2c12,c2c12_090303_exp1_F0016_Data
c68b31e4d27b7554c126b51d875eadd8bc966ce9839f5014a0fd3002b72a3e20,0.5,14.3,2.5412464133439188,4,c2c12,c2c12_090303_exp1_F0016_Data
c6922f98b452154c6adbd34ed9148719a959049929423fee49b941fae9c66cf3,0.25,39.0,10.53848186410168,4,c2c12,c2c12_090303_exp1_F0012_Data
c6922f98b452154c6adbd34ed9148719a959049929423fee49b941fae9c66cf3,0.5,44.447500000000005,5.463121055465152,4,c2c12,c2c12_090303_exp1_F0012_Data
c69b41cc4ebe160c87ae06a010f29f6626708c252553356709eee9399f5defb0,0.25,18.865000000000002,7.276823940887033,4,c2c12,c2c12_090325_exp1_F0007_Data
c69b41cc4ebe160c87ae06a010f29f6626708c252553356709eee9399f5defb0,0.5,22.575,5.984271050011022,4,c2c12,c2c12_090325_exp1_F0007_Data
c69b801c42f35b2f2133270d3d081563ecafea8ee2a10767fa0704aeb7684c27,0.25,11.510000000000002,7.800329052888303,4,c2c12,c2c12_090303_exp1_F0010_Data
c69b801c42f35b2f2133270d3d081563ecafea8ee2a10767fa0704aeb7684c27,0.5,12.442499999999999,1.8003587605437608,4,c2c12,c2c12_090303_exp1_F0010_Data
c6a7c940305d2891b2e90b0331fcd72be5be7c0c3ac59b586fd5b93930ecd1d2,0.25,10.36,5.75755156294757,4,c2c12,c2c12_090325_exp1_F0007_Data
c6a7c940305d2891b2e90b0331fcd72be5be7c0c3ac59b586fd5b93930ecd1d2,0.5,11.719999999999999,0.8170271313324504,4,c2c12,c2c12_090325_exp1_F0007_Data
c6b432142b07614017309497ee1bd36c6f3d39a8e169607ef09d4655b7f91cc6,0.25,4.74,0.6719126927411525,4,c2c12,c2c12_090303_exp1_F0016_Data
c6b432142b07614017309497ee1bd36c6f3d39a8e169607ef09d4655b7f91cc6,0.5,3.8475,1.001577921748145,4,c2c12,c2c12_090303_exp1_F0016_Data
c6c0322c604d597d627c0e2ceb3988724025df7a4e21db0b9c01e18b6403f2a1,0.25,6.745,6.694577407623775,4,c2c12,c2c12_090303_exp1_F0003_Data
c6c0322c604d597d627c0e2ceb3988724025df7a4e21db0b9c01e18b6403f2a1,0.5,3.93,4.406230437308819,4,c2c12,c2c12_090303_exp1_F0003_Data
c6e2eb5b41f0e550a2fe6c22c9d708135209a843c2970ec8a8745790cc1f2435,0.25,6.335,1.300064100983743,4,c2c12,c2c12_090303_exp1_F0014_Data
c6e2eb5b41f0e550a2fe6c22c9d708135209a843c2970ec8a8745790cc1f2435,0.5,7.5375,1.5237535890031566,4,c2c12,c2c12_090303_exp1_F0014_Data
c6f63c1328ff11022b6ade4dd2063ce77e6c75e72da0cf5ba67fc31fd484fb14,0.25,3.415,1.9203037954101603,4,c2c12,c2c12_090303_exp1_F0016_Data
c6f63c1328ff11022b6ade4dd2063ce77e6c75e72da0cf5ba67fc31fd484fb14,0.5,7.745,4.237849297304786,4,c2c12,c2c12_090303_exp1_F0016_Data
c6ff246d7659d588c16b929fd780dc5959c8500bddd436d6c99210160f6ec20d,0.25,10.675,6.343970891063945,4,c2c12,c2c12_090303_exp1_F0003_Data
c6ff246d7659d588c16b929fd780dc5959c8500bddd436d6c99210160f6ec20d,0.5,12.1825,5.098505499980687,4,c2c12,c2c12_090303_exp1_F0003_Data
c71231eaa40fea7a43eaebc99fd21447666c7da4e6a734570bf7bdb73e932b96,0.25,4.2325,6.314102601848235,4,c2c12,c2c12_090318_exp1_F0016_Data
c71231eaa40fea7a43eaebc99fd21447666c7da4e6a734570bf7bdb73e932b96,0.5,4.5975,1.0036392114035133,4,c2c12,c2c12_090318_exp1_F0016_Data
c72dd12d5079a5f4628f9eb893b7ea2157a01cc17243336a528d17ed33a52af6,0.25,18.240000000000002,8.326155575454177,4,c2c12,c2c12_090318_exp1_F0016_Data
c72dd12d5079a5f4628f9eb893b7ea2157a01cc17243336a528d17ed33a52af6,0.5,17.862499999999997,3.0870630595006205,4,c2c12,c2c12_090318_exp1_F0016_Data
c73afccc84748224bc53e8f1ca10024b6b1ccdfde83efec8dc79f255720e9a9b,0.25,43.6,10.435717512466498,4,c2c12,c2c12_090318_exp1_F0001_Data
c73afccc84748224bc53e8f1ca10024b6b1ccdfde83efec8dc79f255720e9a9b,0.5,37.435,5.293470821052413,4,c2c12,c2c12_090318_exp1_F0001_Data
c73b310060f4615cc8abad73c2f03dd78605ada6fb6ecaa806f3215c701e6fdc,0.25,18.6525,1.7234534129667285,4,c2c12,c2c12_090325_exp1_F0003_Data
c73b310060f4615cc8abad73c2f03dd78605ada6fb6ecaa806f3215c701e6fdc,0.5,15.5275,1.904334967033549,4,c2c12,c2c12_090325_exp1_F0003_Data
c74d0dca0bc7fef22db8857e8f1961e5f40032ea86ea678aba08ccb40d072077,0.25,4.422499999999999,2.2764647299412895,4,c2c12,c2c12_090325_exp1_F0003_Data
c74d0dca0bc7fef22db8857e8f1961e5f40032ea86ea678aba08ccb40d072077,0.5,4.52,1.6721842003798506,4,c2c12,c2c12_090325_exp1_F0003_Data
c75ad7428c7978252532b8701f2fb05146e3fbc913860467722f34455b18487e,0.25,22.527499999999996,7.538816772765692,4,c2c12,c2c12_090303_exp1_F0007_Data
c75ad7428c7978252532b8701f2fb05146e3fbc913860467722f34455b18487e,0.5,25.487499999999997,5.446726080867295,4,c2c12,c2c12_090303_exp1_F0007_Data
c75e6c5744eadedfb1a34e6f0765923e58b30426f17f1c0c60d338914319cc0d,0.25,22.46,2.740851449215492,4,c2c12,c2c12_090325_exp1_F0011_Data
c75e6c5744eadedfb1a34e6f0765923e58b30426f17f1c0c60d338914319cc0d,0.5,24.5225,2.8456911872747788,4,c2c12,c2c12_090325_exp1_F0011_Data
c7715ec340686b81499e5853e89e06894ee7a143edb0270facf8f8d9d6852e41,0.25,46.2,10.834180479697883,4,c2c12,c2c12_090318_exp1_F0011_Data
c7715ec340686b81499e5853e89e06894ee7a143edb0270facf8f8d9d6852e41,0.5,44.1625,2.429806233701224,4,c2c12,c2c12_090318_exp1_F0011_Data
c78477023dbc57a6dad93afe0f8c565869264e69d74b0887298869688eef4c0e,0.25,15.795,2.4845858139067505,4,c2c12,c2c12_090325_exp1_F0018_Data
c78477023dbc57a6dad93afe0f8c565869264e69d74b0887298869688eef4c0e,0.5,14.855,6.985520739357947,4,c2c12,c2c12_090325_exp1_F0018_Data
c78a24ccd1cfdcb4e199e4dec522a19a96c3a7387a5d38820a592ffc3c4df907,0.25,48.825,15.412422478853436,4,c2c12,c2c12_090318_exp1_F0013_Data
c78a24ccd1cfdcb4e199e4dec522a19a96c3a7387a5d38820a592ffc3c4df907,0.5,50.66,3.076545681983827,4,c2c12,c2c12_090318_exp1_F0013_Data
c799a5adca5d569b1353226523f7600fb9f483c74799422193fa1586553109a3,0.25,9.975,1.24071216108599,4,c2c12,c2c12_090303_exp1_F0005_Data
c799a5adca5d569b1353226523f7600fb9f483c74799422193fa1586553109a3,0.5,9.1,1.842407844823362,4,c2c12,c2c12_090303_exp1_F0005_Data
c7be131b591e62103c37f80b7284a82f432349949875ec8334160ffd5421dbcf,0.25,8.39,5.624559241991028,4,c2c12,c2c12_090318_exp1_F0003_Data
c7be131b591e62103c37f80b7284a82f432349949875ec8334160ffd5421dbcf,0.5,15.0775,3.66314414130812,4,c2c12,c2c12_090318_exp1_F0003_Data
c7c91399d475e4ff5b92ff383b2430d7718e1badf63de5218b7a4996ac856fca,0.25,3.295,1.1811152921426993,4,c2c12,c2c12_090303_exp1_F0016_Data
c7c91399d475e4ff5b92ff383b2430d7718e1badf63de5218b7a4996ac856fca,0.5,4.1075,0.205649377987551,4,c2c12,c2c12_090303_exp1_F0016_Data
c7ca3c1eccdbcb37f917fa9ecaa6d0190bb4d9d6ced66d06161f77c2ad823466,0.25,11.415,5.94977590614414,4,c2c12,c2c12_090318_exp1_F0016_Data
c7ca3c1eccdbcb37f917fa9ecaa6d0190bb4d9d6ced66d06161f77c2ad823466,0.5,13.719999999999999,3.1072924977650023,4,c2c12,c2c12_090318_exp1_F0016_Data
c7cf2a19fb8783bd61e2883e9fd098db7119cf5fae3050923f45c9bdbd4efacd,0.25,37.7375,7.744380220521199,4,c2c12,c2c12_090303_exp1_F0001_Data
c7cf2a19fb8783bd61e2883e9fd098db7119cf5fae3050923f45c9bdbd4efacd,0.5,44.9875,1.76988464784196,4,c2c12,c2c12_090303_exp1_F0001_Data
c7deaf2e163ee00cbdd4b2659d598ca1623b21882c0d5497a393accf5c810725,0.25,15.39,12.194624498797275,4,c2c12,c2c12_090318_exp1_F0013_Data
c7deaf2e163ee00cbdd4b2659d598ca1623b21882c0d5497a393accf5c810725,0.5,15.9975,8.849035258151027,4,c2c12,c2c12_090318_exp1_F0013_Data
c7f8d0662196bdc19f4fbafbfa34fabeec644f2b65ce85f05166472ef9bf59fc,0.25,21.7675,5.647343770895012,4,c2c12,c2c12_090325_exp1_F0005_Data
c7f8d0662196bdc19f4fbafbfa34fabeec644f2b65ce85f05166472ef9bf59fc,0.5,23.0125,1.4318141173583476,4,c2c12,c2c12_090325_exp1_F0005_Data
c7f9fcd71f7fd04ae6b80323f6007e6246825365278aa93ec7c4cfed5580d5f9,0.25,21.105,0.20207259421636892,4,c2c12,c2c12_090318_exp1_F0016_Data
c7f9fcd71f7fd04ae6b80323f6007e6246825365278aa93ec7c4cfed5580d5f9,0.5,18.7,3.2485586547472605,4,c2c12,c2c12_090318_exp1_F0016_Data
c811284e5db7c05faa16fee1bc424535ace766ae6d27df20728a15f02dc2f0b5,0.25,2.275,1.8035982553403256,4,c2c12,c2c12_090318_exp1_F0013_Data
c811284e5db7c05faa16fee1bc424535ace766ae6d27df20728a15f02dc2f0b5,0.5,4.21,3.7410960960659647,4,c2c12,c2c12_090318_exp1_F0013_Data
c81f332397890a6457a5ba183f1ad444805820721de1230b1e6f5e7d363c7f89,0.25,2.075,1.223587621164364,4,c2c12,c2c12_090318_exp1_F0018_Data
c81f332397890a6457a5ba183f1ad444805820721de1230b1e6f5e7d363c7f89,0.5,4.6,1.597038926680666,4,c2c12,c2c12_090318_exp1_F0018_Data
c8477d87915a7191fdf01726765926a52a709df41ad1897688de1a8b3d3c0242,0.25,25.345,12.745638469688364,4,c2c12,c2c12_090318_exp1_F0018_Data
c8477d87915a7191fdf01726765926a52a709df41ad1897688de1a8b3d3c0242,0.5,35.214999999999996,4.356684519218715,4,c2c12,c2c12_090318_exp1_F0018_Data
c858496ddb1bdbba5445f812eab8f1a6a575424f55c712365e855319d57a058d,0.25,1.3325,1.4057352761692605,4,c2c12,c2c12_090303_exp1_F0001_Data
c858496ddb1bdbba5445f812eab8f1a6a575424f55c712365e855319d57a058d,0.5,1.2125,0.06652067347825043,4,c2c12,c2c12_090303_exp1_F0001_Data
c85e733e23575538cf553ad948ddaa40ac23b08cd3ea7b31d33b450691369349,0.25,33.785,1.8751799913608267,4,c2c12,c2c12_090303_exp1_F0012_Data
c85e733e23575538cf553ad948ddaa40ac23b08cd3ea7b31d33b450691369349,0.5,21.7575,2.7698540876130395,4,c2c12,c2c12_090303_exp1_F0012_Data
c88254584a7ee901cc7375dd50e2cc19ba02478faf5cb64534891a8232ae300e,0.25,46.4925,3.2572521650413657,4,c2c12,c2c12_090303_exp1_F0010_Data
c88254584a7ee901cc7375dd50e2cc19ba02478faf5cb64534891a8232ae300e,0.5,45.0725,2.306243337840425,4,c2c12,c2c12_090303_exp1_F0010_Data
c9407f8d06284d360cfff2c432d355bc4a2e137f2ac0935c026627d179fed459,0.25,10.58,3.472722275103496,4,c2c12,c2c12_090325_exp1_F0005_Data
c9407f8d06284d360cfff2c432d355bc4a2e137f2ac0935c026627d179fed459,0.5,9.6525,1.6173924487684903,4,c2c12,c2c12_090325_exp1_F0005_Data
c95f80235ae0ae29787264469baf491438908510f002f48e4f0db6daa420180c,0.25,34.255,14.494735826039282,4,c2c12,c2c12_090318_exp1_F0013_Data
c95f80235ae0ae29787264469baf491438908510f002f48e4f0db6daa420180c,0.5,35.2725,5.9452354873461495,4,c2c12,c2c12_090318_exp1_F0013_Data
c960c8569f349a053221fa83457e5d248dfe23ac02c56eb75a96bda36ca19322,0.25,24.9625,19.928820629095604,4,c2c12,c2c12_090303_exp1_F0012_Data
c960c8569f349a053221fa83457e5d248dfe23ac02c56eb75a96bda36ca19322,0.5,28.747500000000002,3.0956999746960827,4,c2c12,c2c12_090303_exp1_F0012_Data
c96292d7e19c40f1167c88e5a06c726f418e9cb6ad60803c4a6864127de71887,0.25,24.6075,6.719074216983568,4,c2c12,c2c12_090303_exp1_F0003_Data
c96292d7e19c40f1167c88e5a06c726f418e9cb6ad60803c4a6864127de71887,0.5,21.9225,1.7944613862289354,4,c2c12,c2c12_090303_exp1_F0003_Data
c990975332235a6a8579027dd9b83f4a5defbcaaecae82f3cec859c5ad7a3644,0.25,32.504999999999995,12.00270663919879,4,c2c12,c2c12_090325_exp1_F0007_Data
c990975332235a6a8579027dd9b83f4a5defbcaaecae82f3cec859c5ad7a3644,0.5,34.48,3.47794000331614,4,c2c12,c2c12_090325_exp1_F0007_Data
c9935c96d5636b952217be35f31d814527fe355e7cffa2b2a449b4aa53ad1145,0.25,4.6175,1.718126402024407,4,c2c12,c2c12_090303_exp1_F0012_Data
c9935c96d5636b952217be35f31d814527fe355e7cffa2b2a449b4aa53ad1145,0.5,6.64,2.497692268208129,4,c2c12,c2c12_090303_exp1_F0012_Data
c9d1da2b3e9fc77359bf4febd967873cff51a13cbbec704840c9da6423ae84e2,0.25,54.7375,19.46339363180704,4,c2c12,c2c12_090318_exp1_F0013_Data
c9d1da2b3e9fc77359bf4febd967873cff51a13cbbec704840c9da6423ae84e2,0.5,55.417500000000004,9.259659370984803,4,c2c12,c2c12_090318_exp1_F0013_Data
c9d66bb27fd3d5791f1fb251727dbbeb83771a79edf5ccb7d7a3a2c1553a6551,0.25,0.7575,0.6617338337025442,4,c2c12,c2c12_090303_exp1_F0003_Data
c9d66bb27fd3d5791f1fb251727dbbeb83771a79edf5ccb7d7a3a2c1553a6551,0.5,2.44,1.1531117320826576,4,c2c12,c2c12_090303_exp1_F0003_Data
c9dd70d04330882f1eec9f83aedde0eac2499424d5a963f862ddf4cad894aebc,0.25,23.822499999999998,7.5043959339398745,4,c2c12,c2c12_090325_exp1_F0001_Data
c9dd70d04330882f1eec9f83aedde0eac2499424d5a963f862ddf4cad894aebc,0.5,24.682499999999997,4.003135229625234,4,c2c12,c2c12_090325_exp1_F0001_Data
c9f0a2395342d30ce754efe8d58cf445a95e472f3d5d88547c56478a8e6ecdef,0.25,33.5925,4.77527922394771,4,c2c12,c2c12_090318_exp1_F0018_Data
c9f0a2395342d30ce754efe8d58cf445a95e472f3d5d88547c56478a8e6ecdef,0.5,31.845,2.831730919420136,4,c2c12,c2c12_090318_exp1_F0018_Data
ca234ed2b1b57719998283a4746fb5872543b939a9230b0a882796940efe2885,0.25,3.1725,2.284299673860678,4,c2c12,c2c12_090303_exp1_F0016_Data
ca234ed2b1b57719998283a4746fb5872543b939a9230b0a882796940efe2885,0.5,2.31,0.32954514106568167,4,c2c12,c2c12_090303_exp1_F0016_Data
ca3278df89b2f905fcb16ca3b3bd7b3087d47e7276fe8088db47338231b98847,0.25,3.6475,2.6338992008047684,4,c2c12,c2c12_090325_exp1_F0001_Data
ca3278df89b2f905fcb16ca3b3bd7b3087d47e7276fe8088db47338231b98847,0.5,6.1675,0.3487477598494362,4,c2c12,c2c12_090325_exp1_F0001_Data
ca431aecaf3587523cd6b8181485c2b4cbf06803f893eb372c54adae5991b2f5,0.25,11.925,7.358625324519972,4,c2c12,c2c12_090318_exp1_F0003_Data
ca431aecaf3587523cd6b8181485c2b4cbf06803f893eb372c54adae5991b2f5,0.5,14.585,1.904459678404,4,c2c12,c2c12_090318_exp1_F0003_Data
ca5f6d4297d40f8a9c25500ebb309c626c1aa1becf87c439a47f7664387def58,0.25,7.13,6.3103143080726705,4,c2c12,c2c12_090303_exp1_F0016_Data
ca5f6d4297d40f8a9c25500ebb309c626c1aa1becf87c439a47f7664387def58,0.5,10.8025,0.7294918322595079,4,c2c12,c2c12_090303_exp1_F0016_Data
ca62cb0832a2634cb9222f764fec34b23aaf0a2c938e08d2b6f33b646e37946b,0.25,8.8675,8.3235263961056,4,c2c12,c2c12_090303_exp1_F0012_Data
ca62cb0832a2634cb9222f764fec34b23aaf0a2c938e08d2b6f33b646e37946b,0.5,6.335000000000001,1.8208514491852434,4,c2c12,c2c12_090303_exp1_F0012_Data
ca63570362f3bf997ffa0ee12114f24074adf2052531fb1e675bc0c0798367a3,0.25,12.43,3.1123410267299865,4,c2c12,c2c12_090325_exp1_F0007_Data
ca63570362f3bf997ffa0ee12114f24074adf2052531fb1e675bc0c0798367a3,0.5,14.75,0.9130534851073437,4,c2c12,c2c12_090325_exp1_F0007_Data
ca77669f0f1ce96227521b7a9ceb01436fd9aad6524f76a98fb242c54eebb75a,0.25,29.1425,9.264212054999604,4,c2c12,c2c12_090325_exp1_F0003_Data
ca77669f0f1ce96227521b7a9ceb01436fd9aad6524f76a98fb242c54eebb75a,0.5,26.795,5.523938812115861,4,c2c12,c2c12_090325_exp1_F0003_Data
ca8a77c6c9ed28d612301decd29b2deda9a668176d6012ef4e899f7b07b68a9f,0.25,5.275,3.975671850978985,4,c2c12,c2c12_090325_exp1_F0018_Data
ca8a77c6c9ed28d612301decd29b2deda9a668176d6012ef4e899f7b07b68a9f,0.5,2.02,0.9971960689854329,4,c2c12,c2c12_090325_exp1_F0018_Data
ca903d199e359f1e30835a81fac1ed2c7a6bbc3ad0320fda3953793344e8b6ca,0.25,28.9275,8.139821353486,4,c2c12,c2c12_090303_exp1_F0001_Data
ca903d199e359f1e30835a81fac1ed2c7a6bbc3ad0320fda3953793344e8b6ca,0.5,35.5275,2.6548242251920686,4,c2c12,c2c12_090303_exp1_F0001_Data
caaf4723ba1caa90d1554c4c9cd497753687e7858cfa7ab4a7aecc90dc31b867,0.25,5.87,6.201403067048617,4,c2c12,c2c12_090318_exp1_F0007_Data
caaf4723ba1caa90d1554c4c9cd497753687e7858cfa7ab4a7aecc90dc31b867,0.5,8.067499999999999,1.9907682771566697,4,c2c12,c2c12_090318_exp1_F0007_Data
cac10d5d16e9f075e048022be73991e1d1d6dd85818568c0fd3df43ab2c7b235,0.25,23.7975,14.245577968852883,4,c2c12,c2c12_090318_exp1_F0007_Data
cac10d5d16e9f075e048022be73991e1d1d6dd85818568c0fd3df43ab2c7b235,0.5,20.759999999999998,6.063464356290058,4,c2c12,c2c12_090318_exp1_F0007_Data
caec64b657dc168ea8b44cf8e59b437830b58797bcfb5bccc64eb17ad82ff9e4,0.25,11.3075,3.929642689439673,4,c2c12,c2c12_090303_exp1_F0010_Data
caec64b657dc168ea8b44cf8e59b437830b58797bcfb5bccc64eb17ad82ff9e4,0.5,12.43,0.6603534407169135,4,c2c12,c2c12_090303_exp1_F0010_Data
caf882c6bdcd9bd68b8d139816fe23346edbeb9acd885c5f9d0d03e3be656692,0.25,20.46,1.7494951652786388,4,c2c12,c2c12_090318_exp1_F0005_Data
caf882c6bdcd9bd68b8d139816fe23346edbeb9acd885c5f9d0d03e3be656692,0.5,21.6275,2.3541930676985685,4,c2c12,c2c12_090318_exp1_F0005_Data
cb02d6605d84906e30c47ed7290b23fa9e2a93e286fbc9659bf6220ff9a2b5bb,0.25,46.402499999999996,19.55231678514509,4,c2c12,c2c12_090318_exp1_F0013_Data
cb02d6605d84906e30c47ed7290b23fa9e2a93e286fbc9659bf6220ff9a2b5bb,0.5,50.277499999999996,2.890171563535055,4,c2c12,c2c12_090318_exp1_F0013_Data
cb5aed22069aa37ce158cbecd4fd9a8c6bf7e56367e7e9848be1d7100bb6de9a,0.25,16.05,5.937592104548781,4,c2c12,c2c12_090325_exp1_F0001_Data
cb5aed22069aa37ce158cbecd4fd9a8c6bf7e56367e7e9848be1d7100bb6de9a,0.5,14.0475,0.7973863555391449,4,c2c12,c2c12_090325_exp1_F0001_Data
cb6e3758063ba16be8126c2e8cdc1da979e9e8f5b1289ed863be72fa01558fcb,0.25,44.055,11.083689217343958,4,c2c12,c2c12_090318_exp1_F0013_Data
cb6e3758063ba16be8126c2e8cdc1da979e9e8f5b1289ed863be72fa01558fcb,0.5,47.0375,7.921264103664267,4,c2c12,c2c12_090318_exp1_F0013_Data
cb79d655f8357cae39bf7ffec9ff2aff8339eb257443fc663f71f1e5dddd8806,0.25,21.1125,8.324391369143251,4,c2c12,c2c12_090325_exp1_F0005_Data
cb79d655f8357cae39bf7ffec9ff2aff8339eb257443fc663f71f1e5dddd8806,0.5,31.5625,2.0665167956410775,4,c2c12,c2c12_090325_exp1_F0005_Data
cb89bf05eabcc9df9bafe89cf0fd0f8448f7f288f92e1a9de0e6b2d84a3abd6c,0.25,5.4375,2.884063972938187,4,c2c12,c2c12_090325_exp1_F0011_Data
cb89bf05eabcc9df9bafe89cf0fd0f8448f7f288f92e1a9de0e6b2d84a3abd6c,0.5,6.984999999999999,1.7442572440248982,4,c2c12,c2c12_090325_exp1_F0011_Data
cbaa0c2a62c23eff7acc54e4f265346bb8e95a829f5118961086cfc1bce4d7e9,0.25,14.870000000000001,3.513232130104699,4,c2c12,c2c12_090303_exp1_F0014_Data
cbaa0c2a62c23eff7acc54e4f265346bb8e95a829f5118961086cfc1bce4d7e9,0.5,16.8125,0.9596310054738041,4,c2c12,c2c12_090303_exp1_F0014_Data
cbd88e4962f5956a1f7baac7a0f27f6e4b78d3dcf6428ef6bdb2ee1682347b3f,0.25,2.1675,0.8760660172993052,4,c2c12,c2c12_090303_exp1_F0010_Data
cbd88e4962f5956a1f7baac7a0f27f6e4b78d3dcf6428ef6bdb2ee1682347b3f,0.5,1.185,0.16217274740226856,4,c2c12,c2c12_090303_exp1_F0010_Data
cbe812439a3a5a099e05a54e2e66c30d26ccae3ef44c78d3a98082945ac6fe7d,0.25,28.982499999999998,13.601118520180613,4,c2c12,c2c12_090303_exp1_F0012_Data
cbe812439a3a5a099e05a54e2e66c30d26ccae3ef44c78d3a98082945ac6fe7d,0.5,31.58,3.8210905947560745,4,c2c12,c2c12_090303_exp1_F0012_Data
cbea61d0473a12e8b619f49cb114dfe1836a235c28af9bd9ec204b004166796e,0.25,45.8225,11.119446553973209,4,c2c12,c2c12_090303_exp1_F0010_Data
cbea61d0473a12e8b619f49cb114dfe1836a235c28af9bd9ec204b004166796e,0.5,40.0825,2.434356520041108,4,c2c12,c2c12_090303_exp1_F0010_Data
cc1055a45ceb3d2a03e7f0eba5b52f0f1e749b6ddc1636c0f90b0f77c493f8c2,0.25,25.634999999999998,16.266262631594266,4,c2c12,c2c12_090318_exp1_F0007_Data
cc1055a45ceb3d2a03e7f0eba5b52f0f1e749b6ddc1636c0f90b0f77c493f8c2,0.5,32.277499999999996,2.046075511803024,4,c2c12,c2c12_090318_exp1_F0007_Data
cc3f1b22df4714eb5a1dbe3af1fe0be53a80e91432118a5d5f1e74ef8981711c,0.25,43.825,10.259683230977457,4,c2c12,c2c12_090303_exp1_F0010_Data
cc3f1b22df4714eb5a1dbe3af1fe0be53a80e91432118a5d5f1e74ef8981711c,0.5,45.245,2.6327235580921386,4,c2c12,c2c12_090303_exp1_F0010_Data
cc7b5da40099514c5622ce1bced9c53128e18f9b8b52888bc486368ccae7131a,0.25,19.42,6.362646200022963,4,c2c12,c2c12_090325_exp1_F0018_Data
cc7b5da40099514c5622ce1bced9c53128e18f9b8b52888bc486368ccae7131a,0.5,22.675,6.249013255440149,4,c2c12,c2c12_090325_exp1_F0018_Data
cc932cffc514449b2fcb442ace43407a70135576a2a177d0b78d1449d2dfc2ee,0.25,41.2325,12.866108904145547,4,c2c12,c2c12_090325_exp1_F0003_Data
cc932cffc514449b2fcb442ace43407a70135576a2a177d0b78d1449d2dfc2ee,0.5,29.822499999999998,4.3793254807865845,4,c2c12,c2c12_090325_exp1_F0003_Data
cc9bdfd502c8123106c0a454abfdeaf8c58187068e602b181af375e751d3e0db,0.25,15.61,5.103658818272763,4,c2c12,c2c12_090318_exp1_F0016_Data
cc9bdfd502c8123106c0a454abfdeaf8c58187068e602b181af375e751d3e0db,0.5,15.105,3.2784600043313032,4,c2c12,c2c12_090318_exp1_F0016_Data
ccc3561a9865db97118d7a6803abd79be9337b5be5ddb6a98bc1be96b3dcfa03,0.25,48.4075,13.80605996172212,4,c2c12,c2c12_090318_exp1_F0011_Data
ccc3561a9865db97118d7a6803abd79be9337b5be5ddb6a98bc1be96b3dcfa03,0.5,47.6525,1.502694801570389,4,c2c12,c2c12_090318_exp1_F0011_Data
ccc4e453e98baf6e6b759cb6162859df54b2746ae4400358533666e3e96ce95a,0.25,6.7524999999999995,1.9985223708196678,4,c2c12,c2c12_090303_exp1_F0016_Data
ccc4e453e98baf6e6b759cb6162859df54b2746ae4400358533666e3e96ce95a,0.5,5.6,2.440150268596861,4,c2c12,c2c12_090303_exp1_F0016_Data
ccc9ceff54682b8baac4bc3acf77699c486469aa808113d564f83a21fa54bfb8,0.25,3.6525,1.4486171566934674,4,c2c12,c2c12_090303_exp1_F0016_Data
ccc9ceff54682b8baac4bc3acf77699c486469aa808113d564f83a21fa54bfb8,0.5,5.02,0.9116285793384645,4,c2c12,c2c12_090303_exp1_F0016_Data
ccef3f7ecf293c72698df1b2146a2ef3a43693e4ae630b0e8654d7650b666654,0.25,46.337500000000006,5.094882236126758,4,c2c12,c2c12_090325_exp1_F0013_Data
ccef3f7ecf293c72698df1b2146a2ef3a43693e4ae630b0e8654d7650b666654,0.5,45.3475,3.542159181440981,4,c2c12,c2c12_090325_exp1_F0013_Data
cd036acce6942477d736e4a7bd0dfc2ede5d5efe671324fd7d7e5f50761a2e73,0.25,16.6425,5.917698736276911,4,c2c12,c2c12_090303_exp1_F0005_Data
cd036acce6942477d736e4a7bd0dfc2ede5d5efe671324fd7d7e5f50761a2e73,0.5,19.725,3.373647877298399,4,c2c12,c2c12_090303_exp1_F0005_Data
cd639ce1d1a3cddf18998c1b84b9ccdba219308dbced26fa69fdfa20d8111d7a,0.25,39.295,5.1761278964106,4,c2c12,c2c12_090325_exp1_F0011_Data
cd639ce1d1a3cddf18998c1b84b9ccdba219308dbced26fa69fdfa20d8111d7a,0.5,38.7425,3.3021445052167717,4,c2c12,c2c12_090325_exp1_F0011_Data
cd86f4f5733a4769da4314dc3ae77b8e9c7e4bd32d9a2dd4e8d5cb3bcb544b62,0.25,56.585,5.032802400253759,4,c2c12,c2c12_090318_exp1_F0011_Data
cd86f4f5733a4769da4314dc3ae77b8e9c7e4bd32d9a2dd4e8d5cb3bcb544b62,0.5,50.9875,4.085530361328051,4,c2c12,c2c12_090318_exp1_F0011_Data
cda191d05de4eb4e6ebe14fe967889ddca12caaafc87e248ab6cc1f4d8cc5cac,0.25,3.655,7.072036481806355,4,c2c12,c2c12_090303_exp1_F0003_Data
cda191d05de4eb4e6ebe14fe967889ddca12caaafc87e248ab6cc1f4d8cc5cac,0.5,3.7525,0.6674516212180975,4,c2c12,c2c12_090303_exp1_F0003_Data
cdb16b0ee2ac4061603e26f32f3598c0a559977e1f2c5e0aa1d04161914120d2,0.25,46.885,19.042945325412948,4,c2c12,c2c12_090318_exp1_F0003_Data
cdb16b0ee2ac4061603e26f32f3598c0a559977e1f2c5e0aa1d04161914120d2,0.5,44.019999999999996,3.7208153228380842,4,c2c12,c2c12_090318_exp1_F0003_Data
cdb2749afc62cebabd6c76960845233326903f9a23d75950bc10f38f7b434054,0.25,7.3325000000000005,1.8982865080557958,4,c2c12,c2c12_090325_exp1_F0016_Data
cdb2749afc62cebabd6c76960845233326903f9a23d75950bc10f38f7b434054,0.5,8.7025,0.7659580058114587,4,c2c12,c2c12_090325_exp1_F0016_Data
cddb6aae6dd49a9d42a31bb19dc18298049e100ebf0fda8538f095b00c37fd32,0.25,1.5575,0.890032770932247,4,c2c12,c2c12_090318_exp1_F0003_Data
cddb6aae6dd49a9d42a31bb19dc18298049e100ebf0fda8538f095b00c37fd32,0.5,3.28,0.6910861017268398,4,c2c12,c2c12_090318_exp1_F0003_Data
cdfa836521df921d6f111c424fab76604e4416fdb2d1204d844273108994efc0,0.25,6.0925,2.521776820682855,4,c2c12,c2c12_090303_exp1_F0016_Data
cdfa836521df921d6f111c424fab76604e4416fdb2d1204d844273108994efc0,0.5,3.3225000000000002,1.5105710840605948,4,c2c12,c2c12_090303_exp1_F0016_Data
ce49c68e8d7459cdce752f814d966a7eb4480fd54a42dbc649ed225fee2b8cd7,0.25,8.129999999999999,5.619685637708454,4,c2c12,c2c12_090303_exp1_F0007_Data
ce49c68e8d7459cdce752f814d966a7eb4480fd54a42dbc649ed225fee2b8cd7,0.5,7.495,0.6949580323060284,4,c2c12,c2c12_090303_exp1_F0007_Data
ce7569cd5e83d8b7b9c86badbc0d73120528a68415847c5a16be8406ca406080,0.25,14.780000000000001,14.39932174328592,4,c2c12,c2c12_090318_exp1_F0018_Data
ce7569cd5e83d8b7b9c86badbc0d73120528a68415847c5a16be8406ca406080,0.5,15.925,6.390756345431006,4,c2c12,c2c12_090318_exp1_F0018_Data
ceb305f2c5b6caffc9dc5ca7b489ddf2c6170f8eb0430529f4302d3bc2ac7e79,0.25,27.8125,8.10952680493751,4,c2c12,c2c12_090325_exp1_F0007_Data
ceb305f2c5b6caffc9dc5ca7b489ddf2c6170f8eb0430529f4302d3bc2ac7e79,0.5,29.07,6.3892357393770745,4,c2c12,c2c12_090325_exp1_F0007_Data
cec0337f5f66f2374f7dc7a68c26c83b4abd4024f109b6ad0927a506b8fdb432,0.25,7.137499999999999,5.110879735101058,4,c2c12,c2c12_090318_exp1_F0018_Data
cec0337f5f66f2374f7dc7a68c26c83b4abd4024f109b6ad0927a506b8fdb432,0.5,8.067499999999999,1.3528827246537913,4,c2c12,c2c12_090318_exp1_F0018_Data
cec3ece4d2dec13873df78ad6938bbcb05c9d2ee39f24de95edc12df5eba363b,0.25,12.719999999999999,1.6378644632569572,4,c2c12,c2c12_090325_exp1_F0011_Data
cec3ece4d2dec13873df78ad6938bbcb05c9d2ee39f24de95edc12df5eba363b,0.5,11.215,1.5367823528398554,4,c2c12,c2c12_090325_exp1_F0011_Data
cede31bbeb43fc572b4f2ea48fe9169affbdb21ad3702c41f276680b64bc1ce2,0.25,52.345,7.187918103781282,4,c2c12,c2c12_090325_exp1_F0001_Data
cede31bbeb43fc572b4f2ea48fe9169affbdb21ad3702c41f276680b64bc1ce2,0.5,51.835,2.574807436165533,4,c2c12,c2c12_090325_exp1_F0001_Data
cf143040209f5b1713cea2576cd404b380ff02b876a2b4895ebcd653152359c0,0.25,16.38,4.5035615535558815,4,c2c12,c2c12_090325_exp1_F0013_Data
cf143040209f5b1713cea2576cd404b380ff02b876a2b4895ebcd653152359c0,0.5,15.8825,1.0751860304152026,4,c2c12,c2c12_090325_exp1_F0013_Data
cf25c62a3bc06b03439c69badb527b83b4e9d9dc6073f8684b80165d531292fa,0.25,44.715,5.9241342546119515,4,c2c12,c2c12_090303_exp1_F0001_Data
cf25c62a3bc06b03439c69badb527b83b4e9d9dc6073f8684b80165d531292fa,0.5,49.99,4.944350311213799,4,c2c12,c2c12_090303_exp1_F0001_Data
cf4aadb2c62ee52bb8fd7b205f893e59851104b8b8b180765bb10515a2199e87,0.25,30.5925,7.920746492597778,4,c2c12,c2c12_090303_exp1_F0001_Data
cf4aadb2c62ee52bb8fd7b205f893e59851104b8b8b180765bb10515a2199e87,0.5,24.725,1.1360311028605983,4,c2c12,c2c12_090303_exp1_F0001_Data
cf5fbe2fa30f614ac95bd625dd92861945c484b2c4f962fa08b7e9c9abef5b09,0.25,7.9,2.3060933776988883,4,c2c12,c2c12_090303_exp1_F0001_Data
cf5fbe2fa30f614ac95bd625dd92861945c484b2c4f962fa08b7e9c9abef5b09,0.5,5.87,1.1380099589488075,4,c2c12,c2c12_090303_exp1_F0001_Data
cf80bfef534551ccea845c015dc14321d745dacc46c89fec10d796557ac34599,0.25,7.085,4.321901587650202,4,c2c12,c2c12_090303_exp1_F0012_Data
cf80bfef534551ccea845c015dc14321d745dacc46c89fec10d796557ac34599,0.5,5.9925,1.3935177310198341,4,c2c12,c2c12_090303_exp1_F0012_Data
cf83af68c4fbf87335bff4f686ad6248686719de7f6c3a9ca9fa04a6e43f68d9,0.25,12.4275,5.0140361320330875,4,c2c12,c2c12_090325_exp1_F0018_Data
cf83af68c4fbf87335bff4f686ad6248686719de7f6c3a9ca9fa04a6e43f68d9,0.5,18.737499999999997,3.715897155017436,4,c2c12,c2c12_090325_exp1_F0018_Data
cf89681c576557eceb840657adf4705dc7c431cae264849cee3775d056dfcfb0,0.25,9.4875,6.7519250341414985,4,c2c12,c2c12_090325_exp1_F0007_Data
cf89681c576557eceb840657adf4705dc7c431cae264849cee3775d056dfcfb0,0.5,11.115,1.5003221876206014,4,c2c12,c2c12_090325_exp1_F0007_Data
cf98ba92ac28659daea59baf715d403e0786ddcbe3bee7273e971dfc9ae6406e,0.25,4.9,3.270300699731856,4,c2c12,c2c12_090318_exp1_F0018_Data
cf98ba92ac28659daea59baf715d403e0786ddcbe3bee7273e971dfc9ae6406e,0.5,6.8125,1.4397771818352079,4,c2c12,c2c12_090318_exp1_F0018_Data
cfb20417c29d5dbc596b270fd06748e332e6ec9a7064e1cd2c3619782d35f078,0.25,22.7375,8.105057577422468,4,c2c12,c2c12_090318_exp1_F0007_Data
cfb20417c29d5dbc596b270fd06748e332e6ec9a7064e1cd2c3619782d35f078,0.5,28.0575,7.548140499487274,4,c2c12,c2c12_090318_exp1_F0007_Data
cfb24e6316cb095bdcc6fc5c8ceb7959d6013d6d670c04762e2998faecf64927,0.25,4.4625,2.5527942207184138,4,c2c12,c2c12_090303_exp1_F0016_Data
cfb24e6316cb095bdcc6fc5c8ceb7959d6013d6d670c04762e2998faecf64927,0.5,2.575,0.8724104538575864,4,c2c12,c2c12_090303_exp1_F0016_Data
cfb6f7d77ff24d02d843373ec4d78d54ada2d22640eec91b7bc51fd12ebe6756,0.25,18.38,5.312933903848857,4,c2c12,c2c12_090303_exp1_F0005_Data
cfb6f7d77ff24d02d843373ec4d78d54ada2d22640eec91b7bc51fd12ebe6756,0.5,20.53,2.2797075835875655,4,c2c12,c2c12_090303_exp1_F0005_Data
d0635a877d8171f5f8c68dc859d39c350bee881e4a03361eb9a9cd8c366846e7,0.25,7.87,5.243249628490586,4,c2c12,c2c12_090303_exp1_F0012_Data
d0635a877d8171f5f8c68dc859d39c350bee881e4a03361eb9a9cd8c366846e7,0.5,16.97,3.364352339851857,4,c2c12,c2c12_090303_exp1_F0012_Data
d06e00812af6f359dcd1564b6d994ffa7dc3fe1ebd9a27a75e41fc08f5a8de62,0.25,21.395,5.994911731349068,4,c2c12,c2c12_090318_exp1_F0011_Data
d06e00812af6f359dcd1564b6d994ffa7dc3fe1ebd9a27a75e41fc08f5a8de62,0.5,16.325,3.735973768644528,4,c2c12,c2c12_090318_exp1_F0011_Data
d07c632ca78ed13ef51fe3d21a6db31e98fa490ad4b4c92f83281d776e4781ea,0.25,54.54,8.952831954191927,4,c2c12,c2c12_090325_exp1_F0001_Data
d07c632ca78ed13ef51fe3d21a6db31e98fa490ad4b4c92f83281d776e4781ea,0.5,47.06,3.53554333401058,4,c2c12,c2c12_090325_exp1_F0001_Data
d08c6878d3ed5397a37d9b5f9c29fa997a46e8e4ab80e3ef4c68271aa5221ca8,0.25,8.36,8.175128949033974,4,c2c12,c2c12_090325_exp1_F0005_Data
d08c6878d3ed5397a37d9b5f9c29fa997a46e8e4ab80e3ef4c68271aa5221ca8,0.5,8.27,2.5710309216343545,4,c2c12,c2c12_090325_exp1_F0005_Data
d0ac857792f29ffdaf707aa744349e3f985d2c4e335df79cf9a87bc0039f7eee,0.25,11.205,9.682291395463507,4,c2c12,c2c12_090318_exp1_F0011_Data
d0ac857792f29ffdaf707aa744349e3f985d2c4e335df79cf9a87bc0039f7eee,0.5,7.4575,1.9767207693551456,4,c2c12,c2c12_090318_exp1_F0011_Data
d0b86dc6716b66be878b8f03e67a19b97b49a10c4107116f965ec492be3b2f87,0.25,9.2625,5.59379641507745,4,c2c12,c2c12_090325_exp1_F0007_Data
d0b86dc6716b66be878b8f03e67a19b97b49a10c4107116f965ec492be3b2f87,0.5,18.06,4.243214190524285,4,c2c12,c2c12_090325_exp1_F0007_Data
d0df611b41534f9c3d0f17ddd5b2ed107228ab13d00357ae23eef877bebd5096,0.25,29.9375,11.789541622415461,4,c2c12,c2c12_090303_exp1_F0007_Data
d0df611b41534f9c3d0f17ddd5b2ed107228ab13d00357ae23eef877bebd5096,0.5,30.2025,3.1796055835066506,4,c2c12,c2c12_090303_exp1_F0007_Data
d110aed0b0010316a386981d07179d2d8a2ebdc32d610a6176dc951bb6845684,0.25,16.395,8.706202769673277,4,c2c12,c2c12_090318_exp1_F0005_Data
d110aed0b0010316a386981d07179d2d8a2ebdc32d610a6176dc951bb6845684,0.5,25.045,4.30248377878019,4,c2c12,c2c12_090318_exp1_F0005_Data
d13093d879cdffc1684080dc39f49922dc1507202e524033df343d9f95cdd2a9,0.25,5.6925,1.1923471250716657,4,c2c12,c2c12_090303_exp1_F0010_Data
d13093d879cdffc1684080dc39f49922dc1507202e524033df343d9f95cdd2a9,0.5,4.08,0.49369356217529664,4,c2c12,c2c12_090303_exp1_F0010_Data
d1362f28f5b61c86a7749e0c0d67520e31b11c7a3cbec552ddc214e870ae16f4,0.25,11.8275,5.948239935756907,4,c2c12,c2c12_090318_exp1_F0001_Data
d1362f28f5b61c86a7749e0c0d67520e31b11c7a3cbec552ddc214e870ae16f4,0.5,11.8525,1.9934622310609917,4,c2c12,c2c12_090318_exp1_F0001_Data
d14e8ba01681ba7ef474262a8b22ae06b5d1d2212ecfbfd12a094022e68bb390,0.25,40.7375,2.9648313611401274,4,c2c12,c2c12_090303_exp1_F0003_Data
d14e8ba01681ba7ef474262a8b22ae06b5d1d2212ecfbfd12a094022e68bb390,0.5,51.975,7.970305305737458,4,c2c12,c2c12_090303_exp1_F0003_Data
d16099e0a725ce6713f11b16ebaa26a236f6fa78454cd3b1c476aecdd0834fa2,0.25,35.8275,13.440328307002027,4,c2c12,c2c12_090318_exp1_F0013_Data
d16099e0a725ce6713f11b16ebaa26a236f6fa78454cd3b1c476aecdd0834fa2,0.5,55.9475,14.757618089199442,4,c2c12,c2c12_090318_exp1_F0013_Data
d165ff36b21ee74d1f7e3045f95b84030cea586427b73c2fbaacbadf0086e1eb,0.25,8.1075,5.589623571106257,4,c2c12,c2c12_090318_exp1_F0018_Data
d165ff36b21ee74d1f7e3045f95b84030cea586427b73c2fbaacbadf0086e1eb,0.5,10.2075,1.9641176984420603,4,c2c12,c2c12_090318_exp1_F0018_Data
d1a5f1654a053c60ddf456737de4d56b8847538f97b9867728a6375706b9b35c,0.25,7.6175,1.5799024231472856,4,c2c12,c2c12_090303_exp1_F0005_Data
d1a5f1654a053c60ddf456737de4d56b8847538f97b9867728a6375706b9b35c,0.5,7.95,1.8619881847100965,4,c2c12,c2c12_090303_exp1_F0005_Data
d1be4447152552acf8d8ba046ef9b0b23dec05c3e73e48a47cb3174d01134263,0.25,18.245,7.882167637564344,4,c2c12,c2c12_090325_exp1_F0018_Data
d1be4447152552acf8d8ba046ef9b0b23dec05c3e73e48a47cb3174d01134263,0.5,24.985,6.805607981657481,4,c2c12,c2c12_090325_exp1_F0018_Data
d1e581fd2bd61f22ca0ef6fe8ae3a378ad1b65d018a43754ca645044f377248c,0.25,16.985,11.683591057547332,4,c2c12,c2c12_090318_exp1_F0003_Data
d1e581fd2bd61f22ca0ef6fe8ae3a378ad1b65d018a43754ca645044f377248c,0.5,17.9525,2.1152836689200814,4,c2c12,c2c12_090318_exp1_F0003_Data
d21313e6560700a734e284f98dc6f44b9f0a1872aaa96067754f13706aa70f42,0.25,30.9625,11.9713529589043,4,c2c12,c2c12_090325_exp1_F0005_Data
d21313e6560700a734e284f98dc6f44b9f0a1872aaa96067754f13706aa70f42,0.5,38.5925,3.493435510592211,4,c2c12,c2c12_090325_exp1_F0005_Data
d25561073180c807e5b6b843b2bbafea9dc715f9f69aa88a027b6d5c6c40a5b8,0.25,40.54,19.77869055321914,4,c2c12,c2c12_090318_exp1_F0011_Data
d25561073180c807e5b6b843b2bbafea9dc715f9f69aa88a027b6d5c6c40a5b8,0.5,47.1425,1.8529323607010963,4,c2c12,c2c12_090318_exp1_F0011_Data
d2acf6b292071d7026dcd373e3fed072cdefa81ab383b216ac408bee0a7cb60a,0.25,27.177500000000002,3.772570962442808,4,c2c12,c2c12_090318_exp1_F0007_Data
d2acf6b292071d7026dcd373e3fed072cdefa81ab383b216ac408bee0a7cb60a,0.5,27.34,3.396772978382081,4,c2c12,c2c12_090318_exp1_F0007_Data
d2d7312fe98915e575b6c13e0381078f3d7c0a2cdbd6d2b357ef02f498dc90bd,0.25,42.32,5.744168056965836,4,c2c12,c2c12_090318_exp1_F0003_Data
d2d7312fe98915e575b6c13e0381078f3d7c0a2cdbd6d2b357ef02f498dc90bd,0.5,42.3575,2.446485574587896,4,c2c12,c2c12_090318_exp1_F0003_Data
d2e16f6a445bdda46a13920efefcfb879d05152b7a4a4d378c3fd3943451c56a,0.25,16.1825,6.516754688237595,4,c2c12,c2c12_090303_exp1_F0003_Data
d2e16f6a445bdda46a13920efefcfb879d05152b7a4a4d378c3fd3943451c56a,0.5,14.254999999999999,5.430902319136296,4,c2c12,c2c12_090303_exp1_F0003_Data
d2f0f90c6e066d4ebb50df5a80689a9156f776d7c1f1c3269c73b7b5f515ea63,0.25,36.714999999999996,3.6754183435358723,4,c2c12,c2c12_090303_exp1_F0001_Data
d2f0f90c6e066d4ebb50df5a80689a9156f776d7c1f1c3269c73b7b5f515ea63,0.5,41.6225,5.1938192434212915,4,c2c12,c2c12_090303_exp1_F0001_Data
d2f7bbbb06eb70362cdf910de939b8127add66522e9dfcb195c21b44f8c00f41,0.25,45.4125,15.602615966561505,4,c2c12,c2c12_090318_exp1_F0011_Data
d2f7bbbb06eb70362cdf910de939b8127add66522e9dfcb195c21b44f8c00f41,0.5,46.6975,10.754500995707177,4,c2c12,c2c12_090318_exp1_F0011_Data
d309a550305b63d913be89da4389af0a8b4e371ec8d201c4aee83f7cc124c1da,0.25,20.29,4.090631573078499,4,c2c12,c2c12_090303_exp1_F0014_Data
d309a550305b63d913be89da4389af0a8b4e371ec8d201c4aee83f7cc124c1da,0.5,21.5325,1.031483559410104,4,c2c12,c2c12_090303_exp1_F0014_Data
d329a1abdeb639aea4c04ba3eb072b1eb751a0437369169dfc8c20d70ec48085,0.25,9.31,10.986594862224905,4,c2c12,c2c12_090303_exp1_F0007_Data
d329a1abdeb639aea4c04ba3eb072b1eb751a0437369169dfc8c20d70ec48085,0.5,9.215,2.2912805735366994,4,c2c12,c2c12_090303_exp1_F0007_Data
d32d895642a7ee289708bb40493f21d5e9f07ebffc290d93233365053469f832,0.25,5.800000000000001,4.6721658075600585,4,c2c12,c2c12_090303_exp1_F0012_Data
d32d895642a7ee289708bb40493f21d5e9f07ebffc290d93233365053469f832,0.5,4.235,1.7275512534606123,4,c2c12,c2c12_090303_exp1_F0012_Data
d35add2cfa2facf7211ea2ca6e51f68a9f17a69c72feae5fa4ecbf694cad0ed5,0.25,4.5975,9.195,4,c2c12,c2c12_090325_exp1_F0018_Data
d35add2cfa2facf7211ea2ca6e51f68a9f17a69c72feae5fa4ecbf694cad0ed5,0.5,14.5975,2.014420925890781,4,c2c12,c2c12_090325_exp1_F0018_Data
d380d8eb1464a602d0287010c8ab97b3bd68ba640170f0df60f843531b6888bf,0.25,21.052500000000002,5.908165959077317,4,c2c12,c2c12_090318_exp1_F0018_Data
d380d8eb1464a602d0287010c8ab97b3bd68ba640170f0df60f843531b6888bf,0.5,24.8525,2.129293701363592,4,c2c12,c2c12_090318_exp1_F0018_Data
d38338375fecdc48f502fe1132668ab7989aea1a42afcc6b9c2822e9b5496dca,0.25,28.9775,8.460832799829262,4,c2c12,c2c12_090325_exp1_F0018_Data
d38338375fecdc48f502fe1132668ab7989aea1a42afcc6b9c2822e9b5496dca,0.5,21.927500000000002,8.420646748716317,4,c2c12,c2c12_090325_exp1_F0018_Data
d38fa751523fb42d75d7dcc4fc9e03d8b8307eaf2c60a1df0ae826b5e4560321,0.25,1.8275000000000001,1.3729864043997908,4,c2c12,c2c12_090318_exp1_F0016_Data
d38fa751523fb42d75d7dcc4fc9e03d8b8307eaf2c60a1df0ae826b5e4560321,0.5,8.879999999999999,1.0312775248851949,4,c2c12,c2c12_090318_exp1_F0016_Data
d3c2b7edd38c878e7d1d550427f7aacce8880ed66bdc0965e5abd807a7b1cab6,0.25,7.5525,5.577415022511175,4,c2c12,c2c12_090325_exp1_F0003_Data
d3c2b7edd38c878e7d1d550427f7aacce8880ed66bdc0965e5abd807a7b1cab6,0.5,10.5225,2.43076634006644,4,c2c12,c2c12_090325_exp1_F0003_Data
d45d30f78f6b8174fdb4cdca1c52e60dacf1a51597a76a2cffc4a06c20147913,0.25,59.277499999999996,7.269160313727206,4,c2c12,c2c12_090318_exp1_F0003_Data
d45d30f78f6b8174fdb4cdca1c52e60dacf1a51597a76a2cffc4a06c20147913,0.5,51.2875,4.265922135560688,4,c2c12,c2c12_090318_exp1_F0003_Data
d4794b5028e4e1328a07cfa74c1df42e3e861928d80c355550baf6928e3bbe13,0.25,9.4475,6.440126163360467,4,c2c12,c2c12_090318_exp1_F0016_Data
d4794b5028e4e1328a07cfa74c1df42e3e861928d80c355550baf6928e3bbe13,0.5,11.422500000000001,1.008311294524993,4,c2c12,c2c12_090318_exp1_F0016_Data
d48507de4b2ba7e6847aa596a1cfeb6b83b86c0a1abfe49af012c7e4427fe2ba,0.25,26.315,2.0936809690112765,4,c2c12,c2c12_090325_exp1_F0011_Data
d48507de4b2ba7e6847aa596a1cfeb6b83b86c0a1abfe49af012c7e4427fe2ba,0.5,29.75,1.7473599133168476,4,c2c12,c2c12_090325_exp1_F0011_Data
d4b55354dd7879eb95e0670b4735d3db30c513f939209f29aa8c0350734e8560,0.25,33.97,16.418227675361308,4,c2c12,c2c12_090325_exp1_F0003_Data
d4b55354dd7879eb95e0670b4735d3db30c513f939209f29aa8c0350734e8560,0.5,39.375,2.918132964756749,4,c2c12,c2c12_090325_exp1_F0003_Data
d4bc5dd092797b243a6f5bc9118ccead6f2343da174fba910bf1b37704354393,0.25,44.4375,11.274444184378522,4,c2c12,c2c12_090325_exp1_F0003_Data
d4bc5dd092797b243a6f5bc9118ccead6f2343da174fba910bf1b37704354393,0.5,43.9575,4.116708839190192,4,c2c12,c2c12_090325_exp1_F0003_Data
d4ecf75dd9bba02905ed641850f167adcc9da02a5d6098fee72acb4c326bd4a1,0.25,24.252499999999998,6.610680121339005,4,c2c12,c2c12_090325_exp1_F0001_Data
d4ecf75dd9bba02905ed641850f167adcc9da02a5d6098fee72acb4c326bd4a1,0.5,28.215,5.126646077115135,4,c2c12,c2c12_090325_exp1_F0001_Data
d4f0d9c56df87ca1363bf09799d59d7d6a10239aa35a9d6a56b2f5fd6cc3c35b,0.25,20.3175,3.097616018811884,4,c2c12,c2c12_090318_exp1_F0013_Data
d4f0d9c56df87ca1363bf09799d59d7d6a10239aa35a9d6a56b2f5fd6cc3c35b,0.5,19.815,8.037431181664948,4,c2c12,c2c12_090318_exp1_F0013_Data
d514da51671390a0f2f19fd71f8c3b8c080e60dc3a8e859db6048e0ebd98a601,0.25,7.1975,4.420394967270082,4,c2c12,c2c12_090303_exp1_F0005_Data
d514da51671390a0f2f19fd71f8c3b8c080e60dc3a8e859db6048e0ebd98a601,0.5,5.7875,1.1965053280282536,4,c2c12,c2c12_090303_exp1_F0005_Data
d578e47fb16ee61f558d8a524ab8675fb82f1bae7cece1193d5c7ab2a046b3b8,0.25,11.5825,4.532507584108381,4,c2c12,c2c12_090325_exp1_F0001_Data
d578e47fb16ee61f558d8a524ab8675fb82f1bae7cece1193d5c7ab2a046b3b8,0.5,12.4375,1.7631482259488755,4,c2c12,c2c12_090325_exp1_F0001_Data
d58fc7977d973063e9a1daed9ccd8f4da1c9b430784125560cf7184d8b95cd68,0.25,42.185,10.37285399492348,4,c2c12,c2c12_090325_exp1_F0003_Data
d58fc7977d973063e9a1daed9ccd8f4da1c9b430784125560cf7184d8b95cd68,0.5,42.565,3.766045671523381,4,c2c12,c2c12_090325_exp1_F0003_Data
d59cb174a290f7febd9c17c7a947419d8e90e7ed0ccc74b3a21edfdcc5904b02,0.25,5.5075,3.133511076518905,4,c2c12,c2c12_090303_exp1_F0014_Data
d59cb174a290f7febd9c17c7a947419d8e90e7ed0ccc74b3a21edfdcc5904b02,0.5,7.415,1.0195587280779856,4,c2c12,c2c12_090303_exp1_F0014_Data
d5b7fee8db0f463398d54c512a2bf179f60307ea2462dc41db621b583a01d18a,0.25,1.075,1.594584585401477,4,c2c12,c2c12_090303_exp1_F0003_Data
d5b7fee8db0f463398d54c512a2bf179f60307ea2462dc41db621b583a01d18a,0.5,1.4275,0.4242149612323137,4,c2c12,c2c12_090303_exp1_F0003_Data
d5c7ae87e9bdef808634f4a99a4cd4235767800d4dcafacd0e2253470d83a34e,0.25,7.550000000000001,2.517233931653288,4,c2c12,c2c12_090318_exp1_F0016_Data
d5c7ae87e9bdef808634f4a99a4cd4235767800d4dcafacd0e2253470d83a34e,0.5,2.06,0.4120679555607301,4,c2c12,c2c12_090318_exp1_F0016_Data
d5e89cd3a717486895af2969bfe2d90002e702d1309c6776ffc1d7873979d622,0.25,16.0025,4.1590253265238335,4,c2c12,c2c12_090303_exp1_F0005_Data
d5e89cd3a717486895af2969bfe2d90002e702d1309c6776ffc1d7873979d622,0.5,18.745,1.452641272533127,4,c2c12,c2c12_090303_exp1_F0005_Data
d61975b89f06a0e1fdaad1c48a3bc097205f93c4fd4eb9c1f9d8c776d6d92543,0.25,43.3275,4.753261161209918,4,c2c12,c2c12_090318_exp1_F0003_Data
d61975b89f06a0e1fdaad1c48a3bc097205f93c4fd4eb9c1f9d8c776d6d92543,0.5,46.9475,4.661683351179772,4,c2c12,c2c12_090318_exp1_F0003_Data
d67251fc8c38430dc99efb30b806edee0de0181b77a19dac0e357dbfa643b784,0.25,1.0725,0.8585404280909937,4,c2c12,c2c12_090303_exp1_F0003_Data
d67251fc8c38430dc99efb30b806edee0de0181b77a19dac0e357dbfa643b784,0.5,0.78,0.6299735444180704,4,c2c12,c2c12_090303_exp1_F0003_Data
d69417edae9ed89f191d18a7f7e5acef77fc159635ece4b36203faf1b6f6a950,0.25,28.689999999999998,2.7855579931735988,4,c2c12,c2c12_090318_exp1_F0007_Data
d69417edae9ed89f191d18a7f7e5acef77fc159635ece4b36203faf1b6f6a950,0.5,34.6075,1.3598866374322052,4,c2c12,c2c12_090318_exp1_F0007_Data
d69609bf29f32e5b03cb3ec58db8acaf8dcb02d1f9d0a2eb95dd8d7ddf518e5b,0.25,20.369999999999997,6.167106290635828,4,c2c12,c2c12_090325_exp1_F0018_Data
d69609bf29f32e5b03cb3ec58db8acaf8dcb02d1f9d0a2eb95dd8d7ddf518e5b,0.5,17.0175,1.6575559316857655,4,c2c12,c2c12_090325_exp1_F0018_Data
d6a833c8c8d2db9db085beba68fd7c5202e3cf567480cd838cc4e5774c490a73,0.25,36.5625,8.728009987009258,4,c2c12,c2c12_090325_exp1_F0003_Data
d6a833c8c8d2db9db085beba68fd7c5202e3cf567480cd838cc4e5774c490a73,0.5,43.9975,2.644558879410073,4,c2c12,c2c12_090325_exp1_F0003_Data
d6aa3c47785de76536bbdb10fa200696214849873c4823e6491b6e0dd5ee71a3,0.25,2.4175,0.40177730149922614,4,c2c12,c2c12_090318_exp1_F0005_Data
d6aa3c47785de76536bbdb10fa200696214849873c4823e6491b6e0dd5ee71a3,0.5,4.0675,1.4331404909033403,4,c2c12,c2c12_090318_exp1_F0005_Data
d6f33928a1c010017622ca26c729ad657e1f439730fbd9b3f26ab5529274355f,0.25,22.2175,14.428128488014883,4,c2c12,c2c12_090303_exp1_F0001_Data
d6f33928a1c010017622ca26c729ad657e1f439730fbd9b3f26ab5529274355f,0.5,19.6125,1.0420292702222904,4,c2c12,c2c12_090303_exp1_F0001_Data
d73506711be14efad782631fb7d7d9af133a6afe21070c38a219dbf8bb2eb52b,0.25,7.449999999999999,5.036354501687373,4,c2c12,c2c12_090303_exp1_F0016_Data
d73506711be14efad782631fb7d7d9af133a6afe21070c38a219dbf8bb2eb52b,0.5,6.7524999999999995,1.5470267181489354,4,c2c12,c2c12_090303_exp1_F0016_Data
d73730afb5aaae43219b9fc3cb763c711a26846c23c3a1f8bc29416b2dd3f79e,0.25,5.1625,4.800113713930813,4,c2c12,c2c12_090303_exp1_F0007_Data
d73730afb5aaae43219b9fc3cb763c711a26846c23c3a1f8bc29416b2dd3f79e,0.5,7.7875,1.9911366100797805,4,c2c12,c2c12_090303_exp1_F0007_Data
d74f0f0e7c6a204068d94bccd8ff6d12fabffd868428ad4ad59303c43421afce,0.25,28.105,8.61289537070239,4,c2c12,c2c12_090325_exp1_F0001_Data
d74f0f0e7c6a204068d94bccd8ff6d12fabffd868428ad4ad59303c43421afce,0.5,32.6825,1.1981200551975852,4,c2c12,c2c12_090325_exp1_F0001_Data
d786ed9cb33aa9fe832d763e7e957f9c968bf52ee5a135ce3aeb0c68b3d2a7c4,0.25,4.6425,3.763680601042903,4,c2c12,c2c12_090318_exp1_F0016_Data
d786ed9cb33aa9fe832d763e7e957f9c968bf52ee5a135ce3aeb0c68b3d2a7c4,0.5,5.8025,2.446267565087679,4,c2c12,c2c12_090318_exp1_F0016_Data
d787c4280fb3dabf991a91ff377bca954f568666a6da8cf53d23ee24f1dfa1f8,0.25,4.5425,2.056864523167889,4,c2c12,c2c12_090303_exp1_F0014_Data
d787c4280fb3dabf991a91ff377bca954f568666a6da8cf53d23ee24f1dfa1f8,0.5,4.092499999999999,1.2352428910947026,4,c2c12,c2c12_090303_exp1_F0014_Data
d7b8267b4ac983edbf8cdc31b0f7dd841c884bee991d1699922ae7c0a119b9cc,0.25,42.06,11.714364401594024,4,c2c12,c2c12_090303_exp1_F0010_Data
d7b8267b4ac983edbf8cdc31b0f7dd841c884bee991d1699922ae7c0a119b9cc,0.5,37.6025,2.431671236002104,4,c2c12,c2c12_090303_exp1_F0010_Data
d7db7fc7d3177b68644777b20fe51b1b5deb5f84a887f82c81570ae45debba96,0.25,19.465,2.0789981561640056,4,c2c12,c2c12_090325_exp1_F0001_Data
d7db7fc7d3177b68644777b20fe51b1b5deb5f84a887f82c81570ae45debba96,0.5,15.7675,2.1037011036108084,4,c2c12,c2c12_090325_exp1_F0001_Data
d804166b45ffe01d5d8812ea7e1831268bd2af6202e14faa23618a7e5bd573b8,0.25,9.5175,2.463390278998979,4,c2c12,c2c12_090325_exp1_F0005_Data
d804166b45ffe01d5d8812ea7e1831268bd2af6202e14faa23618a7e5bd573b8,0.5,8.1425,0.9719525022688447,4,c2c12,c2c12_090325_exp1_F0005_Data
d859aad2ba840be1ece5803022c91b81f97d66e191825e766563b5ceb557a179,0.25,45.8375,7.577283484204611,4,c2c12,c2c12_090325_exp1_F0013_Data
d859aad2ba840be1ece5803022c91b81f97d66e191825e766563b5ceb557a179,0.5,45.155,4.449962546658864,4,c2c12,c2c12_090325_exp1_F0013_Data
d85df502b6d1901cb694f9cd3f5243aed15e695cf2a96ad2004784a6be31bf29,0.25,9.0225,6.903512994604027,4,c2c12,c2c12_090303_exp1_F0001_Data
d85df502b6d1901cb694f9cd3f5243aed15e695cf2a96ad2004784a6be31bf29,0.5,11.3525,0.9230881142483999,4,c2c12,c2c12_090303_exp1_F0001_Data
d8704dbbdede9d5d1924008a683cfbe23ab8744a7cf76c2a235a3edfe64dc60e,0.25,31.675,4.157262721230562,4,c2c12,c2c12_090325_exp1_F0011_Data
d8704dbbdede9d5d1924008a683cfbe23ab8744a7cf76c2a235a3edfe64dc60e,0.5,38.537499999999994,3.406331115242129,4,c2c12,c2c12_090325_exp1_F0011_Data
d8ab2c170e2f9e068f1bc371e45907c1c04f55c33a2120d4833d12ce36d72f38,0.25,8.3825,4.3325771776161135,4,c2c12,c2c12_090303_exp1_F0016_Data
d8ab2c170e2f9e068f1bc371e45907c1c04f55c33a2120d4833d12ce36d72f38,0.5,10.725,2.16395471301966,4,c2c12,c2c12_090303_exp1_F0016_Data
d8bf930a4e6a6c56ce5b445f14e95c8cd07e75ac416a389fbcf23f5937aea607,0.25,7.33,4.247140214308918,4,c2c12,c2c12_090303_exp1_F0005_Data
d8bf930a4e6a6c56ce5b445f14e95c8cd07e75ac416a389fbcf23f5937aea607,0.5,11.21,1.077651768120544,4,c2c12,c2c12_090303_exp1_F0005_Data
d8f72e0183e2e2dcfaf5a6222f74cafa99378ed8932289378d2265c93df5053b,0.25,8.2725,2.6999552465426784,4,c2c12,c2c12_090325_exp1_F0005_Data
d8f72e0183e2e2dcfaf5a6222f74cafa99378ed8932289378d2265c93df5053b,0.5,10.559999999999999,4.173751310272331,4,c2c12,c2c12_090325_exp1_F0005_Data
d902ea7bf4f3c29a7f59fc7e8386c92bd9d8634789f2c799651d54ae002d6c96,0.25,27.634999999999998,15.201389190904012,4,c2c12,c2c12_090318_exp1_F0007_Data
d902ea7bf4f3c29a7f59fc7e8386c92bd9d8634789f2c799651d54ae002d6c96,0.5,17.66,4.603237990806035,4,c2c12,c2c12_090318_exp1_F0007_Data
d902f79a29e5790647de38020637c56f6e2be68a10a2c9a4cb3fc825fb7522cc,0.25,7.5775,3.95451113708551,4,c2c12,c2c12_090303_exp1_F0005_Data
d902f79a29e5790647de38020637c56f6e2be68a10a2c9a4cb3fc825fb7522cc,0.5,13.2075,2.447221213267544,4,c2c12,c2c12_090303_exp1_F0005_Data
d93175a1e96bc6aac73b6824e951fea03f9cb414532a8f3b8ea6359d87e4d763,0.25,31.0075,6.950737970412447,4,c2c12,c2c12_090325_exp1_F0007_Data
d93175a1e96bc6aac73b6824e951fea03f9cb414532a8f3b8ea6359d87e4d763,0.5,32.0425,2.8994295415937694,4,c2c12,c2c12_090325_exp1_F0007_Data
d964e396a177461c332b467c38fc3d16b78b2b063a832ef529b49a09f6feac5e,0.25,1.7425000000000002,1.6358356681932735,4,c2c12,c2c12_090303_exp1_F0001_Data
d964e396a177461c332b467c38fc3d16b78b2b063a832ef529b49a09f6feac5e,0.5,1.42,0.8140024569987488,4,c2c12,c2c12_090303_exp1_F0001_Data
d9736664b9fb3fd621c386263e8f5b9e691c7cd3b8829dd2247c5e57109bdd29,0.25,35.3125,6.633000201015121,4,c2c12,c2c12_090318_exp1_F0018_Data
d9736664b9fb3fd621c386263e8f5b9e691c7cd3b8829dd2247c5e57109bdd29,0.5,33.9,3.701648281509198,4,c2c12,c2c12_090318_exp1_F0018_Data
d9e8bac2a387a802299520445f8f6fd4a516075df5229b8fbdecf8255fe2120b,0.25,18.735,8.40813296754993,4,c2c12,c2c12_090303_exp1_F0003_Data
d9e8bac2a387a802299520445f8f6fd4a516075df5229b8fbdecf8255fe2120b,0.5,21.925,5.802622970117337,4,c2c12,c2c12_090303_exp1_F0003_Data
da2150f8b39721c1310ae35fea7af1ec36278f20b4143d71b8999b273ba097db,0.25,5.965,3.678165303517502,4,c2c12,c2c12_090318_exp1_F0005_Data
da2150f8b39721c1310ae35fea7af1ec36278f20b4143d71b8999b273ba097db,0.5,4.3,0.6561503892655505,4,c2c12,c2c12_090318_exp1_F0005_Data
da21fddb964f5032a40622cadfb879a9b3f14cf833c4867ac5905cd33ee27411,0.25,9.9875,10.41225679988093,4,c2c12,c2c12_090325_exp1_F0011_Data
da21fddb964f5032a40622cadfb879a9b3f14cf833c4867ac5905cd33ee27411,0.5,16.6025,3.0131641729805123,4,c2c12,c2c12_090325_exp1_F0011_Data
da2fa3460774f61dfbdff7b85bce0b5eae1149d523e56538049b321b48fe93e4,0.25,14.0825,4.737695466504081,4,c2c12,c2c12_090318_exp1_F0005_Data
da2fa3460774f61dfbdff7b85bce0b5eae1149d523e56538049b321b48fe93e4,0.5,13.645,2.0172010311319992,4,c2c12,c2c12_090318_exp1_F0005_Data
da3154c4dddbb070ada5dc795335cf662c0311af371afda44df28447643e7a67,0.25,54.1675,0.9764007032634354,4,c2c12,c2c12_090325_exp1_F0001_Data
da3154c4dddbb070ada5dc795335cf662c0311af371afda44df28447643e7a67,0.5,57.9225,3.2160573688912946,4,c2c12,c2c12_090325_exp1_F0001_Data
da6903e667ce82671f6f2c4a31cba93630941499ea154fdc46fda71bfac087ad,0.25,21.625,3.9047364401027975,4,c2c12,c2c12_090303_exp1_F0005_Data
da6903e667ce82671f6f2c4a31cba93630941499ea154fdc46fda71bfac087ad,0.5,25.560000000000002,6.304347706146926,4,c2c12,c2c12_090303_exp1_F0005_Data
daa99bb04f252e511bfc6201fdf467c846473337e1035e2943fbc364f03c11ca,0.25,3.145,3.526750156541666,4,c2c12,c2c12_090303_exp1_F0005_Data
daa99bb04f252e511bfc6201fdf467c846473337e1035e2943fbc364f03c11ca,0.5,2.675,0.8081872720271379,4,c2c12,c2c12_090303_exp1_F0005_Data
dac1c73090acefb547f65b01c2bdc7648e999d4ca64dd2a66e2e3ee30047a246,0.25,17.0025,5.717180977836308,4,c2c12,c2c12_090325_exp1_F0018_Data
dac1c73090acefb547f65b01c2bdc7648e999d4ca64dd2a66e2e3ee30047a246,0.5,18.1275,2.7671450389646473,4,c2c12,c2c12_090325_exp1_F0018_Data
db16e94c02ce3b01dc0ce31e444ebf627ffc8adc8893eaefb5a19ce70d41e6f8,0.25,29.182499999999997,5.642454400938182,4,c2c12,c2c12_090318_exp1_F0018_Data
db16e94c02ce3b01dc0ce31e444ebf627ffc8adc8893eaefb5a19ce70d41e6f8,0.5,39.894999999999996,4.271248841576275,4,c2c12,c2c12_090318_exp1_F0018_Data
db332d3c890db6cb0be0f94e9295aaabd1d6acba8cb883f9693ab41b7beef476,0.25,8.6925,2.6464236874191815,4,c2c12,c2c12_090303_exp1_F0001_Data
db332d3c890db6cb0be0f94e9295aaabd1d6acba8cb883f9693ab41b7beef476,0.5,8.5525,0.8029269373153878,4,c2c12,c2c12_090303_exp1_F0001_Data
db619f7e06d0d2711b934b9ee324d79c65f3ebd319ecbf61ab213ebd5c8e8aa4,0.25,46.07,18.197551117297802,4,c2c12,c2c12_090318_exp1_F0001_Data
db619f7e06d0d2711b934b9ee324d79c65f3ebd319ecbf61ab213ebd5c8e8aa4,0.5,45.475,2.8969236556503635,4,c2c12,c2c12_090318_exp1_F0001_Data
db7eaffef72be30bbb26f6334ced5633c23e4cd3d70aa30eb9fe9c134f8374ad,0.25,36.542500000000004,28.735662366938172,4,c2c12,c2c12_090318_exp1_F0011_Data
db7eaffef72be30bbb26f6334ced5633c23e4cd3d70aa30eb9fe9c134f8374ad,0.5,49.225,4.212794005566059,4,c2c12,c2c12_090318_exp1_F0011_Data
db8ceac4c7459fa7a49986776226f8c4b47e0ce317914e09948c1d7199b7e49b,0.25,4.2325,4.135056428474304,4,c2c12,c2c12_090303_exp1_F0007_Data
db8ceac4c7459fa7a49986776226f8c4b47e0ce317914e09948c1d7199b7e49b,0.5,4.385,1.942326783353752,4,c2c12,c2c12_090303_exp1_F0007_Data
dbc2dcbfe96f3975725ce048cd56ffb8d6872ab67f31ce11e23545652811f1fb,0.25,1.4925000000000002,1.0574931047844551,4,c2c12,c2c12_090325_exp1_F0018_Data
dbc2dcbfe96f3975725ce048cd56ffb8d6872ab67f31ce11e23545652811f1fb,0.5,6.8075,0.9958371687513304,4,c2c12,c2c12_090325_exp1_F0018_Data
dbc7fd8d279bb1f9848485c6d1017511eee36331a771e9f6aeac14ddb8a1ca03,0.25,5.702500000000001,0.3625258611464848,4,c2c12,c2c12_090325_exp1_F0007_Data
dbc7fd8d279bb1f9848485c6d1017511eee36331a771e9f6aeac14ddb8a1ca03,0.5,3.9625000000000004,1.349354784085095,4,c2c12,c2c12_090325_exp1_F0007_Data
dbc9c8263de9a662ab227ead26dabd48f825d26f8237c4ffd5eccfadd10ab8b8,0.25,3.6425,5.4422199820783925,4,c2c12,c2c12_090318_exp1_F0013_Data
dbc9c8263de9a662ab227ead26dabd48f825d26f8237c4ffd5eccfadd10ab8b8,0.5,8.4675,2.571476553785133,4,c2c12,c2c12_090318_exp1_F0013_Data
dc03402ff6391b96325e08a9bc4872b620425968640066fead7a112987da3805,0.25,2.1225,2.3337005663395063,4,c2c12,c2c12_090325_exp1_F0016_Data
dc03402ff6391b96325e08a9bc4872b620425968640066fead7a112987da3805,0.5,2.5525,0.9107643310245889,4,c2c12,c2c12_090325_exp1_F0016_Data
dc037e4341ff04fbaf1e3c1da2bde486caebf479d79eb222df69e64a9d15fe93,0.25,34.735,6.498689611503743,4,c2c12,c2c12_090303_exp1_F0010_Data
dc037e4341ff04fbaf1e3c1da2bde486caebf479d79eb222df69e64a9d15fe93,0.5,37.915,3.192872270125027,4,c2c12,c2c12_090303_exp1_F0010_Data
dc167f72f94e56dd742105359045b0bbad621b78ba8c027a142159bff80229b5,0.25,20.665,2.623261328956763,4,c2c12,c2c12_090303_exp1_F0001_Data
dc167f72f94e56dd742105359045b0bbad621b78ba8c027a142159bff80229b5,0.5,17.755000000000003,1.9081317215188967,4,c2c12,c2c12_090303_exp1_F0001_Data
dc1d68092a90d97d69108437cce199b10d172e73d130e9e3e6871b0b10858320,0.25,52.425000000000004,9.91321172308282,4,c2c12,c2c12_090318_exp1_F0013_Data
dc1d68092a90d97d69108437cce199b10d172e73d130e9e3e6871b0b10858320,0.5,48.865,3.350368138976171,4,c2c12,c2c12_090318_exp1_F0013_Data
dc3529e74ec2d592d5d92cbb48af929bf6fd4b620a336b939dbd78b46d0e6532,0.25,4.245,2.96268459340511,4,c2c12,c2c12_090325_exp1_F0016_Data
dc3529e74ec2d592d5d92cbb48af929bf6fd4b620a336b939dbd78b46d0e6532,0.5,5.66,0.9424790006502357,4,c2c12,c2c12_090325_exp1_F0016_Data
dc430c97ab5882c5a74a170ada7be3823456164ab7945ddd295b6865e8d54ac2,0.25,11.31,3.896348718137704,4,c2c12,c2c12_090325_exp1_F0013_Data
dc430c97ab5882c5a74a170ada7be3823456164ab7945ddd295b6865e8d54ac2,0.5,9.1225,1.7463557293213015,4,c2c12,c2c12_090325_exp1_F0013_Data
dca43fa9aea378f435caee19643f905c9e32d6bec2280c47d7df50269b7e4999,0.25,38.94,6.753359657730857,4,c2c12,c2c12_090325_exp1_F0013_Data
dca43fa9aea378f435caee19643f905c9e32d6bec2280c47d7df50269b7e4999,0.5,46.2575,2.3801032890752176,4,c2c12,c2c12_090325_exp1_F0013_Data
dcc08de75503adb9b4b53a59c7d6bfd0931aa1d7270aa7379a93d15595432837,0.25,7.8575,4.73628106570264,4,c2c12,c2c12_090303_exp1_F0007_Data
dcc08de75503adb9b4b53a59c7d6bfd0931aa1d7270aa7379a93d15595432837,0.5,5.3375,2.4893422826120153,4,c2c12,c2c12_090303_exp1_F0007_Data
dcc5b93016c33154d5ab405549cbadd09e4e05315ecb32307c398d863a56abbf,0.25,3.4749999999999996,3.4272486535606563,4,c2c12,c2c12_090303_exp1_F0012_Data
dcc5b93016c33154d5ab405549cbadd09e4e05315ecb32307c398d863a56abbf,0.5,2.745,1.4982100431292449,4,c2c12,c2c12_090303_exp1_F0012_Data
dcdba71ad7b501b98007cab16b301230b047f447a3d61d656d54380daf0e3ecf,0.25,1.0675,0.9886817823074654,4,c2c12,c2c12_090318_exp1_F0003_Data
dcdba71ad7b501b98007cab16b301230b047f447a3d61d656d54380daf0e3ecf,0.5,2.59,0.8143709228600934,4,c2c12,c2c12_090318_exp1_F0003_Data
dcf395fda63f9454a109ff36aca5559ef74c4c239a3c4e462f01b25e9e1ee60c,0.25,27.685,13.391899292731656,4,c2c12,c2c12_090303_exp1_F0007_Data
dcf395fda63f9454a109ff36aca5559ef74c4c239a3c4e462f01b25e9e1ee60c,0.5,30.44,3.3308757607171935,4,c2c12,c2c12_090303_exp1_F0007_Data
dcf443dcbb79a053dd3dd7a0751b534f78c5565bc41a9241573675e2aaa722e5,0.25,21.535,3.032891909272953,4,c2c12,c2c12_090318_exp1_F0016_Data
dcf443dcbb79a053dd3dd7a0751b534f78c5565bc41a9241573675e2aaa722e5,0.5,18.697499999999998,2.7834436105898273,4,c2c12,c2c12_090318_exp1_F0016_Data
dd2190c95d6598b6d1d00ffba7575b5d79b140dc4b5b1fc8c68e80de56db87ae,0.25,51.7825,16.928593906957147,4,c2c12,c2c12_090318_exp1_F0001_Data
dd2190c95d6598b6d1d00ffba7575b5d79b140dc4b5b1fc8c68e80de56db87ae,0.5,37.0175,4.353507206839102,4,c2c12,c2c12_090318_exp1_F0001_Data
dd287c6f49692afd82f237b6a12ef0239211dbaff6a4411571fc8d2dd9a71443,0.25,6.8025,5.689595035384036,4,c2c12,c2c12_090318_exp1_F0018_Data
dd287c6f49692afd82f237b6a12ef0239211dbaff6a4411571fc8d2dd9a71443,0.5,9.8775,0.6921644794892795,4,c2c12,c2c12_090318_exp1_F0018_Data
dd9888db51d6201b4b529e74f6c6b773bc83e54dbf30d843272f10ac27d56bcc,0.25,7.2775,2.570400422761663,4,c2c12,c2c12_090303_exp1_F0012_Data
dd9888db51d6201b4b529e74f6c6b773bc83e54dbf30d843272f10ac27d56bcc,0.5,8.735000000000001,1.8190565320150627,4,c2c12,c2c12_090303_exp1_F0012_Data
ddb07159e70613212b134ffc39de929d63a8a9093f7c80379c850c6ceb5ba382,0.25,5.3375,1.2649999999999995,4,c2c12,c2c12_090303_exp1_F0010_Data
ddb07159e70613212b134ffc39de929d63a8a9093f7c80379c850c6ceb5ba382,0.5,4.55,1.44187378088375,4,c2c12,c2c12_090303_exp1_F0010_Data
ddb14d11856b9fc8dc7c5bd8b7ed3c8b3195a19c85dda024456912a698777245,0.25,36.9925,10.471279371054267,4,c2c12,c2c12_090318_exp1_F0013_Data
ddb14d11856b9fc8dc7c5bd8b7ed3c8b3195a19c85dda024456912a698777245,0.5,39.285,3.152083966732697,4,c2c12,c2c12_090318_exp1_F0013_Data
ddedfa3ca66ff472f273cb59a0c36411c9148563be2740f5a9e86d5e95e3fcf5,0.25,19.275,9.024294986313336,4,c2c12,c2c12_090318_exp1_F0007_Data
ddedfa3ca66ff472f273cb59a0c36411c9148563be2740f5a9e86d5e95e3fcf5,0.5,29.435,4.18666533970255,4,c2c12,c2c12_090318_exp1_F0007_Data
ddff3126469f33d39af28c4f3914f22edc7d3651092d3670dafa997e962ece60,0.25,2.1075,1.3340758349259363,4,c2c12,c2c12_090318_exp1_F0016_Data
ddff3126469f33d39af28c4f3914f22edc7d3651092d3670dafa997e962ece60,0.5,4.2625,1.3529566388715744,4,c2c12,c2c12_090318_exp1_F0016_Data
de0cb29e8f494b68ecc64f87dc561ffb549eba0bfab7af12e962887a33460250,0.25,26.365,11.965290078667822,4,c2c12,c2c12_090325_exp1_F0016_Data
de0cb29e8f494b68ecc64f87dc561ffb549eba0bfab7af12e962887a33460250,0.5,20.08,2.9076565592701407,4,c2c12,c2c12_090325_exp1_F0016_Data
de132b712ec82cda90d01d9d990e1347a7b4155c91f4246d494de57aa8dcc2ba,0.25,5.74,1.8271106516391755,4,c2c12,c2c12_090303_exp1_F0005_Data
de132b712ec82cda90d01d9d990e1347a7b4155c91f4246d494de57aa8dcc2ba,0.5,6.2675,1.0611432514038808,4,c2c12,c2c12_090303_exp1_F0005_Data
de6f45f8a18adc0815f3c27ea4195629f6eff374527997a945cde1c939279e26,0.25,50.8075,8.744912330416279,4,c2c12,c2c12_090303_exp1_F0001_Data
de6f45f8a18adc0815f3c27ea4195629f6eff374527997a945cde1c939279e26,0.5,51.6225,4.9016077294427935,4,c2c12,c2c12_090303_exp1_F0001_Data
de890619375219d9aea2a891ec4832c374be02b39558698eb5a4f7663b515582,0.25,15.0725,9.32320179266043,4,c2c12,c2c12_090325_exp1_F0007_Data
de890619375219d9aea2a891ec4832c374be02b39558698eb5a4f7663b515582,0.5,13.695,3.099521468442077,4,c2c12,c2c12_090325_exp1_F0007_Data
de903d0524778aef00db293e92256a20155d5119287f924c35a24b1b3defdb3c,0.25,20.142500000000002,2.2592679492850474,4,c2c12,c2c12_090318_exp1_F0005_Data
de903d0524778aef00db293e92256a20155d5119287f924c35a24b1b3defdb3c,0.5,18.45,1.9013328658250952,4,c2c12,c2c12_090318_exp1_F0005_Data
de9ea24a930c5914d28702121b774c351db4d01aacb81ddaa3f865e8ba6a23ef,0.25,3.455,0.2901149197588201,4,c2c12,c2c12_090325_exp1_F0003_Data
de9ea24a930c5914d28702121b774c351db4d01aacb81ddaa3f865e8ba6a23ef,0.5,4.7775,1.420196582636831,4,c2c12,c2c12_090325_exp1_F0003_Data
dea0bc49ad56bf1cce22a50862a645ce58d2610f5e9c4a4a54c4650f61c7c22c,0.25,33.8375,5.912497357293279,4,c2c12,c2c12_090325_exp1_F0016_Data
dea0bc49ad56bf1cce22a50862a645ce58d2610f5e9c4a4a54c4650f61c7c22c,0.5,34.08,4.058259068451234,4,c2c12,c2c12_090325_exp1_F0016_Data
dea104542754acf38016086b96d8f146632a2ffeb14219431bf983cd579a7862,0.25,41.3375,11.962818438812821,4,c2c12,c2c12_090318_exp1_F0011_Data
dea104542754acf38016086b96d8f146632a2ffeb14219431bf983cd579a7862,0.5,31.957500000000003,10.847987140479106,4,c2c12,c2c12_090318_exp1_F0011_Data
dec131d4b252d9dadd8741ee614af1b240286d3d0530df7b9a9c7f64c71df7a2,0.25,23.17,5.83152924483221,4,c2c12,c2c12_090303_exp1_F0005_Data
dec131d4b252d9dadd8741ee614af1b240286d3d0530df7b9a9c7f64c71df7a2,0.5,21.4775,1.5959819338994221,4,c2c12,c2c12_090303_exp1_F0005_Data
df38d418f8bbb18f334d5924acc5bfb9cd7f139f126201e25d548921fa107117,0.25,18.1425,4.053700983874695,4,c2c12,c2c12_090303_exp1_F0007_Data
df38d418f8bbb18f334d5924acc5bfb9cd7f139f126201e25d548921fa107117,0.5,15.3275,3.3429066693522866,4,c2c12,c2c12_090303_exp1_F0007_Data
df44e60e84f7d0624d42f7fa8347574cae70108ff71d744bf355f6a0b5ab671f,0.25,53.67,19.71648717867021,4,c2c12,c2c12_090318_exp1_F0011_Data
df44e60e84f7d0624d42f7fa8347574cae70108ff71d744bf355f6a0b5ab671f,0.5,53.81,2.7547050658827335,4,c2c12,c2c12_090318_exp1_F0011_Data
df7e8dcac96584fabbbe6a0177c69cc98f5b89d7a6f0fc59a60b68fa0ac61425,0.25,14.0725,6.7261894858827755,4,c2c12,c2c12_090303_exp1_F0005_Data
df7e8dcac96584fabbbe6a0177c69cc98f5b89d7a6f0fc59a60b68fa0ac61425,0.5,16.167499999999997,2.375182449132417,4,c2c12,c2c12_090303_exp1_F0005_Data
df864104aed51c7f7f10c3609bb3b88e8516ac90cf9452ac92dfafd841dc96f7,0.25,1.6199999999999999,1.0507774899251188,4,c2c12,c2c12_090303_exp1_F0007_Data
df864104aed51c7f7f10c3609bb3b88e8516ac90cf9452ac92dfafd841dc96f7,0.5,2.8525,0.2610715099993358,4,c2c12,c2c12_090303_exp1_F0007_Data
dfbbdf328a3df16e42e4413b2325349b07644325a9a755df4caf333b1c58521a,0.25,10.8325,6.895391576988214,4,c2c12,c2c12_090303_exp1_F0016_Data
dfbbdf328a3df16e42e4413b2325349b07644325a9a755df4caf333b1c58521a,0.5,6.945,2.069339669234287,4,c2c12,c2c12_090303_exp1_F0016_Data
e00751c25f6e01fcd6b5afb2a8af73da68658c688773829a0e1dec08f28cb602,0.25,21.0075,8.463983991005653,4,c2c12,c2c12_090318_exp1_F0016_Data
e00751c25f6e01fcd6b5afb2a8af73da68658c688773829a0e1dec08f28cb602,0.5,12.9,3.0323808028236385,4,c2c12,c2c12_090318_exp1_F0016_Data
e04376286e36efe504e5e508bdb31765b91ebd7a726e200bf9110b78072f3095,0.25,35.645,9.543823482581114,4,c2c12,c2c12_090318_exp1_F0011_Data
e04376286e36efe504e5e508bdb31765b91ebd7a726e200bf9110b78072f3095,0.5,37.7675,5.354601603605382,4,c2c12,c2c12_090318_exp1_F0011_Data
e063df6191021de5a22064d23216031d2e6cf947a6cbd53b7767d163627b10cb,0.25,3.94,2.3706961003047184,4,c2c12,c2c12_090303_exp1_F0014_Data
e063df6191021de5a22064d23216031d2e6cf947a6cbd53b7767d163627b10cb,0.5,3.895,0.09110433579144288,4,c2c12,c2c12_090303_exp1_F0014_Data
e08543cf6068e88506ec89891eab7d7f2f8408e706d5d9a850996aa3b2ea0084,0.25,9.605,2.483136457520341,4,c2c12,c2c12_090318_exp1_F0016_Data
e08543cf6068e88506ec89891eab7d7f2f8408e706d5d9a850996aa3b2ea0084,0.5,12.9775,2.0719455430424163,4,c2c12,c2c12_090318_exp1_F0016_Data
e0925aa59f0de8678f025784eca9f1a366270fdb59d799296c551dc51f3d580b,0.25,38.0725,4.360354534515128,4,c2c12,c2c12_090303_exp1_F0014_Data
e0925aa59f0de8678f025784eca9f1a366270fdb59d799296c551dc51f3d580b,0.5,31.43,3.461011412867632,4,c2c12,c2c12_090303_exp1_F0014_Data
e094a2ced48078cbbdfb7317e056a28cf2697853f6292905538cae9b085cd4e1,0.25,1.53,1.2784886911245374,4,c2c12,c2c12_090325_exp1_F0005_Data
e094a2ced48078cbbdfb7317e056a28cf2697853f6292905538cae9b085cd4e1,0.5,5.0425,1.3844704162001198,4,c2c12,c2c12_090325_exp1_F0005_Data
e09b9405d74837e94d4039e5e2ad34644e07d3e7732050229a3f928c5e36272b,0.25,7.7875,8.034249083351433,4,c2c12,c2c12_090325_exp1_F0018_Data
e09b9405d74837e94d4039e5e2ad34644e07d3e7732050229a3f928c5e36272b,0.5,9.7775,2.489596687551352,4,c2c12,c2c12_090325_exp1_F0018_Data
e0aa9525f199c45e29c3df15e107e2487be72635892771cd58ae8c043569ec3b,0.25,42.24,21.722288093108425,4,c2c12,c2c12_090325_exp1_F0013_Data
e0aa9525f199c45e29c3df15e107e2487be72635892771cd58ae8c043569ec3b,0.5,43.9675,5.091505180199665,4,c2c12,c2c12_090325_exp1_F0013_Data
e12484d3068b6b192c22927a0d1ddd637f76fc12d8c66322df3b51d2f43444a5,0.25,9.315,1.8240888136272302,4,c2c12,c2c12_090318_exp1_F0016_Data
e12484d3068b6b192c22927a0d1ddd637f76fc12d8c66322df3b51d2f43444a5,0.5,10.655000000000001,3.8101662255952387,4,c2c12,c2c12_090318_exp1_F0016_Data
e1328f9778aa85ff7a7b1eebff14d9a4f0d1b560a0c17893b48d9fa57cba8302,0.25,11.037500000000001,2.7283374058206222,4,c2c12,c2c12_090318_exp1_F0005_Data
e1328f9778aa85ff7a7b1eebff14d9a4f0d1b560a0c17893b48d9fa57cba8302,0.5,19.6025,2.404195984801017,4,c2c12,c2c12_090318_exp1_F0005_Data
e13968df6221a824068e5d0a2952095ed7b70a1fb06fdd707541d3dc8db2cefb,0.25,35.735,13.628006701886621,4,c2c12,c2c12_090318_exp1_F0018_Data
e13968df6221a824068e5d0a2952095ed7b70a1fb06fdd707541d3dc8db2cefb,0.5,31.5375,3.6922113969814907,4,c2c12,c2c12_090318_exp1_F0018_Data
e167189821910f39bf17f12fdcb97aad81e118dc9a514edd422ebd955d8f1c88,0.25,18.805,11.05495514840894,4,c2c12,c2c12_090318_exp1_F0007_Data
e167189821910f39bf17f12fdcb97aad81e118dc9a514edd422ebd955d8f1c88,0.5,17.29,6.275226423537773,4,c2c12,c2c12_090318_exp1_F0007_Data
e16bfe2d1a04497e14cfce3ff98fe227bfe91b4c5756078ad762175074317c77,0.25,16.002499999999998,9.239409703366697,4,c2c12,c2c12_090318_exp1_F0001_Data
e16bfe2d1a04497e14cfce3ff98fe227bfe91b4c5756078ad762175074317c77,0.5,28.34,7.241468543511507,4,c2c12,c2c12_090318_exp1_F0001_Data
e17006c51b2d82fd7e9e900b2ce9fce9ad5d6e47eff0314c2f3a6706d67b50d0,0.25,10.4075,2.045195589668626,4,c2c12,c2c12_090303_exp1_F0016_Data
e17006c51b2d82fd7e9e900b2ce9fce9ad5d6e47eff0314c2f3a6706d67b50d0,0.5,14.31,2.0680909070928197,4,c2c12,c2c12_090303_exp1_F0016_Data
e17db2e66e0893dcf536ddadbd38348e0cd2be4907777f171242e2906732362d,0.25,21.295,12.026206107219906,4,c2c12,c2c12_090318_exp1_F0013_Data
e17db2e66e0893dcf536ddadbd38348e0cd2be4907777f171242e2906732362d,0.5,13.9675,8.893935668008098,4,c2c12,c2c12_090318_exp1_F0013_Data
e18b993c6b7529dc1747b255c0416ef713d8cb5ab9da2836341c0d6bff01997d,0.25,10.942499999999999,5.442489473271093,4,c2c12,c2c12_090325_exp1_F0001_Data
e18b993c6b7529dc1747b255c0416ef713d8cb5ab9da2836341c0d6bff01997d,0.5,8.715,0.8806626293119669,4,c2c12,c2c12_090325_exp1_F0001_Data
e197f31c447a03ecdd89ab66f6df28d58a2973ad0e06047fd6bddc6ec26c79d4,0.25,2.9675000000000002,2.144331675215691,4,c2c12,c2c12_090303_exp1_F0016_Data
e197f31c447a03ecdd89ab66f6df28d58a2973ad0e06047fd6bddc6ec26c79d4,0.5,9.3375,0.9267281154686096,4,c2c12,c2c12_090303_exp1_F0016_Data
e1afb4d4d259c14787bf9638cfe9905fce5480b22cfdc6766a134e99726b062e,0.25,33.0225,7.303357104784071,4,c2c12,c2c12_090325_exp1_F0003_Data
e1afb4d4d259c14787bf9638cfe9905fce5480b22cfdc6766a134e99726b062e,0.5,37.4825,1.5887809792416352,4,c2c12,c2c12_090325_exp1_F0003_Data
e1b1ae958e444ca74961cb52e18d29810c1a1562f582aca57459b93618be199f,0.25,8.21,2.809650037519501,4,c2c12,c2c12_090325_exp1_F0003_Data
e1b1ae958e444ca74961cb52e18d29810c1a1562f582aca57459b93618be199f,0.5,12.975,1.5850236591294147,4,c2c12,c2c12_090325_exp1_F0003_Data
e1bbfd080246ebbe5b5064c5882212d26a6ff1bb2c82e51e0ffa4e889315ac21,0.25,54.8725,20.25930958843366,4,c2c12,c2c12_090318_exp1_F0001_Data
e1bbfd080246ebbe5b5064c5882212d26a6ff1bb2c82e51e0ffa4e889315ac21,0.5,32.5775,6.23477011070443,4,c2c12,c2c12_090318_exp1_F0001_Data
e1cf27f27b8f1945ac815355cc721da5540bc667185090caedb99ec142622b09,0.25,10.155,12.595524337372119,4,c2c12,c2c12_090318_exp1_F0013_Data
e1cf27f27b8f1945ac815355cc721da5540bc667185090caedb99ec142622b09,0.5,21.5175,8.740127287402625,4,c2c12,c2c12_090318_exp1_F0013_Data
e1f424e03e59cd2935e5acd88f86fb5fc04cfe56d5edb316f2de13c94d6a1f6a,0.25,41.745000000000005,14.93863559142311,4,c2c12,c2c12_090318_exp1_F0011_Data
e1f424e03e59cd2935e5acd88f86fb5fc04cfe56d5edb316f2de13c94d6a1f6a,0.5,49.9225,1.7313843209024056,4,c2c12,c2c12_090318_exp1_F0011_Data
e1f45e32ec5df5b254e35ce452013318bea4d1f1e9f99936e2b12082fa0f6b1b,0.25,22.1675,7.364352766310607,4,c2c12,c2c12_090325_exp1_F0003_Data
e1f45e32ec5df5b254e35ce452013318bea4d1f1e9f99936e2b12082fa0f6b1b,0.5,21.915,1.6612144152195807,4,c2c12,c2c12_090325_exp1_F0003_Data
e1f57f4d977416dc1d5db28eb99cbb0e8a6ddfc78e7cc79494c7e5e2a9336786,0.25,8.5275,3.380634802321402,4,c2c12,c2c12_090318_exp1_F0003_Data
e1f57f4d977416dc1d5db28eb99cbb0e8a6ddfc78e7cc79494c7e5e2a9336786,0.5,6.952500000000001,2.1724697926553547,4,c2c12,c2c12_090318_exp1_F0003_Data
e2057b3b53177e9ba6580cc416244d1e59b3013b49ed082e90eacfacc1bb5752,0.25,9.4775,1.6516128480972772,4,c2c12,c2c12_090303_exp1_F0010_Data
e2057b3b53177e9ba6580cc416244d1e59b3013b49ed082e90eacfacc1bb5752,0.5,8.567499999999999,0.6515302500012305,4,c2c12,c2c12_090303_exp1_F0010_Data
e2286c58d327dd90f445b490fc1b07063a467af8d8243461f17f436c3331375f,0.25,9.685,3.688201910597267,4,c2c12,c2c12_090303_exp1_F0001_Data
e2286c58d327dd90f445b490fc1b07063a467af8d8243461f17f436c3331375f,0.5,9.3825,0.5024191477242884,4,c2c12,c2c12_090303_exp1_F0001_Data
e2929a9b29c80793a4ae033d36908697aa16c5cd69b7c289f48ce3a4513fbcfd,0.25,30.744999999999997,10.161937151285018,4,c2c12,c2c12_090318_exp1_F0005_Data
e2929a9b29c80793a4ae033d36908697aa16c5cd69b7c289f48ce3a4513fbcfd,0.5,27.92,3.1283648551066845,4,c2c12,c2c12_090318_exp1_F0005_Data
e299bbcc4fa4ca6ef16aa4101af5e44d502410437ce534c356250adf839f0cfb,0.25,18.7625,4.796730657437417,4,c2c12,c2c12_090325_exp1_F0003_Data
e299bbcc4fa4ca6ef16aa4101af5e44d502410437ce534c356250adf839f0cfb,0.5,23.9625,2.8673841156473374,4,c2c12,c2c12_090325_exp1_F0003_Data
e301af215ca86b0daa829caf773bce0cca13047da1d2a8df5aa48651b8e866f4,0.25,16.9,6.478374281664601,4,c2c12,c2c12_090325_exp1_F0007_Data
e301af215ca86b0daa829caf773bce0cca13047da1d2a8df5aa48651b8e866f4,0.5,14.4825,1.1308809250609309,4,c2c12,c2c12_090325_exp1_F0007_Data
e34458746fa3efcc6b67b9c3e4c5507e721e93c3a4d5875fa68bb3beec86b28b,0.25,14.432500000000001,6.942959863535628,4,c2c12,c2c12_090325_exp1_F0003_Data
e34458746fa3efcc6b67b9c3e4c5507e721e93c3a4d5875fa68bb3beec86b28b,0.5,12.5425,6.610130482827098,4,c2c12,c2c12_090325_exp1_F0003_Data
e348e15c19596931179257844e959d195014b25382306c16bab4d73e88971981,0.25,8.25,5.827423673173821,4,c2c12,c2c12_090325_exp1_F0018_Data
e348e15c19596931179257844e959d195014b25382306c16bab4d73e88971981,0.5,14.135,3.4780118842043453,4,c2c12,c2c12_090325_exp1_F0018_Data
e350d5228e89f3afcba8b63b48ef909520ab981a0581c4610c026e114559a16c,0.25,7.51,8.3252707663675,4,c2c12,c2c12_090318_exp1_F0018_Data
e350d5228e89f3afcba8b63b48ef909520ab981a0581c4610c026e114559a16c,0.5,11.01,0.7381508427595722,4,c2c12,c2c12_090318_exp1_F0018_Data
e35102b6d868bc6438e811c7164234d04e23daf0a2842ec44d5082bff4a91b67,0.25,16.9175,2.8947351634763865,4,c2c12,c2c12_090318_exp1_F0001_Data
e35102b6d868bc6438e811c7164234d04e23daf0a2842ec44d5082bff4a91b67,0.5,23.145,3.6420186710119977,4,c2c12,c2c12_090318_exp1_F0001_Data
e35ff7aca60e1b0d6db92dea079fb833a31f5fa10acba5df5dad2c2d16074d80,0.25,13.1475,5.355354796836527,4,c2c12,c2c12_090303_exp1_F0016_Data
e35ff7aca60e1b0d6db92dea079fb833a31f5fa10acba5df5dad2c2d16074d80,0.5,15.1425,2.2782065314628523,4,c2c12,c2c12_090303_exp1_F0016_Data
e36f14587a47a90581e08696f9c99b9385d9395a31c52febf132fc7dce86f0fe,0.25,34.69,9.402882536754355,4,c2c12,c2c12_090303_exp1_F0001_Data
e36f14587a47a90581e08696f9c99b9385d9395a31c52febf132fc7dce86f0fe,0.5,36.4825,3.48647266828046,4,c2c12,c2c12_090303_exp1_F0001_Data
e397922262d69948bbf42226d8db200005c80e788b8ad4c0fc295b6572283aa7,0.25,41.4025,9.461195748952663,4,c2c12,c2c12_090325_exp1_F0001_Data
e397922262d69948bbf42226d8db200005c80e788b8ad4c0fc295b6572283aa7,0.5,30.04,1.5224322645030886,4,c2c12,c2c12_090325_exp1_F0001_Data
e3aa4b575f5bcd043092a3d81300c47a03ff719f76cba4923fd455a1416ad36f,0.25,9.91,6.225549507205502,4,c2c12,c2c12_090325_exp1_F0011_Data
e3aa4b575f5bcd043092a3d81300c47a03ff719f76cba4923fd455a1416ad36f,0.5,4.6825,0.8963769668318496,4,c2c12,c2c12_090325_exp1_F0011_Data
e3ad69caa58b463d14e7d62f642b69c88b0d6c8182b4b2ff017d6d26fcbc4559,0.25,8.2425,7.438912891007663,4,c2c12,c2c12_090325_exp1_F0007_Data
e3ad69caa58b463d14e7d62f642b69c88b0d6c8182b4b2ff017d6d26fcbc4559,0.5,12.9825,0.5177113095152545,4,c2c12,c2c12_090325_exp1_F0007_Data
e3b1c271a6941a9db85820d110bfdb985f8b7b0afd8f4c6c68988181515b170c,0.25,1.2474999999999998,2.066678091366271,4,c2c12,c2c12_090325_exp1_F0013_Data
e3b1c271a6941a9db85820d110bfdb985f8b7b0afd8f4c6c68988181515b170c,0.5,2.3024999999999998,0.8184283719422243,4,c2c12,c2c12_090325_exp1_F0013_Data
e3b6ae078932313afd9e75f5e33744bb437bf64d5da40a903787fd6d3a1aaca3,0.25,29.3375,8.71819696573399,4,c2c12,c2c12_090325_exp1_F0011_Data
e3b6ae078932313afd9e75f5e33744bb437bf64d5da40a903787fd6d3a1aaca3,0.5,33.5675,1.5048228024145116,4,c2c12,c2c12_090325_exp1_F0011_Data
e3bad977af342acf1b9e3487b9afe2f9a080e8774d153c7c4e82eddc336a0a21,0.25,5.345,2.5294070451392354,4,c2c12,c2c12_090318_exp1_F0001_Data
e3bad977af342acf1b9e3487b9afe2f9a080e8774d153c7c4e82eddc336a0a21,0.5,9.03,1.9208157989076757,4,c2c12,c2c12_090318_exp1_F0001_Data
e3f132adf298f7f5d9938e1c477ffab24ebf2662d7925d976015beb30d2a005a,0.25,46.6425,3.3054941637623076,4,c2c12,c2c12_090318_exp1_F0013_Data
e3f132adf298f7f5d9938e1c477ffab24ebf2662d7925d976015beb30d2a005a,0.5,41.025,12.770480283320065,4,c2c12,c2c12_090318_exp1_F0013_Data
e44859946c9f9ad97f0dd061d957f34b0274c48bcd03baaa1a6ef3979fd77eb9,0.25,10.6775,4.837625967352168,4,c2c12,c2c12_090325_exp1_F0011_Data
e44859946c9f9ad97f0dd061d957f34b0274c48bcd03baaa1a6ef3979fd77eb9,0.5,11.9175,3.0605922629451974,4,c2c12,c2c12_090325_exp1_F0011_Data
e48b3d9d0e08c46fda516219e32ea634431c211c03213bcc03810b1414aaf002,0.25,12.445,7.112638985168116,4,c2c12,c2c12_090318_exp1_F0005_Data
e48b3d9d0e08c46fda516219e32ea634431c211c03213bcc03810b1414aaf002,0.5,9.96,1.4935416521365137,4,c2c12,c2c12_090318_exp1_F0005_Data
e494f0630b539393e54df8a9c69e7ce7a25be7775199eb5477ad49a426c41bba,0.25,20.32,2.7918094490849468,4,c2c12,c2c12_090325_exp1_F0016_Data
e494f0630b539393e54df8a9c69e7ce7a25be7775199eb5477ad49a426c41bba,0.5,13.49,2.0854895508409212,4,c2c12,c2c12_090325_exp1_F0016_Data
e4991a8b279e650b33a791e9d2e67e47c0822db7b082b990c7011f4d41385f86,0.25,10.46,2.2894686428659967,4,c2c12,c2c12_090303_exp1_F0001_Data
e4991a8b279e650b33a791e9d2e67e47c0822db7b082b990c7011f4d41385f86,0.5,9.1275,0.78728965444746,4,c2c12,c2c12_090303_exp1_F0001_Data
e4ade50f333d9c1dadef5cfc0fbfdf71c545caad7a0a32398fea7727ce1191a0,0.25,21.41,4.559671040765989,4,c2c12,c2c12_090325_exp1_F0013_Data
e4ade50f333d9c1dadef5cfc0fbfdf71c545caad7a0a32398fea7727ce1191a0,0.5,18.805,7.80607669276528,4,c2c12,c2c12_090325_exp1_F0013_Data
e4b7a4415f0d3aab7a27404707d1fe812fc92a07fb1565cfc1ccb7a951972cb6,0.25,2.56,0.5081338406365,4,c2c12,c2c12_090303_exp1_F0012_Data
e4b7a4415f0d3aab7a27404707d1fe812fc92a07fb1565cfc1ccb7a951972cb6,0.5,2.63,0.3317629675938329,4,c2c12,c2c12_090303_exp1_F0012_Data
e4e3655160c951f027e2ed317a71445c0174c623035063d3b9ab32e8826336ff,0.25,6.3475,3.058162574706148,4,c2c12,c2c12_090318_exp1_F0011_Data
e4e3655160c951f027e2ed317a71445c0174c623035063d3b9ab32e8826336ff,0.5,5.515000000000001,1.603839144054041,4,c2c12,c2c12_090318_exp1_F0011_Data
e51117a7aa9c66dbcf7ef4a3f42d7c2287c0c3a8c48435e8c4001add63d82e21,0.25,8.66,5.611898074626801,4,c2c12,c2c12_090325_exp1_F0001_Data
e51117a7aa9c66dbcf7ef4a3f42d7c2287c0c3a8c48435e8c4001add63d82e21,0.5,14.8275,0.5539178639473549,4,c2c12,c2c12_090325_exp1_F0001_Data
e547fe8be9c052cd493484b81dbaf178cf87e416f2578eb445c2010d3f73cf38,0.25,15.3625,4.596320086039846,4,c2c12,c2c12_090318_exp1_F0016_Data
e547fe8be9c052cd493484b81dbaf178cf87e416f2578eb445c2010d3f73cf38,0.5,13.3125,4.118125584939503,4,c2c12,c2c12_090318_exp1_F0016_Data
e5588b5cc5671efffe1833078ee35e34237b23250b160da4c1ab87c0be2d03e8,0.25,20.5175,6.570121130288746,4,c2c12,c2c12_090318_exp1_F0018_Data
e5588b5cc5671efffe1833078ee35e34237b23250b160da4c1ab87c0be2d03e8,0.5,24.015,5.2469070254134795,4,c2c12,c2c12_090318_exp1_F0018_Data
e59caba7f6e92dd4b67646f6291f9c660085ad6e27c8ecd4a026c1ebb16610d1,0.25,33.3,8.44064373532414,4,c2c12,c2c12_090325_exp1_F0011_Data
e59caba7f6e92dd4b67646f6291f9c660085ad6e27c8ecd4a026c1ebb16610d1,0.5,29.0675,3.0750433601278977,4,c2c12,c2c12_090325_exp1_F0011_Data
e5cf390c171c40e16bb899b7f9762a314c139d6ff54879087aeefab592a6a63c,0.25,10.7875,7.639325341066884,4,c2c12,c2c12_090325_exp1_F0013_Data
e5cf390c171c40e16bb899b7f9762a314c139d6ff54879087aeefab592a6a63c,0.5,14.254999999999999,5.97467153908899,4,c2c12,c2c12_090325_exp1_F0013_Data
e5e3046122afa35a81d8ba8ee5415a5afc149bb5b16f3c173f6e3991d76b68c8,0.25,7.5775,2.2811309329657807,4,c2c12,c2c12_090318_exp1_F0003_Data
e5e3046122afa35a81d8ba8ee5415a5afc149bb5b16f3c173f6e3991d76b68c8,0.5,13.165000000000001,1.2844064777164588,4,c2c12,c2c12_090318_exp1_F0003_Data
e5fd4e9baf221f0c05b59e6cc67feefc8116f1b1652f9b30096bef2c10b5c826,0.25,33.53,10.037303754827123,4,c2c12,c2c12_090303_exp1_F0014_Data
e5fd4e9baf221f0c05b59e6cc67feefc8116f1b1652f9b30096bef2c10b5c826,0.5,30.125,5.943604405857892,4,c2c12,c2c12_090303_exp1_F0014_Data
e62f5703ea29d10fe94cdde5171285c8a136a0c0e12cf092a105beb075d2ae77,0.25,15.63,6.110913734186294,4,c2c12,c2c12_090325_exp1_F0001_Data
e62f5703ea29d10fe94cdde5171285c8a136a0c0e12cf092a105beb075d2ae77,0.5,14.22,3.481570526836034,4,c2c12,c2c12_090325_exp1_F0001_Data
e6786631c9fcf04d84d87626304e6621ea7ba812c2e43f9e92e489a7fc427d7a,0.25,4.9875,1.8281388532238645,4,c2c12,c2c12_090318_exp1_F0007_Data
e6786631c9fcf04d84d87626304e6621ea7ba812c2e43f9e92e489a7fc427d7a,0.5,10.9925,3.664699851283867,4,c2c12,c2c12_090318_exp1_F0007_Data
e692f238e0c6646e5653017749e9385eadd14e50b4e068a6af089f6aafa8d15b,0.25,13.6025,8.443507861072908,4,c2c12,c2c12_090318_exp1_F0007_Data
e692f238e0c6646e5653017749e9385eadd14e50b4e068a6af089f6aafa8d15b,0.5,12.94,5.451807039872191,4,c2c12,c2c12_090318_exp1_F0007_Data
e6b52f269edb2df3fda4c9ccf31bea2fa0137688281c31b8aae9141c829b9c7c,0.25,39.052499999999995,7.739553712370415,4,c2c12,c2c12_090325_exp1_F0013_Data
e6b52f269edb2df3fda4c9ccf31bea2fa0137688281c31b8aae9141c829b9c7c,0.5,39.27,5.739924505891461,4,c2c12,c2c12_090325_exp1_F0013_Data
e6c6942b211a3a130f8a258f780094fe06d98644d036e5a066768558acb5a90a,0.25,27.7375,10.712308730303349,4,c2c12,c2c12_090303_exp1_F0014_Data
e6c6942b211a3a130f8a258f780094fe06d98644d036e5a066768558acb5a90a,0.5,32.4675,2.873445956802856,4,c2c12,c2c12_090303_exp1_F0014_Data
e729f98a6d8b8e48f79068cdeab910167a3ea0206682bb10854b31b8413e0d9b,0.25,6.0424999999999995,3.4265179118166014,4,c2c12,c2c12_090325_exp1_F0001_Data
e729f98a6d8b8e48f79068cdeab910167a3ea0206682bb10854b31b8413e0d9b,0.5,5.7725,2.3199910200975635,4,c2c12,c2c12_090325_exp1_F0001_Data
e79b9e133250b61ab3debeca2fef4a2dd7143066a67dfe3ca207975546e5ae00,0.25,13.875,2.0667607505466123,4,c2c12,c2c12_090303_exp1_F0016_Data
e79b9e133250b61ab3debeca2fef4a2dd7143066a67dfe3ca207975546e5ae00,0.5,13.6675,1.1297307938914773,4,c2c12,c2c12_090303_exp1_F0016_Data
e7aeac762b5af1ad4375b3d482bce84b64e4f706fc1bb2b38cb30199c1a9333a,0.25,18.1975,7.14179890970522,4,c2c12,c2c12_090318_exp1_F0003_Data
e7aeac762b5af1ad4375b3d482bce84b64e4f706fc1bb2b38cb30199c1a9333a,0.5,24.0775,4.172779848813819,4,c2c12,c2c12_090318_exp1_F0003_Data
e7da1b72a565e0bb9ced1a017f0cfad19118531eb62ca3a4f32a65938425dfd1,0.25,4.2575,3.722054764060662,4,c2c12,c2c12_090325_exp1_F0007_Data
e7da1b72a565e0bb9ced1a017f0cfad19118531eb62ca3a4f32a65938425dfd1,0.5,9.215,4.213157960485224,4,c2c12,c2c12_090325_exp1_F0007_Data
e7fe78dec21eb1038ada0f9c5a739374ef55418c26c3102ef660b903f33c4385,0.25,29.555,6.618864454471527,4,c2c12,c2c12_090318_exp1_F0018_Data
e7fe78dec21eb1038ada0f9c5a739374ef55418c26c3102ef660b903f33c4385,0.5,34.405,4.064090714210661,4,c2c12,c2c12_090318_exp1_F0018_Data
e8191fb89c995610cd907df9814e6d5fbeae4fbcb1857defb01608d8d2af145b,0.25,7.6375,6.487415381593299,4,c2c12,c2c12_090325_exp1_F0018_Data
e8191fb89c995610cd907df9814e6d5fbeae4fbcb1857defb01608d8d2af145b,0.5,13.1575,3.213880053766786,4,c2c12,c2c12_090325_exp1_F0018_Data
e85445d425b63b14d0c3fc077008b1e798f94713e00c884aa7743c2a5c19bd49,0.25,5.795,2.127635620432534,4,c2c12,c2c12_090325_exp1_F0005_Data
e85445d425b63b14d0c3fc077008b1e798f94713e00c884aa7743c2a5c19bd49,0.5,8.3125,0.8925758604548228,4,c2c12,c2c12_090325_exp1_F0005_Data
e887e73a63ade3229223c483837a50c05352098918d2edc3e7c9643d97cb464f,0.25,3.8875,2.5665719679499865,4,c2c12,c2c12_090318_exp1_F0003_Data
e887e73a63ade3229223c483837a50c05352098918d2edc3e7c9643d97cb464f,0.5,8.2775,0.5928673263611905,4,c2c12,c2c12_090318_exp1_F0003_Data
e88c4c1ce0e3a383722847cb7c33448e822c6de15d60209e3dbf68210a5a8a17,0.25,16.4625,3.891875083641132,4,c2c12,c2c12_090303_exp1_F0010_Data
e88c4c1ce0e3a383722847cb7c33448e822c6de15d60209e3dbf68210a5a8a17,0.5,16.7025,0.7352720584926364,4,c2c12,c2c12_090303_exp1_F0010_Data
e8b9ef38a337506b1ad05f97c9bf7fcaa8ed91e77a72cde2721d8eb502501762,0.25,5.79,5.278175189715981,4,c2c12,c2c12_090318_exp1_F0003_Data
e8b9ef38a337506b1ad05f97c9bf7fcaa8ed91e77a72cde2721d8eb502501762,0.5,7.6825,1.5832956135857885,4,c2c12,c2c12_090318_exp1_F0003_Data
e8cf5081fa406246365116b51ddec25a6241de54114d7c43278ff20f83cf25e5,0.25,40.805,11.559384355002072,4,c2c12,c2c12_090318_exp1_F0018_Data
e8cf5081fa406246365116b51ddec25a6241de54114d7c43278ff20f83cf25e5,0.5,36.68,2.5699675743739125,4,c2c12,c2c12_090318_exp1_F0018_Data
e8ee7fdc2d8e0c744c35e8f7ddb53b7af6e587d4c6d3917e25ea1ec86ac45a4e,0.25,42.935,15.568743259064512,4,c2c12,c2c12_090318_exp1_F0018_Data
e8ee7fdc2d8e0c744c35e8f7ddb53b7af6e587d4c6d3917e25ea1ec86ac45a4e,0.5,32.96,1.7946958888160784,4,c2c12,c2c12_090318_exp1_F0018_Data
e8f255cf56582f1e98a129c0f7c6e8ccead12999814a7f0905f1e44d824274fd,0.25,17.4025,8.159245778052446,4,c2c12,c2c12_090303_exp1_F0005_Data
e8f255cf56582f1e98a129c0f7c6e8ccead12999814a7f0905f1e44d824274fd,0.5,18.1725,3.792205822473247,4,c2c12,c2c12_090303_exp1_F0005_Data
e91ff98bb2b32624a7b1ecc699fd22c1060f0ff8acb34311cbe21050d01e9ad2,0.25,25.9225,10.515304322747868,4,c2c12,c2c12_090325_exp1_F0016_Data
e91ff98bb2b32624a7b1ecc699fd22c1060f0ff8acb34311cbe21050d01e9ad2,0.5,20.7725,2.761465492572135,4,c2c12,c2c12_090325_exp1_F0016_Data
e9517022cfe88c46008ba0bafb1342c9cbb6c4983fe6bd3380bade48203faa9d,0.25,15.6475,9.302681960954413,4,c2c12,c2c12_090303_exp1_F0007_Data
e9517022cfe88c46008ba0bafb1342c9cbb6c4983fe6bd3380bade48203faa9d,0.5,9.855,1.7823299357863012,4,c2c12,c2c12_090303_exp1_F0007_Data
e95b2b4c774b69a81d1b2e2bd58fe7ae3b24f1549ef215c09162b3f565085ccc,0.25,59.58500000000001,9.263942645188028,4,c2c12,c2c12_090325_exp1_F0001_Data
e95b2b4c774b69a81d1b2e2bd58fe7ae3b24f1549ef215c09162b3f565085ccc,0.5,60.955,2.3609955527277022,4,c2c12,c2c12_090325_exp1_F0001_Data
e96f6ea6c7016107bdd9d83ac9f2cdd55f8599b7d90ddccfdb56e353096a2167,0.25,33.1375,12.38927594064049,4,c2c12,c2c12_090318_exp1_F0013_Data
e96f6ea6c7016107bdd9d83ac9f2cdd55f8599b7d90ddccfdb56e353096a2167,0.5,45.05,2.3043871202556216,4,c2c12,c2c12_090318_exp1_F0013_Data
e9aed6518d44a5f4d0833c9078430131f4d02c63c2eced3d54545aa3824120dc,0.25,48.74,9.448163842779186,4,c2c12,c2c12_090325_exp1_F0013_Data
e9aed6518d44a5f4d0833c9078430131f4d02c63c2eced3d54545aa3824120dc,0.5,41.9925,2.308742442687506,4,c2c12,c2c12_090325_exp1_F0013_Data
e9babd9305e661ee1c72355ff5653bf5b164353751e3af0a3fa2ad5ac587ecb2,0.25,47.34,15.459657176017846,4,c2c12,c2c12_090318_exp1_F0011_Data
e9babd9305e661ee1c72355ff5653bf5b164353751e3af0a3fa2ad5ac587ecb2,0.5,51.45,9.959206795724247,4,c2c12,c2c12_090318_exp1_F0011_Data
e9c5b521d99a6e525b0e37e77b286c89e6687f4e6679087dc3f4850a5d1cdc68,0.25,9.7875,5.796064038063531,4,c2c12,c2c12_090318_exp1_F0001_Data
e9c5b521d99a6e525b0e37e77b286c89e6687f4e6679087dc3f4850a5d1cdc68,0.5,10.98,3.364312708414602,4,c2c12,c2c12_090318_exp1_F0001_Data
ea3c41a04bfbc5b4e6d2458d336536771567f39703af1a3a080718d5c9d7b83c,0.25,36.8625,5.686072897879521,4,c2c12,c2c12_090325_exp1_F0016_Data
ea3c41a04bfbc5b4e6d2458d336536771567f39703af1a3a080718d5c9d7b83c,0.5,32.6,4.103908705937141,4,c2c12,c2c12_090325_exp1_F0016_Data
ea73ef4497fe52713ed642615984973c3b6e1ba41e949d42785d9fd4a6672e2f,0.25,18.6075,12.285526375916229,4,c2c12,c2c12_090325_exp1_F0016_Data
ea73ef4497fe52713ed642615984973c3b6e1ba41e949d42785d9fd4a6672e2f,0.5,20.732499999999998,5.449779047508867,4,c2c12,c2c12_090325_exp1_F0016_Data
ea9ffe454cd1dcdef7ccb752ac2e0dc6cd59ba540b03a2a0a86386645a232c78,0.25,8.825,4.6276884078338725,4,c2c12,c2c12_090325_exp1_F0018_Data
ea9ffe454cd1dcdef7ccb752ac2e0dc6cd59ba540b03a2a0a86386645a232c78,0.5,12.2325,2.059245411957173,4,c2c12,c2c12_090325_exp1_F0018_Data
eaa7f07fe7e956a75998794987c0f91304890bc4af7729adf84c6a5d338239c7,0.25,19.7175,6.860084426108277,4,c2c12,c2c12_090318_exp1_F0001_Data
eaa7f07fe7e956a75998794987c0f91304890bc4af7729adf84c6a5d338239c7,0.5,18.475,4.845853897921397,4,c2c12,c2c12_090318_exp1_F0001_Data
eab5edecdad38b3d0c35be50174d62346b61def8423f9222d775475c2548462c,0.25,18.7775,3.7404043899022463,4,c2c12,c2c12_090325_exp1_F0005_Data
eab5edecdad38b3d0c35be50174d62346b61def8423f9222d775475c2548462c,0.5,25.8525,3.585734466837536,4,c2c12,c2c12_090325_exp1_F0005_Data
eb5cbcb8dabe863ff7aa1c6baec30db5f9668436c251d7d2a494a75dd6437b0b,0.25,8.855,8.477525189188961,4,c2c12,c2c12_090318_exp1_F0016_Data
eb5cbcb8dabe863ff7aa1c6baec30db5f9668436c251d7d2a494a75dd6437b0b,0.5,5.13,1.1553065971132226,4,c2c12,c2c12_090318_exp1_F0016_Data
eb6cb012afd4ef5dc6eebeda3110f8d4fb01597c383e5a5805aec5d879c90dca,0.25,9.875,4.257295698758387,4,c2c12,c2c12_090325_exp1_F0007_Data
eb6cb012afd4ef5dc6eebeda3110f8d4fb01597c383e5a5805aec5d879c90dca,0.5,10.455,4.160997476567368,4,c2c12,c2c12_090325_exp1_F0007_Data
eb7842ab528ffa207d626a046bff14345d657e54d0e3ba116677a7af9dc7494d,0.25,13.69,8.439233772485904,4,c2c12,c2c12_090318_exp1_F0001_Data
eb7842ab528ffa207d626a046bff14345d657e54d0e3ba116677a7af9dc7494d,0.5,10.585,1.966087485337314,4,c2c12,c2c12_090318_exp1_F0001_Data
eba124daa52205397200a1c6a128f4d9d1973ca8cbe4039d004b02855dc5f482,0.25,19.6175,10.516588087397928,4,c2c12,c2c12_090325_exp1_F0016_Data
eba124daa52205397200a1c6a128f4d9d1973ca8cbe4039d004b02855dc5f482,0.5,21.175,1.6611742834513166,4,c2c12,c2c12_090325_exp1_F0016_Data
ebc382a8e78a2f7f55a08a980e37ad758da26c34b054bae71fde7ea23f9da86a,0.25,5.85,1.6558985476169732,4,c2c12,c2c12_090318_exp1_F0005_Data
ebc382a8e78a2f7f55a08a980e37ad758da26c34b054bae71fde7ea23f9da86a,0.5,5.6975,0.838147759447382,4,c2c12,c2c12_090318_exp1_F0005_Data
ebeaabd28de06da32dcf7e30fb33e778f679ac8dc2d05d2a2df9a2fa7e97b9bd,0.25,23.3275,9.297398829780295,4,c2c12,c2c12_090318_exp1_F0001_Data
ebeaabd28de06da32dcf7e30fb33e778f679ac8dc2d05d2a2df9a2fa7e97b9bd,0.5,22.6925,5.01101037715948,4,c2c12,c2c12_090318_exp1_F0001_Data
ebf1977c24baa9ddd3364e9c35b1ac483a9a48bea607f2eba84d58578fc1f502,0.25,15.3625,2.383965533867187,4,c2c12,c2c12_090303_exp1_F0014_Data
ebf1977c24baa9ddd3364e9c35b1ac483a9a48bea607f2eba84d58578fc1f502,0.5,17.0675,1.5884452566372358,4,c2c12,c2c12_090303_exp1_F0014_Data
ec0b8f2235be6f78fcae722996962347f66f675e97086caf8427b9ae82c18f33,0.25,32.1425,13.559546145305404,4,c2c12,c2c12_090318_exp1_F0007_Data
ec0b8f2235be6f78fcae722996962347f66f675e97086caf8427b9ae82c18f33,0.5,33.8475,4.046730161500765,4,c2c12,c2c12_090318_exp1_F0007_Data
ec1be9268c014e74484568203f597c6caa64e68987b1e7132ed9734a727334a1,0.25,28.8625,2.667312942519744,4,c2c12,c2c12_090325_exp1_F0016_Data
ec1be9268c014e74484568203f597c6caa64e68987b1e7132ed9734a727334a1,0.5,32.685,2.429821666981617,4,c2c12,c2c12_090325_exp1_F0016_Data
ec6864f01fed245cd87476547efbd5115799dea4801bd10061eb02a3fd7d3be6,0.25,6.3,2.212976878927267,4,c2c12,c2c12_090303_exp1_F0016_Data
ec6864f01fed245cd87476547efbd5115799dea4801bd10061eb02a3fd7d3be6,0.5,3.4475,1.1410046742527689,4,c2c12,c2c12_090303_exp1_F0016_Data
ec8f0bcdf4458ca1be72f4e81c5a91a83acc762c87b3b82ce08cf793ae459757,0.25,1.385,1.7207265907168403,4,c2c12,c2c12_090318_exp1_F0016_Data
ec8f0bcdf4458ca1be72f4e81c5a91a83acc762c87b3b82ce08cf793ae459757,0.5,8.752500000000001,3.189434380366944,4,c2c12,c2c12_090318_exp1_F0016_Data
ecb3e9df2dc49a3e3995bd6f8d38dff8223a5a2edcfab972a7bfffb1552e76ba,0.25,2.6075,1.6705363410194545,4,c2c12,c2c12_090303_exp1_F0005_Data
ecb3e9df2dc49a3e3995bd6f8d38dff8223a5a2edcfab972a7bfffb1552e76ba,0.5,2.8225,0.8420758081471446,4,c2c12,c2c12_090303_exp1_F0005_Data
ecd8223511c50eae40b24fa8debe63b27637310118b9c0dcdb3016b266c1dc10,0.25,10.3475,7.4612214147550935,4,c2c12,c2c12_090325_exp1_F0013_Data
ecd8223511c50eae40b24fa8debe63b27637310118b9c0dcdb3016b266c1dc10,0.5,13.0125,2.1531740137140174,4,c2c12,c2c12_090325_exp1_F0013_Data
ecdf489a1ba81e4fe8c676acd40cf23e917bebb5414683fede31a6e28043cfcc,0.25,1.9449999999999998,1.8499459451562361,4,c2c12,c2c12_090318_exp1_F0016_Data
ecdf489a1ba81e4fe8c676acd40cf23e917bebb5414683fede31a6e28043cfcc,0.5,3.68,0.8441958698469607,4,c2c12,c2c12_090318_exp1_F0016_Data
ece4e1b6bc05c499f600bb932227971c15f8196397b61cef835269cff59e0d42,0.25,5.8149999999999995,2.5124291034773503,4,c2c12,c2c12_090303_exp1_F0014_Data
ece4e1b6bc05c499f600bb932227971c15f8196397b61cef835269cff59e0d42,0.5,6.2,1.5286813489627809,4,c2c12,c2c12_090303_exp1_F0014_Data
ed094107718e14b70cf297af1552aabd6d09cf7de91c1957e098e7de36087853,0.25,30.555,14.559069338388358,4,c2c12,c2c12_090303_exp1_F0010_Data
ed094107718e14b70cf297af1552aabd6d09cf7de91c1957e098e7de36087853,0.5,38.4725,0.9960045180620426,4,c2c12,c2c12_090303_exp1_F0010_Data
ed11c2fc959c812271dfc8dde76dad2c3e475589206657e382176aaabaa8710a,0.25,3.1425,1.6859492874935476,4,c2c12,c2c12_090325_exp1_F0018_Data
ed11c2fc959c812271dfc8dde76dad2c3e475589206657e382176aaabaa8710a,0.5,4.047499999999999,0.48058124529920354,4,c2c12,c2c12_090325_exp1_F0018_Data
ed1fe664a184a5e1f29153590dc5943ce9185c5f8ac92a029b0dfeeacdf11f01,0.25,59.285,20.76013567714174,4,c2c12,c2c12_090318_exp1_F0013_Data
ed1fe664a184a5e1f29153590dc5943ce9185c5f8ac92a029b0dfeeacdf11f01,0.5,54.629999999999995,6.256937483039661,4,c2c12,c2c12_090318_exp1_F0013_Data
ed330961b5da2e52ceb6706beae70bfcf494410afcacf65c511cf4016b42d75a,0.25,4.9275,3.3758394017883417,4,c2c12,c2c12_090325_exp1_F0001_Data
ed330961b5da2e52ceb6706beae70bfcf494410afcacf65c511cf4016b42d75a,0.5,6.22,2.033142067507007,4,c2c12,c2c12_090325_exp1_F0001_Data
ed5f4e6949fc41df0f12af4a431517b6e343550d11604c3db8a4e475ce4210dd,0.25,37.3725,7.203389827018943,4,c2c12,c2c12_090318_exp1_F0018_Data
ed5f4e6949fc41df0f12af4a431517b6e343550d11604c3db8a4e475ce4210dd,0.5,37.3625,2.4379277402471664,4,c2c12,c2c12_090318_exp1_F0018_Data
ed64b3e37feae2f40b4f82d897842340f00853f174a15895b15241499cb5bc9f,0.25,28.6875,5.570256576975008,4,c2c12,c2c12_090325_exp1_F0016_Data
ed64b3e37feae2f40b4f82d897842340f00853f174a15895b15241499cb5bc9f,0.5,34.2825,5.892545431871243,4,c2c12,c2c12_090325_exp1_F0016_Data
ed665bb783788fd06cddbfcdf90b2a2b489222e00e4321b3bce3b38d5f67ea13,0.25,7.115,3.5744883083689984,4,c2c12,c2c12_090303_exp1_F0014_Data
ed665bb783788fd06cddbfcdf90b2a2b489222e00e4321b3bce3b38d5f67ea13,0.5,9.06,0.9610064169053893,4,c2c12,c2c12_090303_exp1_F0014_Data
ed6a83e5fa0a088cb6575d5787ec6bb52a56ecd6bd5070810b65b9a2f96f602d,0.25,7.2700000000000005,4.473522102326086,4,c2c12,c2c12_090303_exp1_F0005_Data
ed6a83e5fa0a088cb6575d5787ec6bb52a56ecd6bd5070810b65b9a2f96f602d,0.5,6.640000000000001,0.3349626844888845,4,c2c12,c2c12_090303_exp1_F0005_Data
ee2ef0167e28f2f306ff0d72efc0c7a2940528a2877a3245b5d7d923269258fd,0.25,49.945,12.48407652438364,4,c2c12,c2c12_090303_exp1_F0003_Data
ee2ef0167e28f2f306ff0d72efc0c7a2940528a2877a3245b5d7d923269258fd,0.5,50.0025,6.101843300730253,4,c2c12,c2c12_090303_exp1_F0003_Data
ee635e19e241b4ba96071c8e1b66d7728e02f411920a213168e820fefb4ba16a,0.25,8.0925,2.9010500972349074,4,c2c12,c2c12_090303_exp1_F0005_Data
ee635e19e241b4ba96071c8e1b66d7728e02f411920a213168e820fefb4ba16a,0.5,8.3325,0.9041524576456489,4,c2c12,c2c12_090303_exp1_F0005_Data
ee63951d0b04f3d94a3c593f8fb58cd52b3a9b6f2f35eb6eb4b4b9d2172e8612,0.25,8.465,7.884404437453302,4,c2c12,c2c12_090325_exp1_F0005_Data
ee63951d0b04f3d94a3c593f8fb58cd52b3a9b6f2f35eb6eb4b4b9d2172e8612,0.5,8.057500000000001,1.4214399975611587,4,c2c12,c2c12_090325_exp1_F0005_Data
ee6954aa9a00f2e44de2344a8a25906b7824d6885985fb84becdd101046a9b7a,0.25,3.915,4.696534183132636,4,c2c12,c2c12_090318_exp1_F0001_Data
ee6954aa9a00f2e44de2344a8a25906b7824d6885985fb84becdd101046a9b7a,0.5,6.2575,1.0844468636129665,4,c2c12,c2c12_090318_exp1_F0001_Data
ee89d92fc135841d47de5e8589fbf633f9eeb9f520cce1afdc676710b055f403,0.25,49.5325,15.731004153157757,4,c2c12,c2c12_090318_exp1_F0001_Data
ee89d92fc135841d47de5e8589fbf633f9eeb9f520cce1afdc676710b055f403,0.5,39.1625,7.009737869564024,4,c2c12,c2c12_090318_exp1_F0001_Data
ee8e97770019601aaa9312691bea5c25031044639313e3859807cd839000bb21,0.25,2.5575,3.72801444024385,4,c2c12,c2c12_090318_exp1_F0003_Data
ee8e97770019601aaa9312691bea5c25031044639313e3859807cd839000bb21,0.5,6.7575,2.336641107801253,4,c2c12,c2c12_090318_exp1_F0003_Data
eea7d1e2985234b5ed0bd500a236c9a5abde09cdc979f6ae5cc72843d920cbb0,0.25,3.4124999999999996,2.072299447473748,4,c2c12,c2c12_090303_exp1_F0001_Data
eea7d1e2985234b5ed0bd500a236c9a5abde09cdc979f6ae5cc72843d920cbb0,0.5,5.0675,1.2012875037503166,4,c2c12,c2c12_090303_exp1_F0001_Data
eec4fcb60ef727c803c421db5cbaf770f68ce44c44eef179ba8ca411b3ec76c0,0.25,2.795,2.1362662131235735,4,c2c12,c2c12_090318_exp1_F0007_Data
eec4fcb60ef727c803c421db5cbaf770f68ce44c44eef179ba8ca411b3ec76c0,0.5,5.8125,1.3246477519199837,4,c2c12,c2c12_090318_exp1_F0007_Data
eee05193a93bd7457a6905be3d64f57026bddb84f1461691a9789dbcb3fe4f98,0.25,5.3475,2.18504576611109,4,c2c12,c2c12_090318_exp1_F0003_Data
eee05193a93bd7457a6905be3d64f57026bddb84f1461691a9789dbcb3fe4f98,0.5,7.705,0.9433804464089056,4,c2c12,c2c12_090318_exp1_F0003_Data
ef08971ecfafbb88f667d91a3a1f82ced5aeec958d1afe71f3e79aa135a5d3f7,0.25,1.08,1.511224668935761,4,c2c12,c2c12_090303_exp1_F0003_Data
ef08971ecfafbb88f667d91a3a1f82ced5aeec958d1afe71f3e79aa135a5d3f7,0.5,5.37,0.8731933730089037,4,c2c12,c2c12_090303_exp1_F0003_Data
ef4930e0952a827a079aec5f7e25391a90f64af4b932c2e38e0375ae1d257210,0.25,8.905,1.7680969053382412,4,c2c12,c2c12_090303_exp1_F0001_Data
ef4930e0952a827a079aec5f7e25391a90f64af4b932c2e38e0375ae1d257210,0.5,7.44,1.0829896890860349,4,c2c12,c2c12_090303_exp1_F0001_Data
efcd8e5a99765b486d3d896842666d12143ec9d023d6fc863d783d1a0104e3ff,0.25,34.95,16.948824934686968,4,c2c12,c2c12_090325_exp1_F0016_Data
efcd8e5a99765b486d3d896842666d12143ec9d023d6fc863d783d1a0104e3ff,0.5,28.4175,5.622409773990747,4,c2c12,c2c12_090325_exp1_F0016_Data
efcf5548104e2940091079f34a3b7b9493d7c2a0d7ecb0086ab1d122dac74850,0.25,18.7775,5.016581671483747,4,c2c12,c2c12_090303_exp1_F0007_Data
efcf5548104e2940091079f34a3b7b9493d7c2a0d7ecb0086ab1d122dac74850,0.5,27.884999999999998,2.5057068197749426,4,c2c12,c2c12_090303_exp1_F0007_Data
eff8a33c38bbbca87e6a8fe4d6ae22e814b5ecc6f078026dbfd44c679bde729e,0.25,1.1,0.8042802165083179,4,c2c12,c2c12_090303_exp1_F0007_Data
eff8a33c38bbbca87e6a8fe4d6ae22e814b5ecc6f078026dbfd44c679bde729e,0.5,1.855,1.1392834005051888,4,c2c12,c2c12_090303_exp1_F0007_Data
effbd27112f05528e3e1bfcb761799072ac4e63a100e725681d41944fad0cd88,0.25,14.615,6.841332716169659,4,c2c12,c2c12_090325_exp1_F0007_Data
effbd27112f05528e3e1bfcb761799072ac4e63a100e725681d41944fad0cd88,0.5,12.815,4.09279448136193,4,c2c12,c2c12_090325_exp1_F0007_Data
f0409d626bd3e35eda4aeccc19c11c72fe60f7a9ba83bbbf251f0eaea488bbc4,0.25,15.592500000000001,4.520946619164325,4,c2c12,c2c12_090303_exp1_F0007_Data
f0409d626bd3e35eda4aeccc19c11c72fe60f7a9ba83bbbf251f0eaea488bbc4,0.5,11.45,1.6055528642807126,4,c2c12,c2c12_090303_exp1_F0007_Data
f06388530e21a5b16421b78866a81524ddd97373b251fd4760f074e2897d0436,0.25,5.1899999999999995,4.4734848459189696,4,c2c12,c2c12_090325_exp1_F0011_Data
f06388530e21a5b16421b78866a81524ddd97373b251fd4760f074e2897d0436,0.5,9.5825,1.6525409727648712,4,c2c12,c2c12_090325_exp1_F0011_Data
f07310eddd0f2772e1dda7a69d70ee330aafea5f0ca307467e3db1bb9762f006,0.25,35.5025,13.352686059366478,4,c2c12,c2c12_090303_exp1_F0003_Data
f07310eddd0f2772e1dda7a69d70ee330aafea5f0ca307467e3db1bb9762f006,0.5,30.6375,3.239612888396801,4,c2c12,c2c12_090303_exp1_F0003_Data
f0c69c012d2437ecad8beb259add583a191a721ea859fca799437457c9037288,0.25,5.6899999999999995,2.1567259136632697,4,c2c12,c2c12_090318_exp1_F0005_Data
f0c69c012d2437ecad8beb259add583a191a721ea859fca799437457c9037288,0.5,4.7825,0.2707243370416976,4,c2c12,c2c12_090318_exp1_F0005_Data
f0fe3c023bd715f0e917aea323a424ddd267312e6dc0d348e15bd2f9c74551ac,0.25,12.334999999999999,3.2799034538636445,4,c2c12,c2c12_090303_exp1_F0003_Data
f0fe3c023bd715f0e917aea323a424ddd267312e6dc0d348e15bd2f9c74551ac,0.5,6.9125,2.425013745665509,4,c2c12,c2c12_090303_exp1_F0003_Data
f0fed6640ace71620bfd136236558cbb4053c6417db3bfdad471d77e03807dad,0.25,18.79,8.719980886829203,4,c2c12,c2c12_090325_exp1_F0005_Data
f0fed6640ace71620bfd136236558cbb4053c6417db3bfdad471d77e03807dad,0.5,16.1325,5.105985866281522,4,c2c12,c2c12_090325_exp1_F0005_Data
f15c78555a5505f57dc31e0efa68fad028b1915e4ecc4b7efb045a8941455f39,0.25,8.86,5.900310726281004,4,c2c12,c2c12_090318_exp1_F0003_Data
f15c78555a5505f57dc31e0efa68fad028b1915e4ecc4b7efb045a8941455f39,0.5,8.415,0.5531425373867629,4,c2c12,c2c12_090318_exp1_F0003_Data
f16263004d7329f646b38e830500f01617bb546d9eb083d7a870282f622fce8b,0.25,9.33,1.7337243148782333,4,c2c12,c2c12_090325_exp1_F0003_Data
f16263004d7329f646b38e830500f01617bb546d9eb083d7a870282f622fce8b,0.5,8.2925,2.3542072267892356,4,c2c12,c2c12_090325_exp1_F0003_Data
f1746ebec35e7b0ced975d43a715e9909a129bfe2594fbe002b3a13b5503723d,0.25,6.2575,1.5925320509595193,4,c2c12,c2c12_090318_exp1_F0001_Data
f1746ebec35e7b0ced975d43a715e9909a129bfe2594fbe002b3a13b5503723d,0.5,6.64,0.6266312046703918,4,c2c12,c2c12_090318_exp1_F0001_Data
f1edd4290b9ed2876ff76bb6f860de443fc29580337fd9f8438367453afa7f2f,0.25,56.975,14.311732948877994,4,c2c12,c2c12_090318_exp1_F0003_Data
f1edd4290b9ed2876ff76bb6f860de443fc29580337fd9f8438367453afa7f2f,0.5,52.065,7.100842672997809,4,c2c12,c2c12_090318_exp1_F0003_Data
f21d32d1eafdf58a0d45ed5fef58bfafd34b6eb6dc39dc513ea2b40a04e13355,0.25,3.26,2.61024903026512,4,c2c12,c2c12_090325_exp1_F0013_Data
f21d32d1eafdf58a0d45ed5fef58bfafd34b6eb6dc39dc513ea2b40a04e13355,0.5,4.779999999999999,2.1344632424413716,4,c2c12,c2c12_090325_exp1_F0013_Data
f2c75b99ff628f6812babd7af5d2c41b1ef06d126f3432643944cfe32e9719f0,0.25,11.1175,9.220265270948914,4,c2c12,c2c12_090303_exp1_F0003_Data
f2c75b99ff628f6812babd7af5d2c41b1ef06d126f3432643944cfe32e9719f0,0.5,16.905,2.918738311896655,4,c2c12,c2c12_090303_exp1_F0003_Data
f2f41eb97cbd369bfb2a499c3fc21b646eb0119dff70cd85a182320cb1b8b4d1,0.25,7.345,3.1726592421290167,4,c2c12,c2c12_090303_exp1_F0010_Data
f2f41eb97cbd369bfb2a499c3fc21b646eb0119dff70cd85a182320cb1b8b4d1,0.5,4.7725,1.5337617155216778,4,c2c12,c2c12_090303_exp1_F0010_Data
f2fc25ed138d533abbaa5e179ac668c1bd82cd8b9965e5eec5161f1ac35b17ee,0.25,3.9074999999999998,1.5570137015025485,4,c2c12,c2c12_090303_exp1_F0005_Data
f2fc25ed138d533abbaa5e179ac668c1bd82cd8b9965e5eec5161f1ac35b17ee,0.5,4.1450000000000005,0.5492722457943786,4,c2c12,c2c12_090303_exp1_F0005_Data
f301abbad82f87eb3dc4313ddb83690de1c84b374e5f67d51d80467ab2f0005b,0.25,0.58,0.7666811592833099,4,c2c12,c2c12_090303_exp1_F0001_Data
f301abbad82f87eb3dc4313ddb83690de1c84b374e5f67d51d80467ab2f0005b,0.5,1.5750000000000002,0.29580398915498074,4,c2c12,c2c12_090303_exp1_F0001_Data
f305c4070722dd7ae1b7b79078c71b639b93203870b79b1866b0073c170100de,0.25,32.5325,5.307443672177157,4,c2c12,c2c12_090325_exp1_F0001_Data
f305c4070722dd7ae1b7b79078c71b639b93203870b79b1866b0073c170100de,0.5,31.7425,0.6406442070291438,4,c2c12,c2c12_090325_exp1_F0001_Data
f327e9375daacefcb448eecdd638012cea8cb1896c3c6421e388235a30ef617e,0.25,22.262500000000003,10.257408298395848,4,c2c12,c2c12_090318_exp1_F0018_Data
f327e9375daacefcb448eecdd638012cea8cb1896c3c6421e388235a30ef617e,0.5,26.009999999999998,2.472771724199386,4,c2c12,c2c12_090318_exp1_F0018_Data
f3358c0986f60dfa8ab1d2bb44f61c9984140d4f43a8db9c5d1d0be574ab1bb1,0.25,20.9075,6.08766170216447,4,c2c12,c2c12_090303_exp1_F0007_Data
f3358c0986f60dfa8ab1d2bb44f61c9984140d4f43a8db9c5d1d0be574ab1bb1,0.5,22.225,2.3890095576758728,4,c2c12,c2c12_090303_exp1_F0007_Data
f34266e3dab59e4cb19b712de4c064477235951e84e9a557850f9aa6328d505d,0.25,27.104999999999997,11.466375480798918,4,c2c12,c2c12_090325_exp1_F0018_Data
f34266e3dab59e4cb19b712de4c064477235951e84e9a557850f9aa6328d505d,0.5,26.7875,4.956062785451103,4,c2c12,c2c12_090325_exp1_F0018_Data
f34f34b526eced062334c431aa001821d4b73c38f592c5bb73fffb59b59e7717,0.25,6.5675,0.9380964769148216,4,c2c12,c2c12_090318_exp1_F0003_Data
f34f34b526eced062334c431aa001821d4b73c38f592c5bb73fffb59b59e7717,0.5,7.2525,1.8853182755174256,4,c2c12,c2c12_090318_exp1_F0003_Data
f3543b0339d7010b9fae794091034863044dda9c3a22a913ab9f556e8db1d6ce,0.25,5.8175,2.7445385161565263,4,c2c12,c2c12_090325_exp1_F0016_Data
f3543b0339d7010b9fae794091034863044dda9c3a22a913ab9f556e8db1d6ce,0.5,8.754999999999999,1.0043405796840021,4,c2c12,c2c12_090325_exp1_F0016_Data
f365907e8b7c8f9008c2da7894569cc8676cd470320f2dd0f1b20f916e2adac3,0.25,44.69,17.44151560692667,4,c2c12,c2c12_090318_exp1_F0013_Data
f365907e8b7c8f9008c2da7894569cc8676cd470320f2dd0f1b20f916e2adac3,0.5,45.5675,6.451611555779428,4,c2c12,c2c12_090318_exp1_F0013_Data
f384c8801db14bc0c09afc63cf07e703330cb1e30958040fbcc7cd42650476c4,0.25,14.997499999999999,3.957805578853009,4,c2c12,c2c12_090303_exp1_F0014_Data
f384c8801db14bc0c09afc63cf07e703330cb1e30958040fbcc7cd42650476c4,0.5,19.0425,3.416883326463851,4,c2c12,c2c12_090303_exp1_F0014_Data
f385c59fdcfa17ca1cc05421ee3431d05e60d237cab91ee2d3d38c825ab7ae40,0.25,19.475,4.855817816461679,4,c2c12,c2c12_090318_exp1_F0003_Data
f385c59fdcfa17ca1cc05421ee3431d05e60d237cab91ee2d3d38c825ab7ae40,0.5,24.09,2.764838753586424,4,c2c12,c2c12_090318_exp1_F0003_Data
f3a113356bfeb27d92294fc53ea84aef8294816d68829aa7d5b25cca51769795,0.25,9.22,3.8337536001504673,4,c2c12,c2c12_090303_exp1_F0014_Data
f3a113356bfeb27d92294fc53ea84aef8294816d68829aa7d5b25cca51769795,0.5,11.525,1.9262831221465515,4,c2c12,c2c12_090303_exp1_F0014_Data
f3b1b44fb4b733bd458436535380a6e9a4b30789bc532615c873c3a548ed8927,0.25,25.28,9.665384972501958,4,c2c12,c2c12_090325_exp1_F0007_Data
f3b1b44fb4b733bd458436535380a6e9a4b30789bc532615c873c3a548ed8927,0.5,25.0125,5.042448975117811,4,c2c12,c2c12_090325_exp1_F0007_Data
f3b3c60890534f0131221f52c14cbdd49c2a9eb50db5d5932236fc7bca9732de,0.25,30.6175,7.742115882194824,4,c2c12,c2c12_090303_exp1_F0003_Data
f3b3c60890534f0131221f52c14cbdd49c2a9eb50db5d5932236fc7bca9732de,0.5,23.6,1.7415893124767772,4,c2c12,c2c12_090303_exp1_F0003_Data
f3c38ad220383ecf5df137cd4ae404e8ebb3c2a3594f941cdaf64d1f2553954f,0.25,7.7924999999999995,2.0931853716286093,4,c2c12,c2c12_090325_exp1_F0005_Data
f3c38ad220383ecf5df137cd4ae404e8ebb3c2a3594f941cdaf64d1f2553954f,0.5,9.22,0.692387174924551,4,c2c12,c2c12_090325_exp1_F0005_Data
f3d58609829ad470007ccd3c49d60a5f17c5c55102b3aee6876651ac5bb23f0f,0.25,7.7075000000000005,7.694571138146688,4,c2c12,c2c12_090303_exp1_F0003_Data
f3d58609829ad470007ccd3c49d60a5f17c5c55102b3aee6876651ac5bb23f0f,0.5,11.9625,5.690790074028971,4,c2c12,c2c12_090303_exp1_F0003_Data
f3ead4ad9d6e99fc372aee6e3f1ef74a029baedd6d84e31c13fdef7d04ddb013,0.25,22.4575,13.018011560910521,4,c2c12,c2c12_090318_exp1_F0003_Data
f3ead4ad9d6e99fc372aee6e3f1ef74a029baedd6d84e31c13fdef7d04ddb013,0.5,27.6,3.9196768574292795,4,c2c12,c2c12_090318_exp1_F0003_Data
f3f13bc04d4c28cd24e7b18c6d95a23f6c1ac6b1aa442b7bd7ebadcc85db3094,0.25,11.2775,5.016648117352196,4,c2c12,c2c12_090325_exp1_F0001_Data
f3f13bc04d4c28cd24e7b18c6d95a23f6c1ac6b1aa442b7bd7ebadcc85db3094,0.5,15.305,1.3844252718486958,4,c2c12,c2c12_090325_exp1_F0001_Data
f428ca82848fbf0b2873555256e536c91df8d12c46343e255cb5365799e7ce17,0.25,19.0175,7.922408619437232,4,c2c12,c2c12_090325_exp1_F0005_Data
f428ca82848fbf0b2873555256e536c91df8d12c46343e255cb5365799e7ce17,0.5,23.055,1.2916268811076987,4,c2c12,c2c12_090325_exp1_F0005_Data
f4334e1c482f0d482147b37bdf98f829885ad9fb26933425d36eec2ac2f937f0,0.25,7.9725,5.246378909940328,4,c2c12,c2c12_090303_exp1_F0003_Data
f4334e1c482f0d482147b37bdf98f829885ad9fb26933425d36eec2ac2f937f0,0.5,10.9625,6.132929560984702,4,c2c12,c2c12_090303_exp1_F0003_Data
f45cd7305c1abee428b0b5495923b60d8d5870b6850a922c1529d40240e5a7bc,0.25,6.3925,4.250116665065404,4,c2c12,c2c12_090325_exp1_F0013_Data
f45cd7305c1abee428b0b5495923b60d8d5870b6850a922c1529d40240e5a7bc,0.5,4.904999999999999,2.1977640152360913,4,c2c12,c2c12_090325_exp1_F0013_Data
f45f67fe15dd176075cd5623e4ee0ac0c9ceefaf7f3b802e462bb462cadfadd6,0.25,6.5,2.982761583946439,4,c2c12,c2c12_090318_exp1_F0005_Data
f45f67fe15dd176075cd5623e4ee0ac0c9ceefaf7f3b802e462bb462cadfadd6,0.5,4.5575,1.2354587542015851,4,c2c12,c2c12_090318_exp1_F0005_Data
f46195cc9b5272c6e80633421e03b9734a398ad85b3ec2f21fdfe26b5e1d9ded,0.25,9.2375,4.922251348045256,4,c2c12,c2c12_090318_exp1_F0007_Data
f46195cc9b5272c6e80633421e03b9734a398ad85b3ec2f21fdfe26b5e1d9ded,0.5,7.545,0.39534794801541645,4,c2c12,c2c12_090318_exp1_F0007_Data
f46d4b80394086a44233a9c25d509144af556df1af5e5cafd39e11785d1f6d0c,0.25,29.427500000000002,12.820484585225316,4,c2c12,c2c12_090325_exp1_F0011_Data
f46d4b80394086a44233a9c25d509144af556df1af5e5cafd39e11785d1f6d0c,0.5,33.7525,4.798766334521126,4,c2c12,c2c12_090325_exp1_F0011_Data
f47ba2c1b6f24acae5028fa0ce585aae31f1d26d36cfc9dfcce02a7b7e015caa,0.25,11.625,9.72711159594666,4,c2c12,c2c12_090318_exp1_F0013_Data
f47ba2c1b6f24acae5028fa0ce585aae31f1d26d36cfc9dfcce02a7b7e015caa,0.5,7.175000000000001,4.708244541935632,4,c2c12,c2c12_090318_exp1_F0013_Data
f4cfa8854d36b7f7e841ab29b1fae502f873e981185dabd7faea1580139dad94,0.25,25.810000000000002,5.812750353031401,4,c2c12,c2c12_090325_exp1_F0011_Data
f4cfa8854d36b7f7e841ab29b1fae502f873e981185dabd7faea1580139dad94,0.5,35.4725,5.036747462400708,4,c2c12,c2c12_090325_exp1_F0011_Data
f4db4fae60d0a7088644eb7a46ffd453fa449de8cf03d44dce8e7a71a04b15c7,0.25,8.895,9.71593364873735,4,c2c12,c2c12_090318_exp1_F0003_Data
f4db4fae60d0a7088644eb7a46ffd453fa449de8cf03d44dce8e7a71a04b15c7,0.5,7.1825,1.892377252734419,4,c2c12,c2c12_090318_exp1_F0003_Data
f4db914f31a103dc9374568e9e0af477b6fc50d3abf60cbb9bd25a89e64ac12d,0.25,4.1475,1.482461354189939,4,c2c12,c2c12_090303_exp1_F0014_Data
f4db914f31a103dc9374568e9e0af477b6fc50d3abf60cbb9bd25a89e64ac12d,0.5,5.68,1.4162626874983328,4,c2c12,c2c12_090303_exp1_F0014_Data
f4ff3136b6e552f33f5a02a118a8268bcd78ced3ed6cf4baef64751d7e147e6f,0.25,30.3825,5.493367971169113,4,c2c12,c2c12_090303_exp1_F0005_Data
f4ff3136b6e552f33f5a02a118a8268bcd78ced3ed6cf4baef64751d7e147e6f,0.5,32.675,0.4074718804203945,4,c2c12,c2c12_090303_exp1_F0005_Data
f52eeac506d7de8f169acab742df0f2fcc6d17396c2292f64d5b2f174c75106f,0.25,29.0275,13.654414121448053,4,c2c12,c2c12_090318_exp1_F0018_Data
f52eeac506d7de8f169acab742df0f2fcc6d17396c2292f64d5b2f174c75106f,0.5,22.6625,7.416442880518935,4,c2c12,c2c12_090318_exp1_F0018_Data
f54c0e48db855f3d8f600002efdda9cd18f78db5826a9f7c56f381872b7af4a1,0.25,4.17,2.155782920425895,4,c2c12,c2c12_090325_exp1_F0007_Data
f54c0e48db855f3d8f600002efdda9cd18f78db5826a9f7c56f381872b7af4a1,0.5,11.9175,2.4235562712674943,4,c2c12,c2c12_090325_exp1_F0007_Data
f56f58fc4b995c88466cf98f9ed8fd2f0cadf0e001df60c8bbbb65fa08966456,0.25,45.9375,18.64786739370841,4,c2c12,c2c12_090318_exp1_F0013_Data
f56f58fc4b995c88466cf98f9ed8fd2f0cadf0e001df60c8bbbb65fa08966456,0.5,59.855,12.469061712895638,4,c2c12,c2c12_090318_exp1_F0013_Data
f580bfe46f0a91dc293e549738c8b8439ac18867bbc89c8f2ae4009b92adf02f,0.25,33.9775,15.694428682391298,4,c2c12,c2c12_090318_exp1_F0011_Data
f580bfe46f0a91dc293e549738c8b8439ac18867bbc89c8f2ae4009b92adf02f,0.5,43.425,11.444164451806868,4,c2c12,c2c12_090318_exp1_F0011_Data
f58ed51cef9874c78d119d3994ad4612b5de5a33d737a1d4e7a5c264524dc594,0.25,46.0075,4.954757814464802,4,c2c12,c2c12_090318_exp1_F0013_Data
f58ed51cef9874c78d119d3994ad4612b5de5a33d737a1d4e7a5c264524dc594,0.5,54.457499999999996,2.8265099209684945,4,c2c12,c2c12_090318_exp1_F0013_Data
f592015121a4f0b119cf15b46cd90741093b88deb38a2b5d528f56a4892a7402,0.25,3.5599999999999996,4.2476110933088025,4,c2c12,c2c12_090325_exp1_F0013_Data
f592015121a4f0b119cf15b46cd90741093b88deb38a2b5d528f56a4892a7402,0.5,3.3825,0.6207186695006579,4,c2c12,c2c12_090325_exp1_F0013_Data
f5b109a52e6e82282536fa04609d5fb7000e4971824b40ab5f7dcbbdbfc7754f,0.25,38.269999999999996,13.954836676459768,4,c2c12,c2c12_090303_exp1_F0003_Data
f5b109a52e6e82282536fa04609d5fb7000e4971824b40ab5f7dcbbdbfc7754f,0.5,42.23,8.716218599063856,4,c2c12,c2c12_090303_exp1_F0003_Data
f5cd00a179665f51350e2b07d23be9c5c4eda737da74cef16fe1aa7ad6134e48,0.25,45.989999999999995,7.630111401545852,4,c2c12,c2c12_090325_exp1_F0016_Data
f5cd00a179665f51350e2b07d23be9c5c4eda737da74cef16fe1aa7ad6134e48,0.5,36.7975,1.3703375496570207,4,c2c12,c2c12_090325_exp1_F0016_Data
f5f87502458cf1dacbc070044b606f792aee39a89e24a7825bdca265d5724cbe,0.25,35.417500000000004,6.6753994886698225,4,c2c12,c2c12_090325_exp1_F0011_Data
f5f87502458cf1dacbc070044b606f792aee39a89e24a7825bdca265d5724cbe,0.5,43.754999999999995,3.07104216838519,4,c2c12,c2c12_090325_exp1_F0011_Data
f6069959811164eeac912218140f1fc45aa8677c85e6b70980f96a2fa5b5e1c1,0.25,4.44,3.165343583246533,4,c2c12,c2c12_090318_exp1_F0007_Data
f6069959811164eeac912218140f1fc45aa8677c85e6b70980f96a2fa5b5e1c1,0.5,7.8625,0.4668600789672782,4,c2c12,c2c12_090318_exp1_F0007_Data
f6ac06d051d9ca2c1db823ca852ac9ea3d1bd4eaa41654d992d1969a5e71ec11,0.25,3.21,1.9528099412555915,4,c2c12,c2c12_090318_exp1_F0016_Data
f6ac06d051d9ca2c1db823ca852ac9ea3d1bd4eaa41654d992d1969a5e71ec11,0.5,4.890000000000001,0.7819207120929847,4,c2c12,c2c12_090318_exp1_F0016_Data
f6cbd99163b7d04dfbba54b40fe3b6866c39320118e01a514b7ad143c03745df,0.25,3.13,1.0375291160573117,4,c2c12,c2c12_090303_exp1_F0016_Data
f6cbd99163b7d04dfbba54b40fe3b6866c39320118e01a514b7ad143c03745df,0.5,5.4075,2.324096598680872,4,c2c12,c2c12_090303_exp1_F0016_Data
f6d6e6df65ab756fada67855cb90d8c40e16279370afa2a4a84f5452e70aacf1,0.25,2.6625,3.524035328994305,4,c2c12,c2c12_090325_exp1_F0018_Data
f6d6e6df65ab756fada67855cb90d8c40e16279370afa2a4a84f5452e70aacf1,0.5,3.0125,0.8942920850221883,4,c2c12,c2c12_090325_exp1_F0018_Data
f6de1d3621f8040c1d16cefcafafdf8c57e1f69161e88cb07e1ba485b2ebb203,0.25,40.412499999999994,5.449962538097546,4,c2c12,c2c12_090325_exp1_F0001_Data
f6de1d3621f8040c1d16cefcafafdf8c57e1f69161e88cb07e1ba485b2ebb203,0.5,43.815,4.253018535895025,4,c2c12,c2c12_090325_exp1_F0001_Data
f7243b7d1417c85c563e4c1bbce93394604e562636ff6c158c66355606277a6f,0.25,28.9225,14.016778933359358,4,c2c12,c2c12_090318_exp1_F0001_Data
f7243b7d1417c85c563e4c1bbce93394604e562636ff6c158c66355606277a6f,0.5,25.86,5.13937090832461,4,c2c12,c2c12_090318_exp1_F0001_Data
f74b7b02fe48fbe2c8d4d752a75840eb5f599efb426376b4a50ed9c03144d83e,0.25,2.8825000000000003,2.5135947034741566,4,c2c12,c2c12_090303_exp1_F0016_Data
f74b7b02fe48fbe2c8d4d752a75840eb5f599efb426376b4a50ed9c03144d83e,0.5,2.3475,0.5492039693957064,4,c2c12,c2c12_090303_exp1_F0016_Data
f75a7beb3a6ab32333c2dfe7825dbaf030c260396276bb432842a55f033325a6,0.25,7.9475,3.964075133832187,4,c2c12,c2c12_090325_exp1_F0016_Data
f75a7beb3a6ab32333c2dfe7825dbaf030c260396276bb432842a55f033325a6,0.5,4.71,0.7088488320274406,4,c2c12,c2c12_090325_exp1_F0016_Data
f7a24682edeba5f7d6d693c9defa2adcb8048dd64f87ea764b4c807af6c8080e,0.25,4.4975000000000005,2.9871432841428947,4,c2c12,c2c12_090325_exp1_F0016_Data
f7a24682edeba5f7d6d693c9defa2adcb8048dd64f87ea764b4c807af6c8080e,0.5,6.6425,0.7746558375605688,4,c2c12,c2c12_090325_exp1_F0016_Data
f7d8280824f27222d22ccd2c4dc4c6374ee5d8e5581116ef7e0e03de25eb00f8,0.25,7.3625,4.2802131956247225,4,c2c12,c2c12_090318_exp1_F0016_Data
f7d8280824f27222d22ccd2c4dc4c6374ee5d8e5581116ef7e0e03de25eb00f8,0.5,8.489999999999998,2.2409968020206246,4,c2c12,c2c12_090318_exp1_F0016_Data
f81dd7c8684ae8d349c9c389470b53cd10022b9308cc5da3f3638423fceafcdc,0.25,32.8475,11.722432554721737,4,c2c12,c2c12_090303_exp1_F0012_Data
f81dd7c8684ae8d349c9c389470b53cd10022b9308cc5da3f3638423fceafcdc,0.5,37.4125,3.9476438120310053,4,c2c12,c2c12_090303_exp1_F0012_Data
f842ed3be2a9b0e3d198ebc86537bf78efae5b7bb34636cd36768f217b222579,0.25,33.792500000000004,16.675441773258463,4,c2c12,c2c12_090303_exp1_F0012_Data
f842ed3be2a9b0e3d198ebc86537bf78efae5b7bb34636cd36768f217b222579,0.5,34.14,8.412534299088078,4,c2c12,c2c12_090303_exp1_F0012_Data
f87204c989bcc6c6eaafe379e7949d11fc469ffae2822969180fae7f74a9d9a2,0.25,37.2,8.623734689796526,4,c2c12,c2c12_090303_exp1_F0003_Data
f87204c989bcc6c6eaafe379e7949d11fc469ffae2822969180fae7f74a9d9a2,0.5,25.585,8.229906844349253,4,c2c12,c2c12_090303_exp1_F0003_Data
f87f75523deb4c7ad820cc983a5ab296c808a6ab85f9b1f98a6c63904761cb9f,0.25,21.72,11.526337955598326,4,c2c12,c2c12_090325_exp1_F0011_Data
f87f75523deb4c7ad820cc983a5ab296c808a6ab85f9b1f98a6c63904761cb9f,0.5,22.572499999999998,1.4535330520264527,4,c2c12,c2c12_090325_exp1_F0011_Data
f8a7a7049f0c47e7ec0ed046faf421f3d76abdc997c655ff8fad955079abc0c2,0.25,24.95,7.854888074738346,4,c2c12,c2c12_090318_exp1_F0003_Data
f8a7a7049f0c47e7ec0ed046faf421f3d76abdc997c655ff8fad955079abc0c2,0.5,31.0075,2.508125129786525,4,c2c12,c2c12_090318_exp1_F0003_Data
f8b75338e55b8371ba3e71ac129266b5c2b1df14365df02f485c406ffbe3b070,0.25,10.9125,4.344248112926639,4,c2c12,c2c12_090303_exp1_F0012_Data
f8b75338e55b8371ba3e71ac129266b5c2b1df14365df02f485c406ffbe3b070,0.5,10.425,0.925004504493536,4,c2c12,c2c12_090303_exp1_F0012_Data
f8bda47d1a8707d832cac4b5a51d9f94e48e89bc8d50af6a6cb2a0bd3e026a48,0.25,33.3275,10.419818856390929,4,c2c12,c2c12_090325_exp1_F0011_Data
f8bda47d1a8707d832cac4b5a51d9f94e48e89bc8d50af6a6cb2a0bd3e026a48,0.5,43.1525,6.144083197136357,4,c2c12,c2c12_090325_exp1_F0011_Data
f8c4654d2b33abf1cc9ea88145dbf7c92a37fcc37fb3fb9083b27ea9515e50f4,0.25,0.2125,0.425,4,c2c12,c2c12_090318_exp1_F0016_Data
f8c4654d2b33abf1cc9ea88145dbf7c92a37fcc37fb3fb9083b27ea9515e50f4,0.5,6.0875,4.042799154051559,4,c2c12,c2c12_090318_exp1_F0016_Data
f8d7b9b4519614571fca7eb75768a3fa13a460e627e13882c649d8a0b5a64691,0.25,12.14,2.8940974413450564,4,c2c12,c2c12_090303_exp1_F0010_Data
f8d7b9b4519614571fca7eb75768a3fa13a460e627e13882c649d8a0b5a64691,0.5,9.4775,0.5022864388639874,4,c2c12,c2c12_090303_exp1_F0010_Data
f901c38a764cdd4dac18d0de66d7ae093e2be6d9fadaf667f91cdbca148b9fc1,0.25,6.8125,3.209946780451871,4,c2c12,c2c12_090325_exp1_F0005_Data
f901c38a764cdd4dac18d0de66d7ae093e2be6d9fadaf667f91cdbca148b9fc1,0.5,9.32,3.5464254303923175,4,c2c12,c2c12_090325_exp1_F0005_Data
f9168661daf959b143e73f8ed5a14965668fee41c718b387e184666e7c68047c,0.25,46.3525,4.874945298838402,4,c2c12,c2c12_090325_exp1_F0013_Data
f9168661daf959b143e73f8ed5a14965668fee41c718b387e184666e7c68047c,0.5,42.43,2.2208556909443704,4,c2c12,c2c12_090325_exp1_F0013_Data
f9537d1d1d7b02fadbf29131ee264ab9222b8fb583aecd7d627f4d04212ea039,0.25,13.9875,4.65862909019381,4,c2c12,c2c12_090303_exp1_F0005_Data
f9537d1d1d7b02fadbf29131ee264ab9222b8fb583aecd7d627f4d04212ea039,0.5,12.4725,1.5235566940550653,4,c2c12,c2c12_090303_exp1_F0005_Data
f99b5a65e3bee5cd535aed83b4bb5fb479c3cc2e0c653517eb728a144215cd30,0.25,28.28,11.930367415409581,4,c2c12,c2c12_090318_exp1_F0007_Data
f99b5a65e3bee5cd535aed83b4bb5fb479c3cc2e0c653517eb728a144215cd30,0.5,26.84,4.582335648989498,4,c2c12,c2c12_090318_exp1_F0007_Data
f99f6a32a7dfa3cb872bb9a9a234b871077181c6635e444c693b152deb2acf65,0.25,2.5075,2.9998152720903777,4,c2c12,c2c12_090303_exp1_F0016_Data
f99f6a32a7dfa3cb872bb9a9a234b871077181c6635e444c693b152deb2acf65,0.5,3.5825,1.2495165731860731,4,c2c12,c2c12_090303_exp1_F0016_Data
f9bc3a95cbf7102e9edd826f89f9872a9399ca1268b96ac866d9d901a473d9ae,0.25,24.265,6.810758645946376,4,c2c12,c2c12_090303_exp1_F0010_Data
f9bc3a95cbf7102e9edd826f89f9872a9399ca1268b96ac866d9d901a473d9ae,0.5,26.675,1.9823470937250116,4,c2c12,c2c12_090303_exp1_F0010_Data
f9d88c47ff9ac8ac2d38a58322c1b5c7cef4ce41d8bcd4321a058efb0a06afd7,0.25,54.114999999999995,6.781428069858639,4,c2c12,c2c12_090325_exp1_F0001_Data
f9d88c47ff9ac8ac2d38a58322c1b5c7cef4ce41d8bcd4321a058efb0a06afd7,0.5,53.4775,1.5891166309200413,4,c2c12,c2c12_090325_exp1_F0001_Data
f9f5a47259aa60dbf039aafd4a5f2c7d996a9a5a3a8bcd06be982c56d6fdc0f7,0.25,28.665,11.056896791897204,4,c2c12,c2c12_090303_exp1_F0012_Data
f9f5a47259aa60dbf039aafd4a5f2c7d996a9a5a3a8bcd06be982c56d6fdc0f7,0.5,39.9375,2.513846654034411,4,c2c12,c2c12_090303_exp1_F0012_Data
fa1675fedbc2a2fb457675909108325dddd668ad75717af93f244ca8be4ae0d8,0.25,32.6175,6.7366726455523525,4,c2c12,c2c12_090303_exp1_F0010_Data
fa1675fedbc2a2fb457675909108325dddd668ad75717af93f244ca8be4ae0d8,0.5,31.6325,2.111277259543773,4,c2c12,c2c12_090303_exp1_F0010_Data
fa2f3e4a1d1e1b226acf926491cab2276e3d83c32a86595b36c3eaf40c67f4f1,0.25,7.432499999999999,2.4709023318078223,4,c2c12,c2c12_090303_exp1_F0001_Data
fa2f3e4a1d1e1b226acf926491cab2276e3d83c32a86595b36c3eaf40c67f4f1,0.5,3.6825,1.430882594764504,4,c2c12,c2c12_090303_exp1_F0001_Data
fa3270b46b6d43d84fa9846f915e9d556af3555a0644ee499aa90905f8fa4671,0.25,12.719999999999999,4.1223617826031065,4,c2c12,c2c12_090318_exp1_F0018_Data
fa3270b46b6d43d84fa9846f915e9d556af3555a0644ee499aa90905f8fa4671,0.5,13.8025,3.9998364549899614,4,c2c12,c2c12_090318_exp1_F0018_Data
fa3a0ea652ded3eed277ca679c060854f5e494d7c24a2718c7416652957de128,0.25,4.6825,2.049689000799877,4,c2c12,c2c12_090303_exp1_F0007_Data
fa3a0ea652ded3eed277ca679c060854f5e494d7c24a2718c7416652957de128,0.5,9.515,1.2903358735874415,4,c2c12,c2c12_090303_exp1_F0007_Data
fa65cabfcefa25724880e9d04221e99a45bc295059ede7a39f7cb7421c682726,0.25,7.5125,7.102972969116523,4,c2c12,c2c12_090303_exp1_F0005_Data
fa65cabfcefa25724880e9d04221e99a45bc295059ede7a39f7cb7421c682726,0.5,11.6475,1.1220925392616532,4,c2c12,c2c12_090303_exp1_F0005_Data
fad6dc44bb4e8541e9ce22b6cf28a0e45fd47eea6aa0df0976387daa55b74541,0.25,4.39,4.008615721168593,4,c2c12,c2c12_090303_exp1_F0012_Data
fad6dc44bb4e8541e9ce22b6cf28a0e45fd47eea6aa0df0976387daa55b74541,0.5,5.24,1.1361631338265943,4,c2c12,c2c12_090303_exp1_F0012_Data
fade2862e00497302908e12c5acbab1bcebfd8d650d4a9d3bb624513acd35e38,0.25,3.4975,1.5971719798861155,4,c2c12,c2c12_090303_exp1_F0012_Data
fade2862e00497302908e12c5acbab1bcebfd8d650d4a9d3bb624513acd35e38,0.5,3.9325,1.5716525273312376,4,c2c12,c2c12_090303_exp1_F0012_Data
fae1af911cc33b07b0021d3177a46ea2ba3d85eb77ff7ff4d8bb37a8c5b62294,0.25,12.33,9.81648273738274,4,c2c12,c2c12_090318_exp1_F0013_Data
fae1af911cc33b07b0021d3177a46ea2ba3d85eb77ff7ff4d8bb37a8c5b62294,0.5,18.0675,6.956164532269202,4,c2c12,c2c12_090318_exp1_F0013_Data
fb02d2c75d868bcebcc6e4c8d5d0480ad85dd4ee61e32cafc4a19be282dd18dd,0.25,17.76,5.243478489196525,4,c2c12,c2c12_090318_exp1_F0005_Data
fb02d2c75d868bcebcc6e4c8d5d0480ad85dd4ee61e32cafc4a19be282dd18dd,0.5,20.2575,4.681384232610408,4,c2c12,c2c12_090318_exp1_F0005_Data
fb1dab1a0e9a5cf65f35ad5456ffb63e9aa2c9b6f97e3abe03f73f164282b12b,0.25,17.455,7.577411607314643,4,c2c12,c2c12_090325_exp1_F0011_Data
fb1dab1a0e9a5cf65f35ad5456ffb63e9aa2c9b6f97e3abe03f73f164282b12b,0.5,22.3875,3.173130683305266,4,c2c12,c2c12_090325_exp1_F0011_Data
fb3fc96f5a5939516c6baa7d63b6d89f7a08fe078c5231259b7b24d4faa950a1,0.25,13.215,4.339927034716905,4,c2c12,c2c12_090318_exp1_F0005_Data
fb3fc96f5a5939516c6baa7d63b6d89f7a08fe078c5231259b7b24d4faa950a1,0.5,7.9350000000000005,2.2327337503607545,4,c2c12,c2c12_090318_exp1_F0005_Data
fb7356446e2d0a0c28e80d9d271bf541267379bef9cd9e86776037a817b1a005,0.25,7.2475000000000005,3.861013467989978,4,c2c12,c2c12_090318_exp1_F0005_Data
fb7356446e2d0a0c28e80d9d271bf541267379bef9cd9e86776037a817b1a005,0.5,6.735,2.111184501648304,4,c2c12,c2c12_090318_exp1_F0005_Data
fb9af00fdf980dee8fdfa848a21ed4836b8147abf7c327d9a9d3cdb877d8fbd7,0.25,3.8274999999999997,2.855011675399361,4,c2c12,c2c12_090325_exp1_F0018_Data
fb9af00fdf980dee8fdfa848a21ed4836b8147abf7c327d9a9d3cdb877d8fbd7,0.5,7.105,4.009160344344769,4,c2c12,c2c12_090325_exp1_F0018_Data
fbd34ebffb0dce29e62a768b15f933be55731c509d681089a5e4f56077eea411,0.25,30.5925,15.250364749736315,4,c2c12,c2c12_090325_exp1_F0007_Data
fbd34ebffb0dce29e62a768b15f933be55731c509d681089a5e4f56077eea411,0.5,31.612499999999997,5.583030091267644,4,c2c12,c2c12_090325_exp1_F0007_Data
fc5066c10456aa7f287d0c225fcc0e6de1401c035dc566ae64b69ef4fef2d3a6,0.25,18.857499999999998,5.967765494722458,4,c2c12,c2c12_090318_exp1_F0003_Data
fc5066c10456aa7f287d0c225fcc0e6de1401c035dc566ae64b69ef4fef2d3a6,0.5,14.8575,1.4917411527026623,4,c2c12,c2c12_090318_exp1_F0003_Data
fc58545b9b0ef5c7eabc33336a1b127596965ea6a99e12d16801b12fe178f4e1,0.25,15.004999999999999,12.03104456534566,4,c2c12,c2c12_090325_exp1_F0016_Data
fc58545b9b0ef5c7eabc33336a1b127596965ea6a99e12d16801b12fe178f4e1,0.5,16.7175,2.4978440703935068,4,c2c12,c2c12_090325_exp1_F0016_Data
fc6cf7637e31b21dafd3c932531f8cc9fc566a0dc92dfe340b89854164c0827e,0.25,7.295,5.994177730653861,4,c2c12,c2c12_090303_exp1_F0016_Data
fc6cf7637e31b21dafd3c932531f8cc9fc566a0dc92dfe340b89854164c0827e,0.5,7.8725,2.4880162780817967,4,c2c12,c2c12_090303_exp1_F0016_Data
fc8ef7a1a5267d34b51f18c7d13f202614186f2cfbd9dd0efc47f42a2da0abe7,0.25,36.04,17.65401748422532,4,c2c12,c2c12_090325_exp1_F0013_Data
fc8ef7a1a5267d34b51f18c7d13f202614186f2cfbd9dd0efc47f42a2da0abe7,0.5,40.79,4.810412317740201,4,c2c12,c2c12_090325_exp1_F0013_Data
fc9fe86a8a4b40c0c952abfbaf9624b4336a34b4165475fe5b1c56a6dac40161,0.25,7.3875,5.87409212843426,4,c2c12,c2c12_090318_exp1_F0005_Data
fc9fe86a8a4b40c0c952abfbaf9624b4336a34b4165475fe5b1c56a6dac40161,0.5,4.1625,1.1875570161750835,4,c2c12,c2c12_090318_exp1_F0005_Data
fcccf2f36e71ffc723c5073277527b0e27950521e23a65562d1ada57e07b6d78,0.25,4.765,3.3907963666371943,4,c2c12,c2c12_090318_exp1_F0016_Data
fcccf2f36e71ffc723c5073277527b0e27950521e23a65562d1ada57e07b6d78,0.5,5.4675,0.7636043914663315,4,c2c12,c2c12_090318_exp1_F0016_Data
fd0e98855ee3fafeeb47d331654ddc1fcfa9af51cf4b23bbb4762e7bb8bcbd07,0.25,5.215,2.6808269868332295,4,c2c12,c2c12_090303_exp1_F0012_Data
fd0e98855ee3fafeeb47d331654ddc1fcfa9af51cf4b23bbb4762e7bb8bcbd07,0.5,11.254999999999999,4.742590712539579,4,c2c12,c2c12_090303_exp1_F0012_Data
fd280a6a070945a37b944546a8697132f3aec041d759712162ff356713094f0b,0.25,52.5975,9.087443259795354,4,c2c12,c2c12_090318_exp1_F0011_Data
fd280a6a070945a37b944546a8697132f3aec041d759712162ff356713094f0b,0.5,51.405,4.628250209312367,4,c2c12,c2c12_090318_exp1_F0011_Data
fd6ac384d0c2dc879981ba0d24841432e8e28e414dc1590728ad5f1cd939a1a5,0.25,2.5125,1.8934338294925088,4,c2c12,c2c12_090318_exp1_F0005_Data
fd6ac384d0c2dc879981ba0d24841432e8e28e414dc1590728ad5f1cd939a1a5,0.5,4.297499999999999,1.551244124350946,4,c2c12,c2c12_090318_exp1_F0005_Data
fd7372fa38a13272e0f97d3cbeb9a940b3a36324be5e54336452a56e24c2771c,0.25,23.520000000000003,12.554850324343443,4,c2c12,c2c12_090318_exp1_F0011_Data
fd7372fa38a13272e0f97d3cbeb9a940b3a36324be5e54336452a56e24c2771c,0.5,26.2,10.12379704788014,4,c2c12,c2c12_090318_exp1_F0011_Data
fd754c32117005f7301a7213e21664413e2284297dbf098dc2d45722bce06af5,0.25,19.0625,6.356122376627646,4,c2c12,c2c12_090318_exp1_F0013_Data
fd754c32117005f7301a7213e21664413e2284297dbf098dc2d45722bce06af5,0.5,22.41,8.919958893776736,4,c2c12,c2c12_090318_exp1_F0013_Data
fd7a944f7d53bb33c54cf41fd06f69f49b7446f4e8db30b95c086fd64eab2482,0.25,20.8275,6.317285150020274,4,c2c12,c2c12_090318_exp1_F0013_Data
fd7a944f7d53bb33c54cf41fd06f69f49b7446f4e8db30b95c086fd64eab2482,0.5,23.762500000000003,10.734667748312786,4,c2c12,c2c12_090318_exp1_F0013_Data
fd95836012b1005588f5236936c2c409ea481380f024ee90955c7a14c824a3cc,0.25,28.4475,9.63824456700147,4,c2c12,c2c12_090318_exp1_F0011_Data
fd95836012b1005588f5236936c2c409ea481380f024ee90955c7a14c824a3cc,0.5,34.6,9.127887670941906,4,c2c12,c2c12_090318_exp1_F0011_Data
fdafab7ec1d4dcb8e96d85654750d44075213aa5def2d880b71608eb5f3d6f17,0.25,49.2125,9.573200004874723,4,c2c12,c2c12_090318_exp1_F0013_Data
fdafab7ec1d4dcb8e96d85654750d44075213aa5def2d880b71608eb5f3d6f17,0.5,51.915,3.7950186648640707,4,c2c12,c2c12_090318_exp1_F0013_Data
fdbbf70aa4216bbc7cf8c827a91df276d15eab0371675306863a95b8b11c475a,0.25,55.69,17.680772984610524,4,c2c12,c2c12_090318_exp1_F0013_Data
fdbbf70aa4216bbc7cf8c827a91df276d15eab0371675306863a95b8b11c475a,0.5,40.945,10.963690072233895,4,c2c12,c2c12_090318_exp1_F0013_Data
fdda349af13c97864b8b2b2d08221d857d41b57db957d19e944744ceb37a667c,0.25,12.8,4.106783007010069,4,c2c12,c2c12_090303_exp1_F0001_Data
fdda349af13c97864b8b2b2d08221d857d41b57db957d19e944744ceb37a667c,0.5,17.96,1.959710863027162,4,c2c12,c2c12_090303_exp1_F0001_Data
fdecb411d2c6602281134f67ee061ecf9f3001b9f5142f686e8cc0c016f870e7,0.25,12.3475,12.56128277685046,4,c2c12,c2c12_090325_exp1_F0011_Data
fdecb411d2c6602281134f67ee061ecf9f3001b9f5142f686e8cc0c016f870e7,0.5,17.5025,4.0200114013105335,4,c2c12,c2c12_090325_exp1_F0011_Data
fdfb5bd6a535d4c8dd8c860b357ad550bd8b33fd91a7e591b9b0a630da1028d3,0.25,52.435,13.73551479438127,4,c2c12,c2c12_090318_exp1_F0011_Data
fdfb5bd6a535d4c8dd8c860b357ad550bd8b33fd91a7e591b9b0a630da1028d3,0.5,48.5475,4.09783987811465,4,c2c12,c2c12_090318_exp1_F0011_Data
fe4d977805c2f2ca61ec2048d3cbc700c059848e3ea6316c3d551ba9f34f5e8a,0.25,34.635,7.330277393568862,4,c2c12,c2c12_090303_exp1_F0003_Data
fe4d977805c2f2ca61ec2048d3cbc700c059848e3ea6316c3d551ba9f34f5e8a,0.5,33.3625,2.6939855852126104,4,c2c12,c2c12_090303_exp1_F0003_Data
fe610c7fc33558b6e22bbe4781cd9bfc9ad89b1f5cbf8430bc868a202b410ade,0.25,8.285,4.568052101279056,4,c2c12,c2c12_090318_exp1_F0016_Data
fe610c7fc33558b6e22bbe4781cd9bfc9ad89b1f5cbf8430bc868a202b410ade,0.5,12.342500000000001,2.7619362169801582,4,c2c12,c2c12_090318_exp1_F0016_Data
fe83388c96f42257896177322d3f33fe1dc76f661e3ddfa2293775ea928b56b0,0.25,7.0875,5.989348183789841,4,c2c12,c2c12_090325_exp1_F0011_Data
fe83388c96f42257896177322d3f33fe1dc76f661e3ddfa2293775ea928b56b0,0.5,9.205,3.6127967006185107,4,c2c12,c2c12_090325_exp1_F0011_Data
fec6a761e72199cf70fda792d540874e01c3171b0c3dc4016a924f82238758c3,0.25,5.615,1.343937002491808,4,c2c12,c2c12_090303_exp1_F0010_Data
fec6a761e72199cf70fda792d540874e01c3171b0c3dc4016a924f82238758c3,0.5,4.635,0.6488194407280553,4,c2c12,c2c12_090303_exp1_F0010_Data
fee4a287bd050bd0edc076cce143eaaec14b212d1ee51567ed53750f429972b0,0.25,42.167500000000004,9.845971680506368,4,c2c12,c2c12_090325_exp1_F0003_Data
fee4a287bd050bd0edc076cce143eaaec14b212d1ee51567ed53750f429972b0,0.5,41.5325,2.5808832467458336,4,c2c12,c2c12_090325_exp1_F0003_Data
ff227c8b248153c7bc10fd60ab7d4da5594136a129ad985b1ec9c1318f7b42df,0.25,27.89,9.824075868328109,4,c2c12,c2c12_090325_exp1_F0005_Data
ff227c8b248153c7bc10fd60ab7d4da5594136a129ad985b1ec9c1318f7b42df,0.5,29.4525,4.401805500776549,4,c2c12,c2c12_090325_exp1_F0005_Data
ff36d3b91bd55db2efe6d98841f12b3244ea25ca36faad3e758879a58331997e,0.25,32.8375,8.281172924169619,4,c2c12,c2c12_090303_exp1_F0012_Data
ff36d3b91bd55db2efe6d98841f12b3244ea25ca36faad3e758879a58331997e,0.5,34.27,6.439456498804849,4,c2c12,c2c12_090303_exp1_F0012_Data
ff37cab462972f16f03a1afb58da941ca30c4c7db8cacfd7f1d58a215edf8cb8,0.25,19.982499999999998,14.025116458221182,4,c2c12,c2c12_090303_exp1_F0012_Data
ff37cab462972f16f03a1afb58da941ca30c4c7db8cacfd7f1d58a215edf8cb8,0.5,18.2925,8.45295756919829,4,c2c12,c2c12_090303_exp1_F0012_Data
ff677cf4712200a6540550df0923e8fe6dfcac7bace5c5c0e031a501390b8dca,0.25,23.189999999999998,7.134073170356468,4,c2c12,c2c12_090325_exp1_F0001_Data
ff677cf4712200a6540550df0923e8fe6dfcac7bace5c5c0e031a501390b8dca,0.5,28.06,2.349992907790717,4,c2c12,c2c12_090325_exp1_F0001_Data
ff7293fc66e273e8a11d1375f4d50f1db8d0366de4a1aa52ea2b66d722028da6,0.25,31.87,9.78514520416875,4,c2c12,c2c12_090303_exp1_F0010_Data
ff7293fc66e273e8a11d1375f4d50f1db8d0366de4a1aa52ea2b66d722028da6,0.5,30.6875,1.9202321908213786,4,c2c12,c2c12_090303_exp1_F0010_Data
ff7efe8cdba1a57d220632cd458dced413de5da3900ef4cc5fc12a478ded71dd,0.25,18.27,4.094606208171917,4,c2c12,c2c12_090303_exp1_F0003_Data
ff7efe8cdba1a57d220632cd458dced413de5da3900ef4cc5fc12a478ded71dd,0.5,12.9925,1.675059700428614,4,c2c12,c2c12_090303_exp1_F0003_Data
ff82682475a862d9c550fd19127cd96b25c8acc53b9eceefb3fb46018abb719f,0.25,19.4575,14.580252341209096,4,c2c12,c2c12_090325_exp1_F0003_Data
ff82682475a862d9c550fd19127cd96b25c8acc53b9eceefb3fb46018abb719f,0.5,15.3725,2.9419537159286975,4,c2c12,c2c12_090325_exp1_F0003_Data
ff8ad1043feb82189af6fdd5cc9ab1a20d847e178182bdad170816323ee76269,0.25,9.3925,8.990021783436715,4,c2c12,c2c12_090325_exp1_F0005_Data
ff8ad1043feb82189af6fdd5cc9ab1a20d847e178182bdad170816323ee76269,0.5,8.8725,2.591799567867854,4,c2c12,c2c12_090325_exp1_F0005_Data
ffb31f722b738839aecfac0a9d94334888e14ae1bea96aa38d3253c3e7377a37,0.25,4.6975,4.200788616438585,4,c2c12,c2c12_090325_exp1_F0005_Data
ffb31f722b738839aecfac0a9d94334888e14ae1bea96aa38d3253c3e7377a37,0.5,7.8125,2.1946506935425205,4,c2c12,c2c12_090325_exp1_F0005_Data
ffb7996dcfdbdcb393cb17d730255ace230cf282bd60ba399cf4fb2e22989782,0.25,19.4675,10.45093735827876,4,c2c12,c2c12_090325_exp1_F0007_Data
ffb7996dcfdbdcb393cb17d730255ace230cf282bd60ba399cf4fb2e22989782,0.5,23.96,7.302132108729159,4,c2c12,c2c12_090325_exp1_F0007_Data
ffcf4a2d19d4aded78c5c581e9b7d83cff10abd7a4747fd4e79724521bfffab9,0.25,7.75,3.420448313696125,4,c2c12,c2c12_090318_exp1_F0007_Data
ffcf4a2d19d4aded78c5c581e9b7d83cff10abd7a4747fd4e79724521bfffab9,0.5,7.825,1.3438873960765212,4,c2c12,c2c12_090318_exp1_F0007_Data
ffde58a62fa6c22385c7cefca6acf1b51adc6e8584be4262d5139fc9cdfcdbd1,0.25,9.592500000000001,8.095378825807558,4,c2c12,c2c12_090303_exp1_F0012_Data
ffde58a62fa6c22385c7cefca6acf1b51adc6e8584be4262d5139fc9cdfcdbd1,0.5,9.7675,0.625106657565997,4,c2c12,c2c12_090303_exp1_F0012_Data
fff82326a6a3ea2705e8a4bff83f970dc4bb5e9e8a7a221e9e9f314527724c80,0.25,12.129999999999999,0.48339080118126654,4,c2c12,c2c12_090303_exp1_F0014_Data
fff82326a6a3ea2705e8a4bff83f970dc4bb5e9e8a7a221e9e9f314527724c80,0.5,12.594999999999999,1.2819906395914134,4,c2c12,c2c12_090303_exp1_F0014_Data
